Training epoch log file
Time: 2026-06-13 11:56:21
Log file absolute path: /home/sonic/workspace/Hi-MGN/outputs/ex1/train2.log
model   MeshGraphNets
mode    train  # Train / Inference
gpu_ids 1    # BATCH6 depth-decouple: L2 5000/100 seedmean (mode at maximal 50x jump)
log_file_dir    ex1/train2.log
modelpath   ./outputs/ex1/model2.pth
%   Datasets
dataset_dir ./dataset/ex1.h5
infer_dataset   ./dataset/hex_dataset.h5
infer_timesteps 1
%   Common params
input_var   4   # number of input variables: x_disp, y_disp, z_disp, stress (excluding node types)
output_var  4   # number of output variables: x_disp, y_disp, z_disp, stress (excluding node types)
feature_loss_weights  0, 0, 0, 1.0  # Per-feature loss weights for [x_disp, y_disp, z_disp, stress]
edge_var    8   # deformed dx/dy/dz/dist + reference dx/dy/dz/dist
positional_features  4   # Rotation-invariant node features: [centroid_dist, mean_edge_len, + encoding]
'
%   Network parameters (BATCH6: depth-decoupling + MP-shape + mode coverage; only the 4 swept keys vary)
message_passing_num 15
Training_epochs	2000
Batch_size	1
LearningR	0.0001
Latent_dim	128	# MeshGraphNets latent dimension
num_workers 2
std_noise   0.1   # fixed at batch-2 train13 value
weight_decay    0.0001   # AdamW decoupled weight decay (decimal form only)
residual_scale  1
augment_geometry True   # Random Z-rotation + reflection augmentation (training only)
grad_accum_steps    1
'
% Memory Optimization
use_checkpointing   False
'
% Performance Optimization
use_amp             True    # Mixed precision training with bfloat16
use_ema             True    # EMA shadow model for validation/inference
ema_decay           0.99
test_interval       100      # Run test/visualization every N epochs
val_interval        5        # Run val eval every N epochs
'
% Node Type Parameters
use_node_types  True    # Add one-hot encoded node types to node features
'
% World Edge Parameters
use_world_edges         False
'
% Test set control
test_batch_idx  0, 1, 2, 3, 4, 5, 6, 7, 8, 9, 10, 11, 12, 13, 14, 15, 16, 33, 34
plot_feature_idx    -1  # Feature index to visualize in plots (-1 = last feature, i.e., stress)
'
% Multi-Scale / Hierarchical Parameters (SWEPT)
use_multiscale      True
coarsening_type     voronoi_seedmean
voronoi_clusters    5000, 100
multiscale_levels   2
mp_per_level        4, 6, 8, 6, 4
bipartite_unpool    True    # LOCKED: learned bipartite MP unpool (always)
Elapsed: 187.41s Epoch 0 TrainOpt 2.2142e+00 Valid 2.5561e+00 LR: 3.4000e-05
Elapsed: 404.46s Epoch 1 TrainOpt 2.4792e-01 Valid skipped LR: 6.7000e-05
Elapsed: 466.97s Epoch 2 TrainOpt 1.5153e-01 Valid skipped LR: 1.0000e-04
Elapsed: 523.79s Epoch 3 TrainOpt 2.2605e-01 Valid skipped LR: 1.0000e-04
Elapsed: 545.21s Epoch 4 TrainOpt 1.1856e-01 Valid skipped LR: 1.0000e-04
Elapsed: 582.15s Epoch 5 TrainOpt 7.2675e-02 Valid 4.3594e-02 LR: 9.9999e-05
Elapsed: 602.14s Epoch 6 TrainOpt 9.3825e-02 Valid skipped LR: 9.9999e-05
Elapsed: 621.41s Epoch 7 TrainOpt 6.5078e-02 Valid skipped LR: 9.9998e-05
Elapsed: 638.54s Epoch 8 TrainOpt 7.6319e-02 Valid skipped LR: 9.9998e-05
Elapsed: 655.64s Epoch 9 TrainOpt 8.3278e-02 Valid skipped LR: 9.9997e-05
Elapsed: 678.15s Epoch 10 TrainOpt 7.2037e-02 Valid 4.0502e-02 LR: 9.9996e-05
Elapsed: 695.22s Epoch 11 TrainOpt 7.2575e-02 Valid skipped LR: 9.9995e-05
Elapsed: 712.71s Epoch 12 TrainOpt 6.6777e-02 Valid skipped LR: 9.9994e-05
Elapsed: 729.80s Epoch 13 TrainOpt 6.2143e-02 Valid skipped LR: 9.9993e-05
Elapsed: 746.91s Epoch 14 TrainOpt 6.0450e-02 Valid skipped LR: 9.9991e-05
Elapsed: 767.55s Epoch 15 TrainOpt 6.2771e-02 Valid 3.5447e-02 LR: 9.9990e-05
Elapsed: 785.06s Epoch 16 TrainOpt 6.7420e-02 Valid skipped LR: 9.9988e-05
Elapsed: 802.55s Epoch 17 TrainOpt 5.3595e-02 Valid skipped LR: 9.9986e-05
Elapsed: 819.76s Epoch 18 TrainOpt 6.5636e-02 Valid skipped LR: 9.9984e-05
Elapsed: 837.44s Epoch 19 TrainOpt 5.9498e-02 Valid skipped LR: 9.9982e-05
Elapsed: 857.97s Epoch 20 TrainOpt 7.1285e-02 Valid 3.4595e-02 LR: 9.9980e-05
Elapsed: 875.04s Epoch 21 TrainOpt 4.9065e-02 Valid skipped LR: 9.9978e-05
Elapsed: 892.54s Epoch 22 TrainOpt 4.8422e-02 Valid skipped LR: 9.9975e-05
Elapsed: 909.88s Epoch 23 TrainOpt 3.6870e-02 Valid skipped LR: 9.9973e-05
Elapsed: 926.91s Epoch 24 TrainOpt 3.2007e-02 Valid skipped LR: 9.9970e-05
Elapsed: 944.97s Epoch 25 TrainOpt 3.8025e-02 Valid 2.0688e-02 LR: 9.9967e-05
Elapsed: 962.40s Epoch 26 TrainOpt 2.9880e-02 Valid skipped LR: 9.9964e-05
Elapsed: 979.43s Epoch 27 TrainOpt 3.2331e-02 Valid skipped LR: 9.9961e-05
Elapsed: 996.55s Epoch 28 TrainOpt 4.5361e-02 Valid skipped LR: 9.9958e-05
Elapsed: 1013.74s Epoch 29 TrainOpt 3.3426e-02 Valid skipped LR: 9.9955e-05
Elapsed: 1032.54s Epoch 30 TrainOpt 2.7362e-02 Valid 1.8939e-02 LR: 9.9952e-05
Elapsed: 1049.91s Epoch 31 TrainOpt 3.5132e-02 Valid skipped LR: 9.9948e-05
Elapsed: 1066.82s Epoch 32 TrainOpt 2.8592e-02 Valid skipped LR: 9.9944e-05
Elapsed: 1084.18s Epoch 33 TrainOpt 3.0317e-02 Valid skipped LR: 9.9941e-05
Elapsed: 1101.44s Epoch 34 TrainOpt 3.4009e-02 Valid skipped LR: 9.9937e-05
Elapsed: 1120.22s Epoch 35 TrainOpt 3.2562e-02 Valid 1.4588e-02 LR: 9.9933e-05
Elapsed: 1137.08s Epoch 36 TrainOpt 2.4659e-02 Valid skipped LR: 9.9929e-05
Elapsed: 1155.26s Epoch 37 TrainOpt 2.2700e-02 Valid skipped LR: 9.9924e-05
Elapsed: 1172.37s Epoch 38 TrainOpt 2.4684e-02 Valid skipped LR: 9.9920e-05
Elapsed: 1190.09s Epoch 39 TrainOpt 1.8227e-02 Valid skipped LR: 9.9915e-05
Elapsed: 1208.75s Epoch 40 TrainOpt 1.9313e-02 Valid 9.8249e-03 LR: 9.9911e-05
Elapsed: 1226.73s Epoch 41 TrainOpt 1.6450e-02 Valid skipped LR: 9.9906e-05
Elapsed: 1244.48s Epoch 42 TrainOpt 2.0457e-02 Valid skipped LR: 9.9901e-05
Elapsed: 1262.84s Epoch 43 TrainOpt 2.1237e-02 Valid skipped LR: 9.9896e-05
Elapsed: 1281.41s Epoch 44 TrainOpt 1.7337e-02 Valid skipped LR: 9.9891e-05
Elapsed: 1300.52s Epoch 45 TrainOpt 1.7632e-02 Valid 8.2088e-03 LR: 9.9886e-05
Elapsed: 1318.62s Epoch 46 TrainOpt 1.5914e-02 Valid skipped LR: 9.9880e-05
Elapsed: 1336.50s Epoch 47 TrainOpt 1.8114e-02 Valid skipped LR: 9.9875e-05
Elapsed: 1354.99s Epoch 48 TrainOpt 1.6793e-02 Valid skipped LR: 9.9869e-05
Elapsed: 1373.19s Epoch 49 TrainOpt 1.6503e-02 Valid skipped LR: 9.9863e-05
Elapsed: 1392.14s Epoch 50 TrainOpt 1.4600e-02 Valid 8.8381e-03 LR: 9.9858e-05
Elapsed: 1410.12s Epoch 51 TrainOpt 1.4208e-02 Valid skipped LR: 9.9852e-05
Elapsed: 1428.27s Epoch 52 TrainOpt 1.6960e-02 Valid skipped LR: 9.9845e-05
Elapsed: 1446.84s Epoch 53 TrainOpt 1.7530e-02 Valid skipped LR: 9.9839e-05
Elapsed: 1464.86s Epoch 54 TrainOpt 1.4128e-02 Valid skipped LR: 9.9833e-05
Elapsed: 1483.93s Epoch 55 TrainOpt 1.4812e-02 Valid 8.2360e-03 LR: 9.9826e-05
Elapsed: 1501.96s Epoch 56 TrainOpt 1.7345e-02 Valid skipped LR: 9.9820e-05
Elapsed: 1519.68s Epoch 57 TrainOpt 1.2984e-02 Valid skipped LR: 9.9813e-05
Elapsed: 1537.93s Epoch 58 TrainOpt 1.3544e-02 Valid skipped LR: 9.9806e-05
Elapsed: 1555.96s Epoch 59 TrainOpt 1.7271e-02 Valid skipped LR: 9.9799e-05
Elapsed: 1575.17s Epoch 60 TrainOpt 1.7240e-02 Valid 7.1174e-03 LR: 9.9792e-05
Elapsed: 1593.59s Epoch 61 TrainOpt 1.4747e-02 Valid skipped LR: 9.9785e-05
Elapsed: 1611.44s Epoch 62 TrainOpt 1.3073e-02 Valid skipped LR: 9.9777e-05
Elapsed: 1629.20s Epoch 63 TrainOpt 1.3896e-02 Valid skipped LR: 9.9770e-05
Elapsed: 1647.13s Epoch 64 TrainOpt 1.1926e-02 Valid skipped LR: 9.9762e-05
Elapsed: 1666.66s Epoch 65 TrainOpt 1.3108e-02 Valid 6.7065e-03 LR: 9.9755e-05
Elapsed: 1685.03s Epoch 66 TrainOpt 1.3923e-02 Valid skipped LR: 9.9747e-05
Elapsed: 1703.67s Epoch 67 TrainOpt 1.0930e-02 Valid skipped LR: 9.9739e-05
Elapsed: 1722.06s Epoch 68 TrainOpt 1.2869e-02 Valid skipped LR: 9.9731e-05
Elapsed: 1740.92s Epoch 69 TrainOpt 1.3442e-02 Valid skipped LR: 9.9723e-05
Elapsed: 1759.91s Epoch 70 TrainOpt 1.3693e-02 Valid 6.4322e-03 LR: 9.9714e-05
Elapsed: 1778.44s Epoch 71 TrainOpt 1.3653e-02 Valid skipped LR: 9.9706e-05
Elapsed: 1797.17s Epoch 72 TrainOpt 9.4703e-03 Valid skipped LR: 9.9697e-05
Elapsed: 1815.69s Epoch 73 TrainOpt 1.1879e-02 Valid skipped LR: 9.9688e-05
Elapsed: 1833.82s Epoch 74 TrainOpt 1.2287e-02 Valid skipped LR: 9.9680e-05
Elapsed: 1852.99s Epoch 75 TrainOpt 1.3138e-02 Valid 6.0687e-03 LR: 9.9671e-05
Elapsed: 1871.55s Epoch 76 TrainOpt 1.1974e-02 Valid skipped LR: 9.9662e-05
Elapsed: 1890.05s Epoch 77 TrainOpt 1.1545e-02 Valid skipped LR: 9.9652e-05
Elapsed: 1908.51s Epoch 78 TrainOpt 1.2423e-02 Valid skipped LR: 9.9643e-05
Elapsed: 1926.72s Epoch 79 TrainOpt 1.1163e-02 Valid skipped LR: 9.9634e-05
Elapsed: 1946.29s Epoch 80 TrainOpt 8.7267e-03 Valid 5.9241e-03 LR: 9.9624e-05
Elapsed: 1964.60s Epoch 81 TrainOpt 8.9578e-03 Valid skipped LR: 9.9614e-05
Elapsed: 1982.73s Epoch 82 TrainOpt 1.1407e-02 Valid skipped LR: 9.9605e-05
Elapsed: 2001.11s Epoch 83 TrainOpt 9.1386e-03 Valid skipped LR: 9.9595e-05
Elapsed: 2019.81s Epoch 84 TrainOpt 1.0741e-02 Valid skipped LR: 9.9585e-05
Elapsed: 2038.95s Epoch 85 TrainOpt 9.0715e-03 Valid 5.6541e-03 LR: 9.9574e-05
Elapsed: 2057.64s Epoch 86 TrainOpt 7.3519e-03 Valid skipped LR: 9.9564e-05
Elapsed: 2076.15s Epoch 87 TrainOpt 9.7459e-03 Valid skipped LR: 9.9554e-05
Elapsed: 2093.97s Epoch 88 TrainOpt 1.0121e-02 Valid skipped LR: 9.9543e-05
Elapsed: 2112.44s Epoch 89 TrainOpt 1.1889e-02 Valid skipped LR: 9.9532e-05
Elapsed: 2131.67s Epoch 90 TrainOpt 7.2417e-03 Valid 5.5344e-03 LR: 9.9522e-05
Elapsed: 2150.52s Epoch 91 TrainOpt 9.4872e-03 Valid skipped LR: 9.9511e-05
Elapsed: 2168.70s Epoch 92 TrainOpt 9.4781e-03 Valid skipped LR: 9.9500e-05
Elapsed: 2187.04s Epoch 93 TrainOpt 7.5824e-03 Valid skipped LR: 9.9489e-05
Elapsed: 2204.93s Epoch 94 TrainOpt 8.1813e-03 Valid skipped LR: 9.9477e-05
Elapsed: 2224.33s Epoch 95 TrainOpt 8.6456e-03 Valid 5.1867e-03 LR: 9.9466e-05
Elapsed: 2242.77s Epoch 96 TrainOpt 9.2903e-03 Valid skipped LR: 9.9454e-05
Elapsed: 2261.05s Epoch 97 TrainOpt 7.1300e-03 Valid skipped LR: 9.9443e-05
Elapsed: 2279.05s Epoch 98 TrainOpt 9.1750e-03 Valid skipped LR: 9.9431e-05
Elapsed: 2297.38s Epoch 99 TrainOpt 7.2502e-03 Valid skipped LR: 9.9419e-05
Elapsed: 2316.50s Epoch 100 TrainOpt 7.0120e-03 Valid 4.7982e-03 LR: 9.9407e-05
Elapsed: 2375.42s Epoch 101 TrainOpt 5.8439e-03 Valid skipped LR: 9.9395e-05
Elapsed: 2394.19s Epoch 102 TrainOpt 6.4866e-03 Valid skipped LR: 9.9383e-05
Elapsed: 2412.27s Epoch 103 TrainOpt 9.1433e-03 Valid skipped LR: 9.9370e-05
Elapsed: 2430.20s Epoch 104 TrainOpt 6.8804e-03 Valid skipped LR: 9.9358e-05
Elapsed: 2449.60s Epoch 105 TrainOpt 5.9031e-03 Valid 5.0619e-03 LR: 9.9345e-05
Elapsed: 2468.31s Epoch 106 TrainOpt 6.9659e-03 Valid skipped LR: 9.9332e-05
Elapsed: 2486.58s Epoch 107 TrainOpt 8.0953e-03 Valid skipped LR: 9.9319e-05
Elapsed: 2505.00s Epoch 108 TrainOpt 6.1457e-03 Valid skipped LR: 9.9307e-05
Elapsed: 2523.22s Epoch 109 TrainOpt 8.0786e-03 Valid skipped LR: 9.9293e-05
Elapsed: 2542.02s Epoch 110 TrainOpt 5.9580e-03 Valid 4.8150e-03 LR: 9.9280e-05
Elapsed: 2560.32s Epoch 111 TrainOpt 5.6448e-03 Valid skipped LR: 9.9267e-05
Elapsed: 2578.29s Epoch 112 TrainOpt 9.2706e-03 Valid skipped LR: 9.9253e-05
Elapsed: 2596.02s Epoch 113 TrainOpt 1.1157e-02 Valid skipped LR: 9.9240e-05
Elapsed: 2613.96s Epoch 114 TrainOpt 7.9703e-03 Valid skipped LR: 9.9226e-05
Elapsed: 2632.76s Epoch 115 TrainOpt 7.7333e-03 Valid 5.0314e-03 LR: 9.9212e-05
Elapsed: 2650.88s Epoch 116 TrainOpt 7.2162e-03 Valid skipped LR: 9.9198e-05
Elapsed: 2668.83s Epoch 117 TrainOpt 5.2182e-03 Valid skipped LR: 9.9184e-05
Elapsed: 2686.87s Epoch 118 TrainOpt 5.0038e-03 Valid skipped LR: 9.9170e-05
Elapsed: 2704.94s Epoch 119 TrainOpt 4.8235e-03 Valid skipped LR: 9.9156e-05
Elapsed: 2724.01s Epoch 120 TrainOpt 6.1694e-03 Valid 4.1600e-03 LR: 9.9141e-05
Elapsed: 2741.90s Epoch 121 TrainOpt 5.1205e-03 Valid skipped LR: 9.9126e-05
Elapsed: 2760.03s Epoch 122 TrainOpt 5.7087e-03 Valid skipped LR: 9.9112e-05
Elapsed: 2777.67s Epoch 123 TrainOpt 5.6514e-03 Valid skipped LR: 9.9097e-05
Elapsed: 2795.84s Epoch 124 TrainOpt 5.6903e-03 Valid skipped LR: 9.9082e-05
Elapsed: 2814.96s Epoch 125 TrainOpt 7.2662e-03 Valid 4.4538e-03 LR: 9.9067e-05
Elapsed: 2833.17s Epoch 126 TrainOpt 7.5052e-03 Valid skipped LR: 9.9052e-05
Elapsed: 2851.93s Epoch 127 TrainOpt 4.4851e-03 Valid skipped LR: 9.9036e-05
Elapsed: 2870.64s Epoch 128 TrainOpt 5.7611e-03 Valid skipped LR: 9.9021e-05
Elapsed: 2889.08s Epoch 129 TrainOpt 5.9703e-03 Valid skipped LR: 9.9006e-05
Elapsed: 2908.28s Epoch 130 TrainOpt 5.0921e-03 Valid 4.0967e-03 LR: 9.8990e-05
Elapsed: 2926.79s Epoch 131 TrainOpt 4.4761e-03 Valid skipped LR: 9.8974e-05
Elapsed: 2945.31s Epoch 132 TrainOpt 4.1642e-03 Valid skipped LR: 9.8958e-05
Elapsed: 2963.80s Epoch 133 TrainOpt 4.9112e-03 Valid skipped LR: 9.8942e-05
Elapsed: 2981.88s Epoch 134 TrainOpt 4.4062e-03 Valid skipped LR: 9.8926e-05
Elapsed: 3000.68s Epoch 135 TrainOpt 4.1916e-03 Valid 3.9234e-03 LR: 9.8910e-05
Elapsed: 3018.58s Epoch 136 TrainOpt 4.8352e-03 Valid skipped LR: 9.8893e-05
Elapsed: 3036.51s Epoch 137 TrainOpt 4.2230e-03 Valid skipped LR: 9.8877e-05
Elapsed: 3054.69s Epoch 138 TrainOpt 4.3734e-03 Valid skipped LR: 9.8860e-05
Elapsed: 3072.81s Epoch 139 TrainOpt 4.2309e-03 Valid skipped LR: 9.8843e-05
Elapsed: 3091.97s Epoch 140 TrainOpt 4.4072e-03 Valid 3.9052e-03 LR: 9.8826e-05
Elapsed: 3109.87s Epoch 141 TrainOpt 4.6716e-03 Valid skipped LR: 9.8809e-05
Elapsed: 3127.95s Epoch 142 TrainOpt 3.7870e-03 Valid skipped LR: 9.8792e-05
Elapsed: 3145.95s Epoch 143 TrainOpt 3.3821e-03 Valid skipped LR: 9.8775e-05
Elapsed: 3163.48s Epoch 144 TrainOpt 3.5868e-03 Valid skipped LR: 9.8758e-05
Elapsed: 3181.90s Epoch 145 TrainOpt 3.3043e-03 Valid 3.9658e-03 LR: 9.8740e-05
Elapsed: 3200.08s Epoch 146 TrainOpt 3.7195e-03 Valid skipped LR: 9.8723e-05
Elapsed: 3218.76s Epoch 147 TrainOpt 4.3858e-03 Valid skipped LR: 9.8705e-05
Elapsed: 3237.50s Epoch 148 TrainOpt 6.9517e-03 Valid skipped LR: 9.8687e-05
Elapsed: 3255.26s Epoch 149 TrainOpt 5.3731e-03 Valid skipped LR: 9.8669e-05
Elapsed: 3274.06s Epoch 150 TrainOpt 4.2945e-03 Valid 3.8042e-03 LR: 9.8651e-05
Elapsed: 3291.93s Epoch 151 TrainOpt 3.4363e-03 Valid skipped LR: 9.8633e-05
Elapsed: 3309.80s Epoch 152 TrainOpt 4.2656e-03 Valid skipped LR: 9.8615e-05
Elapsed: 3328.54s Epoch 153 TrainOpt 3.4359e-03 Valid skipped LR: 9.8596e-05
Elapsed: 3346.63s Epoch 154 TrainOpt 3.6888e-03 Valid skipped LR: 9.8577e-05
Elapsed: 3365.85s Epoch 155 TrainOpt 3.3852e-03 Valid 3.8872e-03 LR: 9.8559e-05
Elapsed: 3383.75s Epoch 156 TrainOpt 4.9156e-03 Valid skipped LR: 9.8540e-05
Elapsed: 3402.03s Epoch 157 TrainOpt 3.0693e-03 Valid skipped LR: 9.8521e-05
Elapsed: 3420.37s Epoch 158 TrainOpt 2.8913e-03 Valid skipped LR: 9.8502e-05
Elapsed: 3438.29s Epoch 159 TrainOpt 3.0536e-03 Valid skipped LR: 9.8483e-05
Elapsed: 3457.54s Epoch 160 TrainOpt 4.2573e-03 Valid 4.0412e-03 LR: 9.8464e-05
Elapsed: 3475.98s Epoch 161 TrainOpt 4.5628e-03 Valid skipped LR: 9.8444e-05
Elapsed: 3494.10s Epoch 162 TrainOpt 3.5970e-03 Valid skipped LR: 9.8425e-05
Elapsed: 3511.66s Epoch 163 TrainOpt 2.8740e-03 Valid skipped LR: 9.8405e-05
Elapsed: 3529.68s Epoch 164 TrainOpt 3.2796e-03 Valid skipped LR: 9.8385e-05
Elapsed: 3549.09s Epoch 165 TrainOpt 2.9677e-03 Valid 3.9909e-03 LR: 9.8365e-05
Elapsed: 3567.36s Epoch 166 TrainOpt 4.0277e-03 Valid skipped LR: 9.8345e-05
Elapsed: 3585.15s Epoch 167 TrainOpt 4.5823e-03 Valid skipped LR: 9.8325e-05
Elapsed: 3603.34s Epoch 168 TrainOpt 4.0293e-03 Valid skipped LR: 9.8305e-05
Elapsed: 3621.28s Epoch 169 TrainOpt 5.3721e-03 Valid skipped LR: 9.8285e-05
Elapsed: 3640.72s Epoch 170 TrainOpt 2.9187e-03 Valid 3.9430e-03 LR: 9.8264e-05
Elapsed: 3658.77s Epoch 171 TrainOpt 4.9083e-03 Valid skipped LR: 9.8243e-05
Elapsed: 3676.71s Epoch 172 TrainOpt 3.4186e-03 Valid skipped LR: 9.8223e-05
Elapsed: 3694.77s Epoch 173 TrainOpt 3.5669e-03 Valid skipped LR: 9.8202e-05
Elapsed: 3712.37s Epoch 174 TrainOpt 2.4992e-03 Valid skipped LR: 9.8181e-05
Elapsed: 3731.33s Epoch 175 TrainOpt 2.2628e-03 Valid 3.6023e-03 LR: 9.8160e-05
Elapsed: 3749.93s Epoch 176 TrainOpt 2.2896e-03 Valid skipped LR: 9.8139e-05
Elapsed: 3768.73s Epoch 177 TrainOpt 2.7403e-03 Valid skipped LR: 9.8117e-05
Elapsed: 3786.56s Epoch 178 TrainOpt 2.6558e-03 Valid skipped LR: 9.8096e-05
Elapsed: 3804.64s Epoch 179 TrainOpt 2.9775e-03 Valid skipped LR: 9.8074e-05
Elapsed: 3823.93s Epoch 180 TrainOpt 2.3440e-03 Valid 3.5856e-03 LR: 9.8053e-05
Elapsed: 3842.03s Epoch 181 TrainOpt 2.0960e-03 Valid skipped LR: 9.8031e-05
Elapsed: 3860.31s Epoch 182 TrainOpt 3.8163e-03 Valid skipped LR: 9.8009e-05
Elapsed: 3878.18s Epoch 183 TrainOpt 3.1236e-03 Valid skipped LR: 9.7987e-05
Elapsed: 3896.13s Epoch 184 TrainOpt 2.6214e-03 Valid skipped LR: 9.7965e-05
Elapsed: 3916.11s Epoch 185 TrainOpt 3.3119e-03 Valid 3.8104e-03 LR: 9.7942e-05
Elapsed: 3934.52s Epoch 186 TrainOpt 2.3674e-03 Valid skipped LR: 9.7920e-05
Elapsed: 3952.75s Epoch 187 TrainOpt 3.1655e-03 Valid skipped LR: 9.7898e-05
Elapsed: 3970.60s Epoch 188 TrainOpt 3.2896e-03 Valid skipped LR: 9.7875e-05
Elapsed: 3988.73s Epoch 189 TrainOpt 2.8694e-03 Valid skipped LR: 9.7852e-05
Elapsed: 4007.89s Epoch 190 TrainOpt 2.2451e-03 Valid 3.5479e-03 LR: 9.7829e-05
Elapsed: 4026.01s Epoch 191 TrainOpt 2.5151e-03 Valid skipped LR: 9.7806e-05
Elapsed: 4043.97s Epoch 192 TrainOpt 2.4414e-03 Valid skipped LR: 9.7783e-05
Elapsed: 4062.26s Epoch 193 TrainOpt 2.0291e-03 Valid skipped LR: 9.7760e-05
Elapsed: 4079.84s Epoch 194 TrainOpt 2.1956e-03 Valid skipped LR: 9.7737e-05
Elapsed: 4098.42s Epoch 195 TrainOpt 2.5073e-03 Valid 3.4667e-03 LR: 9.7713e-05
Elapsed: 4116.43s Epoch 196 TrainOpt 2.4743e-03 Valid skipped LR: 9.7690e-05
Elapsed: 4134.32s Epoch 197 TrainOpt 2.1581e-03 Valid skipped LR: 9.7666e-05
Elapsed: 4152.35s Epoch 198 TrainOpt 1.9358e-03 Valid skipped LR: 9.7642e-05
Elapsed: 4170.02s Epoch 199 TrainOpt 2.9968e-03 Valid skipped LR: 9.7618e-05
Elapsed: 4188.92s Epoch 200 TrainOpt 2.2288e-03 Valid 3.2296e-03 LR: 9.7594e-05
Elapsed: 4246.81s Epoch 201 TrainOpt 2.5990e-03 Valid skipped LR: 9.7570e-05
Elapsed: 4264.80s Epoch 202 TrainOpt 4.4659e-03 Valid skipped LR: 9.7546e-05
Elapsed: 4282.64s Epoch 203 TrainOpt 3.6221e-03 Valid skipped LR: 9.7521e-05
Elapsed: 4300.73s Epoch 204 TrainOpt 2.7565e-03 Valid skipped LR: 9.7497e-05
Elapsed: 4319.68s Epoch 205 TrainOpt 1.7750e-03 Valid 3.5027e-03 LR: 9.7472e-05
Elapsed: 4337.39s Epoch 206 TrainOpt 2.4484e-03 Valid skipped LR: 9.7447e-05
Elapsed: 4356.03s Epoch 207 TrainOpt 2.1955e-03 Valid skipped LR: 9.7423e-05
Elapsed: 4373.94s Epoch 208 TrainOpt 1.9828e-03 Valid skipped LR: 9.7398e-05
Elapsed: 4392.42s Epoch 209 TrainOpt 1.6825e-03 Valid skipped LR: 9.7373e-05
Elapsed: 4411.65s Epoch 210 TrainOpt 2.4154e-03 Valid 3.6966e-03 LR: 9.7347e-05
Elapsed: 4430.07s Epoch 211 TrainOpt 2.1842e-03 Valid skipped LR: 9.7322e-05
Elapsed: 4447.91s Epoch 212 TrainOpt 1.6316e-03 Valid skipped LR: 9.7297e-05
Elapsed: 4466.27s Epoch 213 TrainOpt 1.3632e-03 Valid skipped LR: 9.7271e-05
Elapsed: 4484.23s Epoch 214 TrainOpt 1.6473e-03 Valid skipped LR: 9.7245e-05
Elapsed: 4503.00s Epoch 215 TrainOpt 1.5683e-03 Valid 3.5435e-03 LR: 9.7219e-05
Elapsed: 4520.74s Epoch 216 TrainOpt 2.2480e-03 Valid skipped LR: 9.7194e-05
Elapsed: 4538.86s Epoch 217 TrainOpt 2.5178e-03 Valid skipped LR: 9.7167e-05
Elapsed: 4557.21s Epoch 218 TrainOpt 3.8164e-03 Valid skipped LR: 9.7141e-05
Elapsed: 4575.44s Epoch 219 TrainOpt 2.6013e-03 Valid skipped LR: 9.7115e-05
Elapsed: 4594.75s Epoch 220 TrainOpt 1.4749e-03 Valid 3.1755e-03 LR: 9.7089e-05
Elapsed: 4613.08s Epoch 221 TrainOpt 2.1789e-03 Valid skipped LR: 9.7062e-05
Elapsed: 4630.99s Epoch 222 TrainOpt 1.6074e-03 Valid skipped LR: 9.7036e-05
Elapsed: 4648.86s Epoch 223 TrainOpt 2.0473e-03 Valid skipped LR: 9.7009e-05
Elapsed: 4666.99s Epoch 224 TrainOpt 1.4698e-03 Valid skipped LR: 9.6982e-05
Elapsed: 4686.51s Epoch 225 TrainOpt 1.3117e-03 Valid 3.2712e-03 LR: 9.6955e-05
Elapsed: 4704.47s Epoch 226 TrainOpt 2.3948e-03 Valid skipped LR: 9.6928e-05
Elapsed: 4722.68s Epoch 227 TrainOpt 3.0613e-03 Valid skipped LR: 9.6901e-05
Elapsed: 4740.22s Epoch 228 TrainOpt 2.6904e-03 Valid skipped LR: 9.6873e-05
Elapsed: 4758.06s Epoch 229 TrainOpt 2.1527e-03 Valid skipped LR: 9.6846e-05
Elapsed: 4776.59s Epoch 230 TrainOpt 1.5310e-03 Valid 3.1105e-03 LR: 9.6818e-05
Elapsed: 4794.26s Epoch 231 TrainOpt 2.2073e-03 Valid skipped LR: 9.6791e-05
Elapsed: 4811.91s Epoch 232 TrainOpt 1.5874e-03 Valid skipped LR: 9.6763e-05
Elapsed: 4830.14s Epoch 233 TrainOpt 1.5156e-03 Valid skipped LR: 9.6735e-05
Elapsed: 4848.28s Epoch 234 TrainOpt 1.4384e-03 Valid skipped LR: 9.6707e-05
Elapsed: 4867.03s Epoch 235 TrainOpt 2.1640e-03 Valid 3.3776e-03 LR: 9.6679e-05
Elapsed: 4885.41s Epoch 236 TrainOpt 1.7245e-03 Valid skipped LR: 9.6651e-05
Elapsed: 4903.35s Epoch 237 TrainOpt 1.4868e-03 Valid skipped LR: 9.6622e-05
Elapsed: 4921.86s Epoch 238 TrainOpt 1.0747e-03 Valid skipped LR: 9.6594e-05
Elapsed: 4940.41s Epoch 239 TrainOpt 1.3267e-03 Valid skipped LR: 9.6565e-05
Elapsed: 4959.91s Epoch 240 TrainOpt 1.2065e-03 Valid 3.0899e-03 LR: 9.6537e-05
Elapsed: 4978.14s Epoch 241 TrainOpt 1.0679e-03 Valid skipped LR: 9.6508e-05
Elapsed: 4996.60s Epoch 242 TrainOpt 1.7333e-03 Valid skipped LR: 9.6479e-05
Elapsed: 5015.09s Epoch 243 TrainOpt 1.7130e-03 Valid skipped LR: 9.6450e-05
Elapsed: 5033.39s Epoch 244 TrainOpt 2.0026e-03 Valid skipped LR: 9.6421e-05
Elapsed: 5052.61s Epoch 245 TrainOpt 1.9567e-03 Valid 3.2448e-03 LR: 9.6391e-05
Elapsed: 5071.39s Epoch 246 TrainOpt 1.9885e-03 Valid skipped LR: 9.6362e-05
Elapsed: 5089.67s Epoch 247 TrainOpt 1.3266e-03 Valid skipped LR: 9.6332e-05
Elapsed: 5107.84s Epoch 248 TrainOpt 2.5209e-03 Valid skipped LR: 9.6303e-05
Elapsed: 5126.03s Epoch 249 TrainOpt 4.0274e-03 Valid skipped LR: 9.6273e-05
Elapsed: 5145.00s Epoch 250 TrainOpt 3.1968e-03 Valid 3.3976e-03 LR: 9.6243e-05
Elapsed: 5163.00s Epoch 251 TrainOpt 2.3954e-03 Valid skipped LR: 9.6213e-05
Elapsed: 5180.69s Epoch 252 TrainOpt 1.5405e-03 Valid skipped LR: 9.6183e-05
Elapsed: 5197.99s Epoch 253 TrainOpt 9.7907e-04 Valid skipped LR: 9.6153e-05
Elapsed: 5215.19s Epoch 254 TrainOpt 9.5308e-04 Valid skipped LR: 9.6123e-05
Elapsed: 5234.45s Epoch 255 TrainOpt 8.4221e-04 Valid 3.2628e-03 LR: 9.6092e-05
Elapsed: 5253.05s Epoch 256 TrainOpt 8.2677e-04 Valid skipped LR: 9.6062e-05
Elapsed: 5270.77s Epoch 257 TrainOpt 1.0463e-03 Valid skipped LR: 9.6031e-05
Elapsed: 5288.33s Epoch 258 TrainOpt 1.4775e-03 Valid skipped LR: 9.6000e-05
Elapsed: 5306.44s Epoch 259 TrainOpt 1.0906e-03 Valid skipped LR: 9.5969e-05
Elapsed: 5325.40s Epoch 260 TrainOpt 1.3103e-03 Valid 3.3867e-03 LR: 9.5938e-05
Elapsed: 5343.06s Epoch 261 TrainOpt 2.0185e-03 Valid skipped LR: 9.5907e-05
Elapsed: 5360.65s Epoch 262 TrainOpt 1.4475e-03 Valid skipped LR: 9.5876e-05
Elapsed: 5379.11s Epoch 263 TrainOpt 1.2168e-03 Valid skipped LR: 9.5845e-05
Elapsed: 5396.71s Epoch 264 TrainOpt 1.3769e-03 Valid skipped LR: 9.5813e-05
Elapsed: 5416.20s Epoch 265 TrainOpt 1.1165e-03 Valid 3.2732e-03 LR: 9.5782e-05
Elapsed: 5434.64s Epoch 266 TrainOpt 9.7670e-04 Valid skipped LR: 9.5750e-05
Elapsed: 5453.12s Epoch 267 TrainOpt 8.9226e-04 Valid skipped LR: 9.5718e-05
Elapsed: 5471.27s Epoch 268 TrainOpt 2.5384e-03 Valid skipped LR: 9.5686e-05
Elapsed: 5490.06s Epoch 269 TrainOpt 2.4455e-03 Valid skipped LR: 9.5654e-05
Elapsed: 5509.23s Epoch 270 TrainOpt 1.5592e-03 Valid 3.1728e-03 LR: 9.5622e-05
Elapsed: 5527.74s Epoch 271 TrainOpt 1.8259e-03 Valid skipped LR: 9.5590e-05
Elapsed: 5546.25s Epoch 272 TrainOpt 1.3851e-03 Valid skipped LR: 9.5557e-05
Elapsed: 5564.67s Epoch 273 TrainOpt 1.8324e-03 Valid skipped LR: 9.5525e-05
Elapsed: 5582.89s Epoch 274 TrainOpt 2.3560e-03 Valid skipped LR: 9.5492e-05
Elapsed: 5601.96s Epoch 275 TrainOpt 3.4507e-03 Valid 4.2078e-03 LR: 9.5460e-05
Elapsed: 5620.07s Epoch 276 TrainOpt 2.6734e-03 Valid skipped LR: 9.5427e-05
Elapsed: 5638.19s Epoch 277 TrainOpt 1.4907e-03 Valid skipped LR: 9.5394e-05
Elapsed: 5656.28s Epoch 278 TrainOpt 1.3132e-03 Valid skipped LR: 9.5361e-05
Elapsed: 5674.20s Epoch 279 TrainOpt 1.1237e-03 Valid skipped LR: 9.5328e-05
Elapsed: 5693.42s Epoch 280 TrainOpt 8.5874e-04 Valid 3.6773e-03 LR: 9.5295e-05
Elapsed: 5711.10s Epoch 281 TrainOpt 9.5911e-04 Valid skipped LR: 9.5261e-05
Elapsed: 5729.08s Epoch 282 TrainOpt 9.4641e-04 Valid skipped LR: 9.5228e-05
Elapsed: 5747.13s Epoch 283 TrainOpt 8.7056e-04 Valid skipped LR: 9.5194e-05
Elapsed: 5765.32s Epoch 284 TrainOpt 1.2729e-03 Valid skipped LR: 9.5160e-05
Elapsed: 5784.41s Epoch 285 TrainOpt 8.8432e-04 Valid 3.6005e-03 LR: 9.5127e-05
Elapsed: 5802.96s Epoch 286 TrainOpt 7.4735e-04 Valid skipped LR: 9.5093e-05
Elapsed: 5821.06s Epoch 287 TrainOpt 8.0658e-04 Valid skipped LR: 9.5059e-05
Elapsed: 5839.16s Epoch 288 TrainOpt 1.2256e-03 Valid skipped LR: 9.5025e-05
Elapsed: 5857.07s Epoch 289 TrainOpt 1.0920e-03 Valid skipped LR: 9.4990e-05
Elapsed: 5876.17s Epoch 290 TrainOpt 2.5620e-03 Valid 3.2855e-03 LR: 9.4956e-05
Elapsed: 5893.67s Epoch 291 TrainOpt 2.4269e-03 Valid skipped LR: 9.4921e-05
Elapsed: 5911.50s Epoch 292 TrainOpt 1.1018e-03 Valid skipped LR: 9.4887e-05
Elapsed: 5929.55s Epoch 293 TrainOpt 1.2075e-03 Valid skipped LR: 9.4852e-05
Elapsed: 5947.44s Epoch 294 TrainOpt 9.8749e-04 Valid skipped LR: 9.4817e-05
Elapsed: 5966.69s Epoch 295 TrainOpt 1.0971e-03 Valid 3.1932e-03 LR: 9.4782e-05
Elapsed: 5984.62s Epoch 296 TrainOpt 6.6571e-04 Valid skipped LR: 9.4747e-05
Elapsed: 6002.35s Epoch 297 TrainOpt 6.9323e-04 Valid skipped LR: 9.4712e-05
Elapsed: 6020.66s Epoch 298 TrainOpt 6.2131e-04 Valid skipped LR: 9.4677e-05
Elapsed: 6038.79s Epoch 299 TrainOpt 7.0457e-04 Valid skipped LR: 9.4642e-05
Elapsed: 6057.84s Epoch 300 TrainOpt 7.6712e-04 Valid 3.1303e-03 LR: 9.4606e-05
Elapsed: 6117.00s Epoch 301 TrainOpt 7.0868e-04 Valid skipped LR: 9.4570e-05
Elapsed: 6135.25s Epoch 302 TrainOpt 8.2407e-04 Valid skipped LR: 9.4535e-05
Elapsed: 6153.88s Epoch 303 TrainOpt 1.0101e-03 Valid skipped LR: 9.4499e-05
Elapsed: 6172.18s Epoch 304 TrainOpt 2.0149e-03 Valid skipped LR: 9.4463e-05
Elapsed: 6191.24s Epoch 305 TrainOpt 6.0667e-03 Valid 3.5771e-03 LR: 9.4427e-05
Elapsed: 6208.83s Epoch 306 TrainOpt 6.8102e-03 Valid skipped LR: 9.4391e-05
Elapsed: 6227.08s Epoch 307 TrainOpt 4.0018e-03 Valid skipped LR: 9.4355e-05
Elapsed: 6245.10s Epoch 308 TrainOpt 3.4997e-03 Valid skipped LR: 9.4318e-05
Elapsed: 6263.18s Epoch 309 TrainOpt 1.7259e-03 Valid skipped LR: 9.4282e-05
Elapsed: 6281.99s Epoch 310 TrainOpt 1.1473e-03 Valid 2.9913e-03 LR: 9.4245e-05
Elapsed: 6299.82s Epoch 311 TrainOpt 8.1749e-04 Valid skipped LR: 9.4209e-05
Elapsed: 6317.73s Epoch 312 TrainOpt 8.0938e-04 Valid skipped LR: 9.4172e-05
Elapsed: 6335.90s Epoch 313 TrainOpt 7.6977e-04 Valid skipped LR: 9.4135e-05
Elapsed: 6354.25s Epoch 314 TrainOpt 7.2626e-04 Valid skipped LR: 9.4098e-05
Elapsed: 6373.90s Epoch 315 TrainOpt 6.8292e-04 Valid 2.9330e-03 LR: 9.4061e-05
Elapsed: 6392.59s Epoch 316 TrainOpt 7.2246e-04 Valid skipped LR: 9.4023e-05
Elapsed: 6411.24s Epoch 317 TrainOpt 7.2056e-04 Valid skipped LR: 9.3986e-05
Elapsed: 6429.43s Epoch 318 TrainOpt 1.1470e-03 Valid skipped LR: 9.3949e-05
Elapsed: 6447.49s Epoch 319 TrainOpt 1.5920e-03 Valid skipped LR: 9.3911e-05
Elapsed: 6466.63s Epoch 320 TrainOpt 1.1383e-03 Valid 3.1435e-03 LR: 9.3873e-05
Elapsed: 6484.35s Epoch 321 TrainOpt 1.1537e-03 Valid skipped LR: 9.3836e-05
Elapsed: 6501.67s Epoch 322 TrainOpt 9.0946e-04 Valid skipped LR: 9.3798e-05
Elapsed: 6519.20s Epoch 323 TrainOpt 7.3470e-04 Valid skipped LR: 9.3760e-05
Elapsed: 6536.72s Epoch 324 TrainOpt 7.4299e-04 Valid skipped LR: 9.3722e-05
Elapsed: 6555.86s Epoch 325 TrainOpt 6.1048e-04 Valid 3.1488e-03 LR: 9.3683e-05
Elapsed: 6574.02s Epoch 326 TrainOpt 1.2568e-03 Valid skipped LR: 9.3645e-05
Elapsed: 6593.02s Epoch 327 TrainOpt 1.0127e-03 Valid skipped LR: 9.3607e-05
Elapsed: 6611.66s Epoch 328 TrainOpt 7.6813e-04 Valid skipped LR: 9.3568e-05
Elapsed: 6629.69s Epoch 329 TrainOpt 9.9166e-04 Valid skipped LR: 9.3530e-05
Elapsed: 6648.88s Epoch 330 TrainOpt 6.6443e-04 Valid 3.4360e-03 LR: 9.3491e-05
Elapsed: 6667.09s Epoch 331 TrainOpt 5.6372e-04 Valid skipped LR: 9.3452e-05
Elapsed: 6684.92s Epoch 332 TrainOpt 4.9316e-04 Valid skipped LR: 9.3413e-05
Elapsed: 6702.47s Epoch 333 TrainOpt 6.1554e-04 Valid skipped LR: 9.3374e-05
Elapsed: 6720.11s Epoch 334 TrainOpt 9.4113e-04 Valid skipped LR: 9.3335e-05
Elapsed: 6739.41s Epoch 335 TrainOpt 1.5850e-03 Valid 3.2406e-03 LR: 9.3295e-05
Elapsed: 6757.34s Epoch 336 TrainOpt 1.0113e-03 Valid skipped LR: 9.3256e-05
Elapsed: 6775.00s Epoch 337 TrainOpt 9.9325e-04 Valid skipped LR: 9.3216e-05
Elapsed: 6793.03s Epoch 338 TrainOpt 1.5651e-03 Valid skipped LR: 9.3177e-05
Elapsed: 6811.14s Epoch 339 TrainOpt 1.9804e-03 Valid skipped LR: 9.3137e-05
Elapsed: 6830.38s Epoch 340 TrainOpt 1.2383e-03 Valid 3.2080e-03 LR: 9.3097e-05
Elapsed: 6848.53s Epoch 341 TrainOpt 1.0131e-03 Valid skipped LR: 9.3057e-05
Elapsed: 6867.05s Epoch 342 TrainOpt 1.2621e-03 Valid skipped LR: 9.3017e-05
Elapsed: 6885.44s Epoch 343 TrainOpt 7.8062e-04 Valid skipped LR: 9.2977e-05
Elapsed: 6903.72s Epoch 344 TrainOpt 5.8285e-04 Valid skipped LR: 9.2937e-05
Elapsed: 6922.66s Epoch 345 TrainOpt 1.0363e-03 Valid 3.0453e-03 LR: 9.2897e-05
Elapsed: 6940.67s Epoch 346 TrainOpt 1.2067e-03 Valid skipped LR: 9.2856e-05
Elapsed: 6958.76s Epoch 347 TrainOpt 1.1780e-03 Valid skipped LR: 9.2816e-05
Elapsed: 6976.09s Epoch 348 TrainOpt 1.3704e-03 Valid skipped LR: 9.2775e-05
Elapsed: 6994.32s Epoch 349 TrainOpt 1.0257e-03 Valid skipped LR: 9.2734e-05
Elapsed: 7013.73s Epoch 350 TrainOpt 2.1376e-03 Valid 3.1565e-03 LR: 9.2693e-05
Elapsed: 7031.62s Epoch 351 TrainOpt 1.3618e-03 Valid skipped LR: 9.2652e-05
Elapsed: 7049.28s Epoch 352 TrainOpt 4.0461e-03 Valid skipped LR: 9.2611e-05
Elapsed: 7067.17s Epoch 353 TrainOpt 2.6283e-03 Valid skipped LR: 9.2570e-05
Elapsed: 7085.02s Epoch 354 TrainOpt 1.3260e-03 Valid skipped LR: 9.2529e-05
Elapsed: 7103.83s Epoch 355 TrainOpt 1.0881e-03 Valid 2.9569e-03 LR: 9.2487e-05
Elapsed: 7121.77s Epoch 356 TrainOpt 7.7746e-04 Valid skipped LR: 9.2446e-05
Elapsed: 7139.62s Epoch 357 TrainOpt 6.4351e-04 Valid skipped LR: 9.2404e-05
Elapsed: 7157.66s Epoch 358 TrainOpt 7.3700e-04 Valid skipped LR: 9.2362e-05
Elapsed: 7175.32s Epoch 359 TrainOpt 8.2817e-04 Valid skipped LR: 9.2321e-05
Elapsed: 7194.74s Epoch 360 TrainOpt 6.1557e-04 Valid 2.9889e-03 LR: 9.2279e-05
Elapsed: 7212.61s Epoch 361 TrainOpt 5.0523e-04 Valid skipped LR: 9.2237e-05
Elapsed: 7230.45s Epoch 362 TrainOpt 4.2736e-04 Valid skipped LR: 9.2194e-05
Elapsed: 7247.69s Epoch 363 TrainOpt 4.7713e-04 Valid skipped LR: 9.2152e-05
Elapsed: 7265.30s Epoch 364 TrainOpt 5.4072e-04 Valid skipped LR: 9.2110e-05
Elapsed: 7283.94s Epoch 365 TrainOpt 6.6089e-04 Valid 2.9835e-03 LR: 9.2067e-05
Elapsed: 7301.57s Epoch 366 TrainOpt 4.9001e-04 Valid skipped LR: 9.2025e-05
Elapsed: 7319.64s Epoch 367 TrainOpt 5.2026e-04 Valid skipped LR: 9.1982e-05
Elapsed: 7338.01s Epoch 368 TrainOpt 6.2185e-04 Valid skipped LR: 9.1939e-05
Elapsed: 7356.01s Epoch 369 TrainOpt 5.9549e-04 Valid skipped LR: 9.1896e-05
Elapsed: 7374.60s Epoch 370 TrainOpt 1.2292e-03 Valid 2.8688e-03 LR: 9.1853e-05
Elapsed: 7392.79s Epoch 371 TrainOpt 1.3667e-03 Valid skipped LR: 9.1810e-05
Elapsed: 7410.96s Epoch 372 TrainOpt 8.8753e-04 Valid skipped LR: 9.1767e-05
Elapsed: 7429.12s Epoch 373 TrainOpt 7.7303e-04 Valid skipped LR: 9.1724e-05
Elapsed: 7447.44s Epoch 374 TrainOpt 1.9363e-03 Valid skipped LR: 9.1681e-05
Elapsed: 7466.42s Epoch 375 TrainOpt 1.2554e-03 Valid 2.7204e-03 LR: 9.1637e-05
Elapsed: 7484.96s Epoch 376 TrainOpt 1.1814e-03 Valid skipped LR: 9.1593e-05
Elapsed: 7503.41s Epoch 377 TrainOpt 1.2775e-03 Valid skipped LR: 9.1550e-05
Elapsed: 7521.90s Epoch 378 TrainOpt 1.2246e-03 Valid skipped LR: 9.1506e-05
Elapsed: 7540.30s Epoch 379 TrainOpt 1.2726e-03 Valid skipped LR: 9.1462e-05
Elapsed: 7559.54s Epoch 380 TrainOpt 1.0240e-03 Valid 3.1499e-03 LR: 9.1418e-05
Elapsed: 7577.60s Epoch 381 TrainOpt 9.4967e-04 Valid skipped LR: 9.1374e-05
Elapsed: 7595.46s Epoch 382 TrainOpt 7.4163e-04 Valid skipped LR: 9.1330e-05
Elapsed: 7612.95s Epoch 383 TrainOpt 5.2032e-04 Valid skipped LR: 9.1285e-05
Elapsed: 7631.40s Epoch 384 TrainOpt 5.3964e-04 Valid skipped LR: 9.1241e-05
Elapsed: 7650.53s Epoch 385 TrainOpt 4.3396e-04 Valid 3.2042e-03 LR: 9.1196e-05
Elapsed: 7668.43s Epoch 386 TrainOpt 4.6702e-04 Valid skipped LR: 9.1152e-05
Elapsed: 7686.70s Epoch 387 TrainOpt 4.3933e-04 Valid skipped LR: 9.1107e-05
Elapsed: 7704.94s Epoch 388 TrainOpt 8.4512e-04 Valid skipped LR: 9.1062e-05
Elapsed: 7722.97s Epoch 389 TrainOpt 5.7602e-04 Valid skipped LR: 9.1017e-05
Elapsed: 7742.35s Epoch 390 TrainOpt 5.3232e-04 Valid 3.2156e-03 LR: 9.0972e-05
Elapsed: 7760.33s Epoch 391 TrainOpt 5.4275e-04 Valid skipped LR: 9.0927e-05
Elapsed: 7778.70s Epoch 392 TrainOpt 7.5597e-04 Valid skipped LR: 9.0882e-05
Elapsed: 7796.57s Epoch 393 TrainOpt 8.7339e-04 Valid skipped LR: 9.0837e-05
Elapsed: 7814.85s Epoch 394 TrainOpt 1.0214e-03 Valid skipped LR: 9.0791e-05
Elapsed: 7833.48s Epoch 395 TrainOpt 9.1318e-04 Valid 3.3103e-03 LR: 9.0746e-05
Elapsed: 7851.50s Epoch 396 TrainOpt 5.9002e-04 Valid skipped LR: 9.0700e-05
Elapsed: 7869.54s Epoch 397 TrainOpt 7.4039e-04 Valid skipped LR: 9.0654e-05
Elapsed: 7887.30s Epoch 398 TrainOpt 5.7012e-04 Valid skipped LR: 9.0608e-05
Elapsed: 7904.97s Epoch 399 TrainOpt 6.9898e-04 Valid skipped LR: 9.0562e-05
Elapsed: 7924.04s Epoch 400 TrainOpt 6.7804e-04 Valid 3.2076e-03 LR: 9.0516e-05
Elapsed: 7982.56s Epoch 401 TrainOpt 5.8212e-04 Valid skipped LR: 9.0470e-05
Elapsed: 8000.88s Epoch 402 TrainOpt 4.8759e-04 Valid skipped LR: 9.0424e-05
Elapsed: 8019.42s Epoch 403 TrainOpt 4.6944e-04 Valid skipped LR: 9.0378e-05
Elapsed: 8037.80s Epoch 404 TrainOpt 1.7914e-03 Valid skipped LR: 9.0331e-05
Elapsed: 8057.15s Epoch 405 TrainOpt 3.5186e-03 Valid 3.1880e-03 LR: 9.0285e-05
Elapsed: 8075.12s Epoch 406 TrainOpt 3.7338e-03 Valid skipped LR: 9.0238e-05
Elapsed: 8093.41s Epoch 407 TrainOpt 1.6432e-03 Valid skipped LR: 9.0191e-05
Elapsed: 8111.83s Epoch 408 TrainOpt 1.9141e-03 Valid skipped LR: 9.0145e-05
Elapsed: 8129.87s Epoch 409 TrainOpt 9.2300e-04 Valid skipped LR: 9.0098e-05
Elapsed: 8148.87s Epoch 410 TrainOpt 5.6732e-04 Valid 3.3790e-03 LR: 9.0051e-05
Elapsed: 8167.04s Epoch 411 TrainOpt 5.0938e-04 Valid skipped LR: 9.0003e-05
Elapsed: 8184.88s Epoch 412 TrainOpt 4.4103e-04 Valid skipped LR: 8.9956e-05
Elapsed: 8202.72s Epoch 413 TrainOpt 4.0631e-04 Valid skipped LR: 8.9909e-05
Elapsed: 8220.46s Epoch 414 TrainOpt 3.9912e-04 Valid skipped LR: 8.9861e-05
Elapsed: 8239.73s Epoch 415 TrainOpt 3.6637e-04 Valid 3.1646e-03 LR: 8.9814e-05
Elapsed: 8258.02s Epoch 416 TrainOpt 3.7086e-04 Valid skipped LR: 8.9766e-05
Elapsed: 8276.19s Epoch 417 TrainOpt 4.2320e-04 Valid skipped LR: 8.9719e-05
Elapsed: 8294.11s Epoch 418 TrainOpt 4.7199e-04 Valid skipped LR: 8.9671e-05
Elapsed: 8312.31s Epoch 419 TrainOpt 1.1429e-03 Valid skipped LR: 8.9623e-05
Elapsed: 8331.57s Epoch 420 TrainOpt 7.6178e-04 Valid 3.3358e-03 LR: 8.9575e-05
Elapsed: 8349.66s Epoch 421 TrainOpt 9.2132e-04 Valid skipped LR: 8.9527e-05
Elapsed: 8367.31s Epoch 422 TrainOpt 7.4814e-04 Valid skipped LR: 8.9478e-05
Elapsed: 8384.99s Epoch 423 TrainOpt 5.3078e-04 Valid skipped LR: 8.9430e-05
Elapsed: 8402.98s Epoch 424 TrainOpt 4.7348e-04 Valid skipped LR: 8.9382e-05
Elapsed: 8421.63s Epoch 425 TrainOpt 6.2502e-04 Valid 3.2819e-03 LR: 8.9333e-05
Elapsed: 8439.43s Epoch 426 TrainOpt 5.3819e-04 Valid skipped LR: 8.9285e-05
Elapsed: 8457.23s Epoch 427 TrainOpt 5.5684e-04 Valid skipped LR: 8.9236e-05
Elapsed: 8475.09s Epoch 428 TrainOpt 8.0160e-04 Valid skipped LR: 8.9187e-05
Elapsed: 8492.77s Epoch 429 TrainOpt 1.1026e-03 Valid skipped LR: 8.9138e-05
Elapsed: 8511.65s Epoch 430 TrainOpt 9.9879e-04 Valid 3.6339e-03 LR: 8.9089e-05
Elapsed: 8529.67s Epoch 431 TrainOpt 5.9535e-04 Valid skipped LR: 8.9040e-05
Elapsed: 8547.56s Epoch 432 TrainOpt 6.6244e-04 Valid skipped LR: 8.8991e-05
Elapsed: 8565.27s Epoch 433 TrainOpt 7.7399e-04 Valid skipped LR: 8.8942e-05
Elapsed: 8583.15s Epoch 434 TrainOpt 8.9904e-04 Valid skipped LR: 8.8892e-05
Elapsed: 8601.59s Epoch 435 TrainOpt 1.2402e-03 Valid 3.4004e-03 LR: 8.8843e-05
Elapsed: 8619.27s Epoch 436 TrainOpt 1.3928e-03 Valid skipped LR: 8.8793e-05
Elapsed: 8637.23s Epoch 437 TrainOpt 9.5069e-04 Valid skipped LR: 8.8743e-05
Elapsed: 8655.15s Epoch 438 TrainOpt 7.1839e-04 Valid skipped LR: 8.8694e-05
Elapsed: 8672.59s Epoch 439 TrainOpt 9.0492e-04 Valid skipped LR: 8.8644e-05
Elapsed: 8691.42s Epoch 440 TrainOpt 7.6585e-04 Valid 3.3846e-03 LR: 8.8594e-05
Elapsed: 8709.43s Epoch 441 TrainOpt 6.3061e-04 Valid skipped LR: 8.8544e-05
Elapsed: 8727.54s Epoch 442 TrainOpt 5.3910e-04 Valid skipped LR: 8.8494e-05
Elapsed: 8745.69s Epoch 443 TrainOpt 4.0942e-04 Valid skipped LR: 8.8443e-05
Elapsed: 8763.08s Epoch 444 TrainOpt 3.2036e-04 Valid skipped LR: 8.8393e-05
Elapsed: 8782.01s Epoch 445 TrainOpt 4.1575e-04 Valid 3.4418e-03 LR: 8.8343e-05
Elapsed: 8799.81s Epoch 446 TrainOpt 3.2729e-04 Valid skipped LR: 8.8292e-05
Elapsed: 8817.78s Epoch 447 TrainOpt 3.2018e-04 Valid skipped LR: 8.8242e-05
Elapsed: 8835.46s Epoch 448 TrainOpt 3.0133e-04 Valid skipped LR: 8.8191e-05
Elapsed: 8853.49s Epoch 449 TrainOpt 3.4848e-04 Valid skipped LR: 8.8140e-05
Elapsed: 8872.09s Epoch 450 TrainOpt 6.7114e-04 Valid 3.2255e-03 LR: 8.8089e-05
Elapsed: 8890.13s Epoch 451 TrainOpt 6.2236e-04 Valid skipped LR: 8.8038e-05
Elapsed: 8908.01s Epoch 452 TrainOpt 4.0996e-04 Valid skipped LR: 8.7987e-05
Elapsed: 8926.03s Epoch 453 TrainOpt 6.0314e-04 Valid skipped LR: 8.7936e-05
Elapsed: 8943.92s Epoch 454 TrainOpt 5.2587e-04 Valid skipped LR: 8.7885e-05
Elapsed: 8962.86s Epoch 455 TrainOpt 6.3653e-04 Valid 3.3259e-03 LR: 8.7833e-05
Elapsed: 8980.95s Epoch 456 TrainOpt 6.1024e-04 Valid skipped LR: 8.7782e-05
Elapsed: 8998.60s Epoch 457 TrainOpt 6.7326e-04 Valid skipped LR: 8.7730e-05
Elapsed: 9016.73s Epoch 458 TrainOpt 4.9802e-04 Valid skipped LR: 8.7678e-05
Elapsed: 9034.66s Epoch 459 TrainOpt 4.8373e-04 Valid skipped LR: 8.7627e-05
Elapsed: 9053.64s Epoch 460 TrainOpt 5.0443e-04 Valid 3.2807e-03 LR: 8.7575e-05
Elapsed: 9071.71s Epoch 461 TrainOpt 7.1997e-04 Valid skipped LR: 8.7523e-05
Elapsed: 9089.95s Epoch 462 TrainOpt 5.9147e-04 Valid skipped LR: 8.7471e-05
Elapsed: 9107.78s Epoch 463 TrainOpt 2.8191e-03 Valid skipped LR: 8.7419e-05
Elapsed: 9126.06s Epoch 464 TrainOpt 2.2375e-03 Valid skipped LR: 8.7367e-05
Elapsed: 9144.27s Epoch 465 TrainOpt 9.4726e-04 Valid 3.5061e-03 LR: 8.7314e-05
Elapsed: 9162.61s Epoch 466 TrainOpt 5.8104e-04 Valid skipped LR: 8.7262e-05
Elapsed: 9180.37s Epoch 467 TrainOpt 4.0762e-04 Valid skipped LR: 8.7209e-05
Elapsed: 9198.88s Epoch 468 TrainOpt 9.2932e-04 Valid skipped LR: 8.7157e-05
Elapsed: 9217.10s Epoch 469 TrainOpt 1.0931e-03 Valid skipped LR: 8.7104e-05
Elapsed: 9235.91s Epoch 470 TrainOpt 4.1120e-04 Valid 3.4381e-03 LR: 8.7051e-05
Elapsed: 9254.10s Epoch 471 TrainOpt 3.5802e-04 Valid skipped LR: 8.6998e-05
Elapsed: 9272.40s Epoch 472 TrainOpt 3.1555e-04 Valid skipped LR: 8.6946e-05
Elapsed: 9290.07s Epoch 473 TrainOpt 2.9325e-04 Valid skipped LR: 8.6892e-05
Elapsed: 9307.45s Epoch 474 TrainOpt 2.6834e-04 Valid skipped LR: 8.6839e-05
Elapsed: 9325.87s Epoch 475 TrainOpt 2.5883e-04 Valid 3.3937e-03 LR: 8.6786e-05
Elapsed: 9344.16s Epoch 476 TrainOpt 2.4663e-04 Valid skipped LR: 8.6733e-05
Elapsed: 9362.30s Epoch 477 TrainOpt 2.6901e-04 Valid skipped LR: 8.6679e-05
Elapsed: 9379.95s Epoch 478 TrainOpt 3.5421e-04 Valid skipped LR: 8.6626e-05
Elapsed: 9397.85s Epoch 479 TrainOpt 9.4978e-04 Valid skipped LR: 8.6572e-05
Elapsed: 9416.66s Epoch 480 TrainOpt 2.6556e-03 Valid 3.5860e-03 LR: 8.6519e-05
Elapsed: 9434.91s Epoch 481 TrainOpt 2.5834e-03 Valid skipped LR: 8.6465e-05
Elapsed: 9453.25s Epoch 482 TrainOpt 1.1835e-03 Valid skipped LR: 8.6411e-05
Elapsed: 9471.39s Epoch 483 TrainOpt 8.0483e-04 Valid skipped LR: 8.6357e-05
Elapsed: 9489.18s Epoch 484 TrainOpt 4.5806e-04 Valid skipped LR: 8.6303e-05
Elapsed: 9508.54s Epoch 485 TrainOpt 4.0249e-04 Valid 2.9250e-03 LR: 8.6249e-05
Elapsed: 9526.45s Epoch 486 TrainOpt 4.6734e-04 Valid skipped LR: 8.6195e-05
Elapsed: 9545.06s Epoch 487 TrainOpt 3.9164e-04 Valid skipped LR: 8.6140e-05
Elapsed: 9563.15s Epoch 488 TrainOpt 3.1806e-04 Valid skipped LR: 8.6086e-05
Elapsed: 9580.99s Epoch 489 TrainOpt 3.0000e-04 Valid skipped LR: 8.6031e-05
Elapsed: 9600.11s Epoch 490 TrainOpt 3.0305e-04 Valid 2.9617e-03 LR: 8.5977e-05
Elapsed: 9618.40s Epoch 491 TrainOpt 2.6592e-04 Valid skipped LR: 8.5922e-05
Elapsed: 9636.58s Epoch 492 TrainOpt 2.9788e-04 Valid skipped LR: 8.5867e-05
Elapsed: 9655.19s Epoch 493 TrainOpt 2.8736e-04 Valid skipped LR: 8.5813e-05
Elapsed: 9673.13s Epoch 494 TrainOpt 2.5817e-04 Valid skipped LR: 8.5758e-05
Elapsed: 9692.14s Epoch 495 TrainOpt 2.9210e-04 Valid 3.0628e-03 LR: 8.5703e-05
Elapsed: 9710.14s Epoch 496 TrainOpt 3.4465e-04 Valid skipped LR: 8.5648e-05
Elapsed: 9728.44s Epoch 497 TrainOpt 8.7683e-04 Valid skipped LR: 8.5592e-05
Elapsed: 9746.09s Epoch 498 TrainOpt 1.8047e-03 Valid skipped LR: 8.5537e-05
Elapsed: 9763.62s Epoch 499 TrainOpt 9.0095e-04 Valid skipped LR: 8.5482e-05
Elapsed: 9782.27s Epoch 500 TrainOpt 5.1403e-04 Valid 3.0198e-03 LR: 8.5426e-05
Elapsed: 9840.53s Epoch 501 TrainOpt 6.4214e-04 Valid skipped LR: 8.5371e-05
Elapsed: 9859.21s Epoch 502 TrainOpt 4.5169e-04 Valid skipped LR: 8.5315e-05
Elapsed: 9877.28s Epoch 503 TrainOpt 5.7005e-04 Valid skipped LR: 8.5259e-05
Elapsed: 9895.84s Epoch 504 TrainOpt 6.8335e-04 Valid skipped LR: 8.5204e-05
Elapsed: 9915.55s Epoch 505 TrainOpt 7.3788e-04 Valid 2.9330e-03 LR: 8.5148e-05
Elapsed: 9933.86s Epoch 506 TrainOpt 5.3092e-04 Valid skipped LR: 8.5092e-05
Elapsed: 9952.32s Epoch 507 TrainOpt 3.3823e-04 Valid skipped LR: 8.5036e-05
Elapsed: 9970.52s Epoch 508 TrainOpt 3.0714e-04 Valid skipped LR: 8.4979e-05
Elapsed: 9988.64s Epoch 509 TrainOpt 1.0031e-03 Valid skipped LR: 8.4923e-05
Elapsed: 10008.06s Epoch 510 TrainOpt 7.3195e-04 Valid 3.0589e-03 LR: 8.4867e-05
Elapsed: 10025.80s Epoch 511 TrainOpt 6.6801e-04 Valid skipped LR: 8.4810e-05
Elapsed: 10043.92s Epoch 512 TrainOpt 4.3447e-04 Valid skipped LR: 8.4754e-05
Elapsed: 10061.72s Epoch 513 TrainOpt 5.0174e-04 Valid skipped LR: 8.4697e-05
Elapsed: 10079.39s Epoch 514 TrainOpt 4.0382e-04 Valid skipped LR: 8.4641e-05
Elapsed: 10098.23s Epoch 515 TrainOpt 3.4068e-04 Valid 3.0599e-03 LR: 8.4584e-05
Elapsed: 10116.09s Epoch 516 TrainOpt 3.4707e-04 Valid skipped LR: 8.4527e-05
Elapsed: 10133.97s Epoch 517 TrainOpt 4.1179e-04 Valid skipped LR: 8.4470e-05
Elapsed: 10151.90s Epoch 518 TrainOpt 4.2977e-04 Valid skipped LR: 8.4413e-05
Elapsed: 10169.31s Epoch 519 TrainOpt 4.6255e-04 Valid skipped LR: 8.4356e-05
Elapsed: 10187.84s Epoch 520 TrainOpt 8.2047e-04 Valid 3.1995e-03 LR: 8.4299e-05
Elapsed: 10206.48s Epoch 521 TrainOpt 4.0037e-04 Valid skipped LR: 8.4242e-05
Elapsed: 10224.42s Epoch 522 TrainOpt 4.3798e-04 Valid skipped LR: 8.4184e-05
Elapsed: 10242.58s Epoch 523 TrainOpt 4.0277e-04 Valid skipped LR: 8.4127e-05
Elapsed: 10260.75s Epoch 524 TrainOpt 5.2961e-04 Valid skipped LR: 8.4069e-05
Elapsed: 10280.01s Epoch 525 TrainOpt 7.8876e-04 Valid 3.1928e-03 LR: 8.4012e-05
Elapsed: 10298.47s Epoch 526 TrainOpt 7.0090e-04 Valid skipped LR: 8.3954e-05
Elapsed: 10316.48s Epoch 527 TrainOpt 4.8963e-04 Valid skipped LR: 8.3896e-05
Elapsed: 10335.26s Epoch 528 TrainOpt 3.9275e-04 Valid skipped LR: 8.3838e-05
Elapsed: 10353.41s Epoch 529 TrainOpt 3.0800e-04 Valid skipped LR: 8.3780e-05
Elapsed: 10372.60s Epoch 530 TrainOpt 3.0999e-04 Valid 3.2919e-03 LR: 8.3722e-05
Elapsed: 10390.77s Epoch 531 TrainOpt 1.1302e-03 Valid skipped LR: 8.3664e-05
Elapsed: 10409.14s Epoch 532 TrainOpt 1.2350e-03 Valid skipped LR: 8.3606e-05
Elapsed: 10426.95s Epoch 533 TrainOpt 7.2349e-04 Valid skipped LR: 8.3548e-05
Elapsed: 10444.72s Epoch 534 TrainOpt 8.7328e-04 Valid skipped LR: 8.3489e-05
Elapsed: 10463.77s Epoch 535 TrainOpt 6.5447e-04 Valid 3.0368e-03 LR: 8.3431e-05
Elapsed: 10482.01s Epoch 536 TrainOpt 7.5634e-04 Valid skipped LR: 8.3372e-05
Elapsed: 10500.06s Epoch 537 TrainOpt 6.4993e-04 Valid skipped LR: 8.3314e-05
Elapsed: 10518.01s Epoch 538 TrainOpt 4.0141e-04 Valid skipped LR: 8.3255e-05
Elapsed: 10535.86s Epoch 539 TrainOpt 3.9204e-04 Valid skipped LR: 8.3196e-05
Elapsed: 10555.09s Epoch 540 TrainOpt 4.3450e-04 Valid 3.1320e-03 LR: 8.3137e-05
Elapsed: 10572.98s Epoch 541 TrainOpt 3.1624e-04 Valid skipped LR: 8.3078e-05
Elapsed: 10590.79s Epoch 542 TrainOpt 7.7826e-04 Valid skipped LR: 8.3019e-05
Elapsed: 10608.71s Epoch 543 TrainOpt 4.9229e-04 Valid skipped LR: 8.2960e-05
Elapsed: 10626.66s Epoch 544 TrainOpt 4.2622e-04 Valid skipped LR: 8.2901e-05
Elapsed: 10645.82s Epoch 545 TrainOpt 3.6033e-04 Valid 3.0138e-03 LR: 8.2842e-05
Elapsed: 10664.17s Epoch 546 TrainOpt 2.8175e-04 Valid skipped LR: 8.2783e-05
Elapsed: 10682.30s Epoch 547 TrainOpt 2.8986e-04 Valid skipped LR: 8.2723e-05
Elapsed: 10700.97s Epoch 548 TrainOpt 3.7909e-04 Valid skipped LR: 8.2664e-05
Elapsed: 10719.11s Epoch 549 TrainOpt 2.7542e-04 Valid skipped LR: 8.2604e-05
Elapsed: 10738.15s Epoch 550 TrainOpt 3.0770e-04 Valid 3.1014e-03 LR: 8.2544e-05
Elapsed: 10756.90s Epoch 551 TrainOpt 6.3629e-04 Valid skipped LR: 8.2485e-05
Elapsed: 10775.13s Epoch 552 TrainOpt 6.7383e-04 Valid skipped LR: 8.2425e-05
Elapsed: 10792.94s Epoch 553 TrainOpt 1.2609e-03 Valid skipped LR: 8.2365e-05
Elapsed: 10810.30s Epoch 554 TrainOpt 1.5058e-03 Valid skipped LR: 8.2305e-05
Elapsed: 10829.77s Epoch 555 TrainOpt 8.5943e-04 Valid 3.2241e-03 LR: 8.2245e-05
Elapsed: 10848.07s Epoch 556 TrainOpt 6.9368e-04 Valid skipped LR: 8.2185e-05
Elapsed: 10866.15s Epoch 557 TrainOpt 4.8905e-04 Valid skipped LR: 8.2124e-05
Elapsed: 10883.74s Epoch 558 TrainOpt 3.7802e-04 Valid skipped LR: 8.2064e-05
Elapsed: 10901.79s Epoch 559 TrainOpt 3.0231e-04 Valid skipped LR: 8.2004e-05
Elapsed: 10920.77s Epoch 560 TrainOpt 3.4555e-04 Valid 3.3589e-03 LR: 8.1943e-05
Elapsed: 10938.85s Epoch 561 TrainOpt 2.8533e-04 Valid skipped LR: 8.1883e-05
Elapsed: 10956.80s Epoch 562 TrainOpt 2.9965e-04 Valid skipped LR: 8.1822e-05
Elapsed: 10974.77s Epoch 563 TrainOpt 3.1836e-04 Valid skipped LR: 8.1761e-05
Elapsed: 10992.62s Epoch 564 TrainOpt 3.2325e-04 Valid skipped LR: 8.1701e-05
Elapsed: 11011.93s Epoch 565 TrainOpt 3.1667e-04 Valid 3.3094e-03 LR: 8.1640e-05
Elapsed: 11029.41s Epoch 566 TrainOpt 2.2510e-04 Valid skipped LR: 8.1579e-05
Elapsed: 11047.60s Epoch 567 TrainOpt 2.8320e-04 Valid skipped LR: 8.1518e-05
Elapsed: 11065.29s Epoch 568 TrainOpt 2.8042e-04 Valid skipped LR: 8.1457e-05
Elapsed: 11083.12s Epoch 569 TrainOpt 2.4462e-04 Valid skipped LR: 8.1395e-05
Elapsed: 11102.13s Epoch 570 TrainOpt 3.0056e-04 Valid 3.2920e-03 LR: 8.1334e-05
Elapsed: 11120.37s Epoch 571 TrainOpt 3.5838e-04 Valid skipped LR: 8.1273e-05
Elapsed: 11138.32s Epoch 572 TrainOpt 2.7163e-04 Valid skipped LR: 8.1211e-05
Elapsed: 11156.25s Epoch 573 TrainOpt 2.3758e-04 Valid skipped LR: 8.1150e-05
Elapsed: 11174.27s Epoch 574 TrainOpt 2.5597e-04 Valid skipped LR: 8.1088e-05
Elapsed: 11193.43s Epoch 575 TrainOpt 2.9919e-04 Valid 3.3460e-03 LR: 8.1027e-05
Elapsed: 11211.58s Epoch 576 TrainOpt 5.6163e-04 Valid skipped LR: 8.0965e-05
Elapsed: 11229.46s Epoch 577 TrainOpt 7.7406e-04 Valid skipped LR: 8.0903e-05
Elapsed: 11247.74s Epoch 578 TrainOpt 4.7385e-04 Valid skipped LR: 8.0841e-05
Elapsed: 11266.21s Epoch 579 TrainOpt 9.8371e-04 Valid skipped LR: 8.0779e-05
Elapsed: 11285.60s Epoch 580 TrainOpt 1.0108e-03 Valid 3.5420e-03 LR: 8.0717e-05
Elapsed: 11303.75s Epoch 581 TrainOpt 1.5051e-03 Valid skipped LR: 8.0655e-05
Elapsed: 11321.39s Epoch 582 TrainOpt 6.1142e-04 Valid skipped LR: 8.0593e-05
Elapsed: 11338.65s Epoch 583 TrainOpt 7.8591e-04 Valid skipped LR: 8.0531e-05
Elapsed: 11355.77s Epoch 584 TrainOpt 3.8352e-04 Valid skipped LR: 8.0469e-05
Elapsed: 11374.33s Epoch 585 TrainOpt 2.7675e-04 Valid 3.6777e-03 LR: 8.0406e-05
Elapsed: 11392.26s Epoch 586 TrainOpt 2.2646e-04 Valid skipped LR: 8.0344e-05
Elapsed: 11409.82s Epoch 587 TrainOpt 2.0780e-04 Valid skipped LR: 8.0281e-05
Elapsed: 11428.17s Epoch 588 TrainOpt 1.9909e-04 Valid skipped LR: 8.0219e-05
Elapsed: 11445.87s Epoch 589 TrainOpt 1.9616e-04 Valid skipped LR: 8.0156e-05
Elapsed: 11464.80s Epoch 590 TrainOpt 1.7589e-04 Valid 3.5693e-03 LR: 8.0093e-05
Elapsed: 11483.04s Epoch 591 TrainOpt 1.7074e-04 Valid skipped LR: 8.0030e-05
Elapsed: 11501.07s Epoch 592 TrainOpt 1.9575e-04 Valid skipped LR: 7.9967e-05
Elapsed: 11519.52s Epoch 593 TrainOpt 2.0126e-04 Valid skipped LR: 7.9904e-05
Elapsed: 11537.55s Epoch 594 TrainOpt 1.9658e-04 Valid skipped LR: 7.9841e-05
Elapsed: 11556.44s Epoch 595 TrainOpt 3.4742e-04 Valid 3.5890e-03 LR: 7.9778e-05
Elapsed: 11574.13s Epoch 596 TrainOpt 3.5672e-04 Valid skipped LR: 7.9715e-05
Elapsed: 11592.61s Epoch 597 TrainOpt 2.9514e-04 Valid skipped LR: 7.9652e-05
Elapsed: 11610.57s Epoch 598 TrainOpt 2.4781e-04 Valid skipped LR: 7.9588e-05
Elapsed: 11628.60s Epoch 599 TrainOpt 2.8994e-04 Valid skipped LR: 7.9525e-05
Elapsed: 11647.91s Epoch 600 TrainOpt 3.7306e-04 Valid 3.2961e-03 LR: 7.9461e-05
Elapsed: 11706.80s Epoch 601 TrainOpt 2.7305e-04 Valid skipped LR: 7.9398e-05
Elapsed: 11725.17s Epoch 602 TrainOpt 2.7831e-04 Valid skipped LR: 7.9334e-05
Elapsed: 11744.00s Epoch 603 TrainOpt 2.7653e-04 Valid skipped LR: 7.9270e-05
Elapsed: 11761.82s Epoch 604 TrainOpt 1.1214e-03 Valid skipped LR: 7.9206e-05
Elapsed: 11780.60s Epoch 605 TrainOpt 5.7977e-04 Valid 3.1569e-03 LR: 7.9143e-05
Elapsed: 11798.56s Epoch 606 TrainOpt 1.1267e-03 Valid skipped LR: 7.9079e-05
Elapsed: 11816.70s Epoch 607 TrainOpt 2.1197e-03 Valid skipped LR: 7.9015e-05
Elapsed: 11834.41s Epoch 608 TrainOpt 3.3001e-03 Valid skipped LR: 7.8951e-05
Elapsed: 11852.49s Epoch 609 TrainOpt 1.1180e-03 Valid skipped LR: 7.8886e-05
Elapsed: 11871.31s Epoch 610 TrainOpt 6.6414e-04 Valid 2.9297e-03 LR: 7.8822e-05
Elapsed: 11888.97s Epoch 611 TrainOpt 3.9169e-04 Valid skipped LR: 7.8758e-05
Elapsed: 11906.87s Epoch 612 TrainOpt 2.7684e-04 Valid skipped LR: 7.8693e-05
Elapsed: 11924.96s Epoch 613 TrainOpt 2.7269e-04 Valid skipped LR: 7.8629e-05
Elapsed: 11942.87s Epoch 614 TrainOpt 2.2061e-04 Valid skipped LR: 7.8565e-05
Elapsed: 11962.33s Epoch 615 TrainOpt 1.9221e-04 Valid 3.0356e-03 LR: 7.8500e-05
Elapsed: 11980.41s Epoch 616 TrainOpt 1.9383e-04 Valid skipped LR: 7.8435e-05
Elapsed: 11998.67s Epoch 617 TrainOpt 2.0080e-04 Valid skipped LR: 7.8371e-05
Elapsed: 12016.50s Epoch 618 TrainOpt 1.8272e-04 Valid skipped LR: 7.8306e-05
Elapsed: 12034.83s Epoch 619 TrainOpt 1.6303e-04 Valid skipped LR: 7.8241e-05
Elapsed: 12054.83s Epoch 620 TrainOpt 1.6196e-04 Valid 3.0464e-03 LR: 7.8176e-05
Elapsed: 12073.17s Epoch 621 TrainOpt 1.7214e-04 Valid skipped LR: 7.8111e-05
Elapsed: 12091.85s Epoch 622 TrainOpt 1.6057e-04 Valid skipped LR: 7.8046e-05
Elapsed: 12110.29s Epoch 623 TrainOpt 1.7901e-04 Valid skipped LR: 7.7981e-05
Elapsed: 12128.53s Epoch 624 TrainOpt 2.3567e-04 Valid skipped LR: 7.7915e-05
Elapsed: 12147.57s Epoch 625 TrainOpt 3.6443e-04 Valid 3.0911e-03 LR: 7.7850e-05
Elapsed: 12165.78s Epoch 626 TrainOpt 2.6838e-04 Valid skipped LR: 7.7785e-05
Elapsed: 12184.32s Epoch 627 TrainOpt 3.0349e-04 Valid skipped LR: 7.7719e-05
Elapsed: 12203.37s Epoch 628 TrainOpt 2.2503e-04 Valid skipped LR: 7.7654e-05
Elapsed: 12222.11s Epoch 629 TrainOpt 3.5424e-04 Valid skipped LR: 7.7588e-05
Elapsed: 12241.73s Epoch 630 TrainOpt 5.5817e-04 Valid 3.0779e-03 LR: 7.7523e-05
Elapsed: 12259.85s Epoch 631 TrainOpt 2.8062e-04 Valid skipped LR: 7.7457e-05
Elapsed: 12277.95s Epoch 632 TrainOpt 2.9372e-04 Valid skipped LR: 7.7391e-05
Elapsed: 12296.17s Epoch 633 TrainOpt 2.7515e-04 Valid skipped LR: 7.7325e-05
Elapsed: 12314.52s Epoch 634 TrainOpt 2.3340e-04 Valid skipped LR: 7.7260e-05
Elapsed: 12333.72s Epoch 635 TrainOpt 2.3233e-04 Valid 3.1133e-03 LR: 7.7194e-05
Elapsed: 12352.53s Epoch 636 TrainOpt 4.3128e-04 Valid skipped LR: 7.7128e-05
Elapsed: 12370.58s Epoch 637 TrainOpt 4.7189e-04 Valid skipped LR: 7.7061e-05
Elapsed: 12388.80s Epoch 638 TrainOpt 4.6042e-04 Valid skipped LR: 7.6995e-05
Elapsed: 12406.54s Epoch 639 TrainOpt 6.7511e-04 Valid skipped LR: 7.6929e-05
Elapsed: 12425.59s Epoch 640 TrainOpt 3.3126e-04 Valid 3.0976e-03 LR: 7.6863e-05
Elapsed: 12443.70s Epoch 641 TrainOpt 3.1343e-04 Valid skipped LR: 7.6796e-05
Elapsed: 12461.71s Epoch 642 TrainOpt 3.3548e-04 Valid skipped LR: 7.6730e-05
Elapsed: 12479.77s Epoch 643 TrainOpt 6.3201e-04 Valid skipped LR: 7.6663e-05
Elapsed: 12497.47s Epoch 644 TrainOpt 3.5265e-04 Valid skipped LR: 7.6597e-05
Elapsed: 12516.80s Epoch 645 TrainOpt 3.3643e-04 Valid 3.2867e-03 LR: 7.6530e-05
Elapsed: 12535.06s Epoch 646 TrainOpt 2.8012e-04 Valid skipped LR: 7.6463e-05
Elapsed: 12553.32s Epoch 647 TrainOpt 6.6098e-04 Valid skipped LR: 7.6397e-05
Elapsed: 12571.35s Epoch 648 TrainOpt 6.3439e-04 Valid skipped LR: 7.6330e-05
Elapsed: 12589.44s Epoch 649 TrainOpt 7.6337e-04 Valid skipped LR: 7.6263e-05
Elapsed: 12608.71s Epoch 650 TrainOpt 5.1531e-04 Valid 3.3009e-03 LR: 7.6196e-05
Elapsed: 12626.78s Epoch 651 TrainOpt 3.0189e-04 Valid skipped LR: 7.6129e-05
Elapsed: 12645.05s Epoch 652 TrainOpt 2.3952e-04 Valid skipped LR: 7.6062e-05
Elapsed: 12663.16s Epoch 653 TrainOpt 5.2849e-04 Valid skipped LR: 7.5995e-05
Elapsed: 12681.46s Epoch 654 TrainOpt 2.9951e-04 Valid skipped LR: 7.5928e-05
Elapsed: 12701.21s Epoch 655 TrainOpt 1.9929e-04 Valid 3.3432e-03 LR: 7.5860e-05
Elapsed: 12719.27s Epoch 656 TrainOpt 1.9679e-04 Valid skipped LR: 7.5793e-05
Elapsed: 12737.35s Epoch 657 TrainOpt 3.8399e-04 Valid skipped LR: 7.5725e-05
Elapsed: 12755.64s Epoch 658 TrainOpt 4.1908e-04 Valid skipped LR: 7.5658e-05
Elapsed: 12773.54s Epoch 659 TrainOpt 2.5626e-04 Valid skipped LR: 7.5590e-05
Elapsed: 12792.41s Epoch 660 TrainOpt 2.2394e-04 Valid 3.2969e-03 LR: 7.5523e-05
Elapsed: 12810.33s Epoch 661 TrainOpt 2.0566e-04 Valid skipped LR: 7.5455e-05
Elapsed: 12828.06s Epoch 662 TrainOpt 2.7473e-04 Valid skipped LR: 7.5387e-05
Elapsed: 12845.85s Epoch 663 TrainOpt 7.2678e-04 Valid skipped LR: 7.5320e-05
Elapsed: 12863.79s Epoch 664 TrainOpt 4.6351e-04 Valid skipped LR: 7.5252e-05
Elapsed: 12882.80s Epoch 665 TrainOpt 5.9718e-04 Valid 3.6667e-03 LR: 7.5184e-05
Elapsed: 12900.89s Epoch 666 TrainOpt 4.5457e-04 Valid skipped LR: 7.5116e-05
Elapsed: 12919.12s Epoch 667 TrainOpt 5.8483e-04 Valid skipped LR: 7.5048e-05
Elapsed: 12937.19s Epoch 668 TrainOpt 3.8179e-04 Valid skipped LR: 7.4980e-05
Elapsed: 12955.59s Epoch 669 TrainOpt 2.7111e-04 Valid skipped LR: 7.4912e-05
Elapsed: 12974.45s Epoch 670 TrainOpt 2.0221e-04 Valid 3.3791e-03 LR: 7.4843e-05
Elapsed: 12991.99s Epoch 671 TrainOpt 1.7336e-04 Valid skipped LR: 7.4775e-05
Elapsed: 13009.81s Epoch 672 TrainOpt 1.7898e-04 Valid skipped LR: 7.4707e-05
Elapsed: 13027.38s Epoch 673 TrainOpt 1.7875e-04 Valid skipped LR: 7.4638e-05
Elapsed: 13045.66s Epoch 674 TrainOpt 1.5000e-04 Valid skipped LR: 7.4570e-05
Elapsed: 13065.33s Epoch 675 TrainOpt 1.6431e-04 Valid 3.3115e-03 LR: 7.4501e-05
Elapsed: 13084.02s Epoch 676 TrainOpt 3.1358e-04 Valid skipped LR: 7.4433e-05
Elapsed: 13102.71s Epoch 677 TrainOpt 4.2465e-04 Valid skipped LR: 7.4364e-05
Elapsed: 13120.63s Epoch 678 TrainOpt 4.3898e-04 Valid skipped LR: 7.4295e-05
Elapsed: 13138.44s Epoch 679 TrainOpt 3.8072e-04 Valid skipped LR: 7.4227e-05
Elapsed: 13157.51s Epoch 680 TrainOpt 6.1264e-04 Valid 3.3238e-03 LR: 7.4158e-05
Elapsed: 13175.44s Epoch 681 TrainOpt 4.6694e-04 Valid skipped LR: 7.4089e-05
Elapsed: 13193.53s Epoch 682 TrainOpt 8.1155e-04 Valid skipped LR: 7.4020e-05
Elapsed: 13211.42s Epoch 683 TrainOpt 3.0723e-04 Valid skipped LR: 7.3951e-05
Elapsed: 13229.32s Epoch 684 TrainOpt 2.2301e-04 Valid skipped LR: 7.3882e-05
Elapsed: 13248.17s Epoch 685 TrainOpt 2.1569e-04 Valid 3.2453e-03 LR: 7.3813e-05
Elapsed: 13266.45s Epoch 686 TrainOpt 1.7465e-04 Valid skipped LR: 7.3744e-05
Elapsed: 13284.84s Epoch 687 TrainOpt 1.9811e-04 Valid skipped LR: 7.3674e-05
Elapsed: 13303.59s Epoch 688 TrainOpt 1.7825e-04 Valid skipped LR: 7.3605e-05
Elapsed: 13322.29s Epoch 689 TrainOpt 2.8532e-04 Valid skipped LR: 7.3536e-05
Elapsed: 13341.78s Epoch 690 TrainOpt 2.2525e-04 Valid 3.2970e-03 LR: 7.3466e-05
Elapsed: 13359.46s Epoch 691 TrainOpt 2.1500e-04 Valid skipped LR: 7.3397e-05
Elapsed: 13377.23s Epoch 692 TrainOpt 1.6082e-04 Valid skipped LR: 7.3327e-05
Elapsed: 13394.95s Epoch 693 TrainOpt 1.8579e-04 Valid skipped LR: 7.3258e-05
Elapsed: 13412.89s Epoch 694 TrainOpt 1.8341e-04 Valid skipped LR: 7.3188e-05
Elapsed: 13432.39s Epoch 695 TrainOpt 2.8700e-04 Valid 3.1863e-03 LR: 7.3118e-05
Elapsed: 13450.57s Epoch 696 TrainOpt 5.9912e-04 Valid skipped LR: 7.3048e-05
Elapsed: 13468.65s Epoch 697 TrainOpt 6.7716e-04 Valid skipped LR: 7.2979e-05
Elapsed: 13486.83s Epoch 698 TrainOpt 7.3848e-04 Valid skipped LR: 7.2909e-05
Elapsed: 13505.27s Epoch 699 TrainOpt 7.5386e-04 Valid skipped LR: 7.2839e-05
Elapsed: 13524.17s Epoch 700 TrainOpt 9.2714e-04 Valid 3.3144e-03 LR: 7.2769e-05
Elapsed: 13582.72s Epoch 701 TrainOpt 4.5395e-04 Valid skipped LR: 7.2699e-05
Elapsed: 13601.06s Epoch 702 TrainOpt 3.7279e-04 Valid skipped LR: 7.2629e-05
Elapsed: 13618.75s Epoch 703 TrainOpt 1.9230e-04 Valid skipped LR: 7.2558e-05
Elapsed: 13636.86s Epoch 704 TrainOpt 1.7395e-04 Valid skipped LR: 7.2488e-05
Elapsed: 13655.91s Epoch 705 TrainOpt 1.6211e-04 Valid 3.3454e-03 LR: 7.2418e-05
Elapsed: 13674.17s Epoch 706 TrainOpt 1.7437e-04 Valid skipped LR: 7.2348e-05
Elapsed: 13692.43s Epoch 707 TrainOpt 1.6736e-04 Valid skipped LR: 7.2277e-05
Elapsed: 13710.44s Epoch 708 TrainOpt 1.4096e-04 Valid skipped LR: 7.2207e-05
Elapsed: 13728.23s Epoch 709 TrainOpt 1.2438e-04 Valid skipped LR: 7.2136e-05
Elapsed: 13747.18s Epoch 710 TrainOpt 1.3631e-04 Valid 3.3616e-03 LR: 7.2066e-05
Elapsed: 13765.22s Epoch 711 TrainOpt 2.5764e-04 Valid skipped LR: 7.1995e-05
Elapsed: 13783.37s Epoch 712 TrainOpt 2.9868e-04 Valid skipped LR: 7.1925e-05
Elapsed: 13801.31s Epoch 713 TrainOpt 2.4015e-04 Valid skipped LR: 7.1854e-05
Elapsed: 13819.34s Epoch 714 TrainOpt 2.8233e-04 Valid skipped LR: 7.1783e-05
Elapsed: 13838.62s Epoch 715 TrainOpt 2.1271e-04 Valid 3.2974e-03 LR: 7.1712e-05
Elapsed: 13856.73s Epoch 716 TrainOpt 4.6986e-04 Valid skipped LR: 7.1641e-05
Elapsed: 13874.37s Epoch 717 TrainOpt 6.1484e-04 Valid skipped LR: 7.1570e-05
Elapsed: 13892.71s Epoch 718 TrainOpt 5.8275e-04 Valid skipped LR: 7.1499e-05
Elapsed: 13910.65s Epoch 719 TrainOpt 3.1720e-04 Valid skipped LR: 7.1428e-05
Elapsed: 13930.10s Epoch 720 TrainOpt 2.4674e-04 Valid 3.0488e-03 LR: 7.1357e-05
Elapsed: 13947.98s Epoch 721 TrainOpt 1.8303e-04 Valid skipped LR: 7.1286e-05
Elapsed: 13966.20s Epoch 722 TrainOpt 1.6185e-04 Valid skipped LR: 7.1215e-05
Elapsed: 13984.41s Epoch 723 TrainOpt 1.2959e-04 Valid skipped LR: 7.1144e-05
Elapsed: 14002.85s Epoch 724 TrainOpt 1.2147e-04 Valid skipped LR: 7.1072e-05
Elapsed: 14022.11s Epoch 725 TrainOpt 1.2330e-04 Valid 3.2457e-03 LR: 7.1001e-05
Elapsed: 14040.21s Epoch 726 TrainOpt 1.4043e-04 Valid skipped LR: 7.0930e-05
Elapsed: 14058.15s Epoch 727 TrainOpt 1.5085e-04 Valid skipped LR: 7.0858e-05
Elapsed: 14076.56s Epoch 728 TrainOpt 2.1724e-04 Valid skipped LR: 7.0787e-05
Elapsed: 14094.96s Epoch 729 TrainOpt 2.0611e-04 Valid skipped LR: 7.0715e-05
Elapsed: 14114.52s Epoch 730 TrainOpt 2.3293e-04 Valid 3.1984e-03 LR: 7.0644e-05
Elapsed: 14132.72s Epoch 731 TrainOpt 3.3231e-04 Valid skipped LR: 7.0572e-05
Elapsed: 14150.86s Epoch 732 TrainOpt 2.6864e-04 Valid skipped LR: 7.0500e-05
Elapsed: 14168.69s Epoch 733 TrainOpt 2.8292e-04 Valid skipped LR: 7.0428e-05
Elapsed: 14186.83s Epoch 734 TrainOpt 1.1949e-03 Valid skipped LR: 7.0357e-05
Elapsed: 14206.10s Epoch 735 TrainOpt 5.9744e-04 Valid 3.3407e-03 LR: 7.0285e-05
Elapsed: 14224.69s Epoch 736 TrainOpt 4.7420e-04 Valid skipped LR: 7.0213e-05
Elapsed: 14242.84s Epoch 737 TrainOpt 3.0308e-04 Valid skipped LR: 7.0141e-05
Elapsed: 14260.81s Epoch 738 TrainOpt 3.0514e-04 Valid skipped LR: 7.0069e-05
Elapsed: 14279.82s Epoch 739 TrainOpt 2.9932e-04 Valid skipped LR: 6.9997e-05
Elapsed: 14299.04s Epoch 740 TrainOpt 7.0398e-04 Valid 3.3077e-03 LR: 6.9925e-05
Elapsed: 14317.31s Epoch 741 TrainOpt 3.3408e-04 Valid skipped LR: 6.9852e-05
Elapsed: 14335.63s Epoch 742 TrainOpt 3.0633e-04 Valid skipped LR: 6.9780e-05
Elapsed: 14354.31s Epoch 743 TrainOpt 2.0693e-04 Valid skipped LR: 6.9708e-05
Elapsed: 14372.68s Epoch 744 TrainOpt 1.7984e-04 Valid skipped LR: 6.9636e-05
Elapsed: 14391.64s Epoch 745 TrainOpt 1.5896e-04 Valid 3.3930e-03 LR: 6.9563e-05
Elapsed: 14409.80s Epoch 746 TrainOpt 1.3771e-04 Valid skipped LR: 6.9491e-05
Elapsed: 14427.99s Epoch 747 TrainOpt 1.2361e-04 Valid skipped LR: 6.9418e-05
Elapsed: 14445.74s Epoch 748 TrainOpt 1.2811e-04 Valid skipped LR: 6.9346e-05
Elapsed: 14463.38s Epoch 749 TrainOpt 1.2713e-04 Valid skipped LR: 6.9273e-05
Elapsed: 14482.38s Epoch 750 TrainOpt 1.3888e-04 Valid 3.3822e-03 LR: 6.9201e-05
Elapsed: 14501.28s Epoch 751 TrainOpt 1.2757e-04 Valid skipped LR: 6.9128e-05
Elapsed: 14519.17s Epoch 752 TrainOpt 1.4480e-04 Valid skipped LR: 6.9055e-05
Elapsed: 14537.34s Epoch 753 TrainOpt 1.5371e-04 Valid skipped LR: 6.8983e-05
Elapsed: 14555.55s Epoch 754 TrainOpt 1.8548e-04 Valid skipped LR: 6.8910e-05
Elapsed: 14574.64s Epoch 755 TrainOpt 2.1498e-04 Valid 3.2995e-03 LR: 6.8837e-05
Elapsed: 14592.55s Epoch 756 TrainOpt 2.0379e-04 Valid skipped LR: 6.8764e-05
Elapsed: 14610.83s Epoch 757 TrainOpt 4.3106e-04 Valid skipped LR: 6.8691e-05
Elapsed: 14629.12s Epoch 758 TrainOpt 3.4272e-04 Valid skipped LR: 6.8618e-05
Elapsed: 14647.25s Epoch 759 TrainOpt 4.1911e-04 Valid skipped LR: 6.8545e-05
Elapsed: 14666.52s Epoch 760 TrainOpt 2.6946e-04 Valid 3.3572e-03 LR: 6.8472e-05
Elapsed: 14684.60s Epoch 761 TrainOpt 4.3933e-04 Valid skipped LR: 6.8399e-05
Elapsed: 14703.33s Epoch 762 TrainOpt 2.4058e-04 Valid skipped LR: 6.8326e-05
Elapsed: 14721.47s Epoch 763 TrainOpt 1.0352e-03 Valid skipped LR: 6.8253e-05
Elapsed: 14739.80s Epoch 764 TrainOpt 4.1810e-04 Valid skipped LR: 6.8180e-05
Elapsed: 14759.70s Epoch 765 TrainOpt 2.2820e-04 Valid 3.2665e-03 LR: 6.8106e-05
Elapsed: 14777.79s Epoch 766 TrainOpt 1.8224e-04 Valid skipped LR: 6.8033e-05
Elapsed: 14796.28s Epoch 767 TrainOpt 2.0111e-04 Valid skipped LR: 6.7960e-05
Elapsed: 14814.66s Epoch 768 TrainOpt 1.5826e-04 Valid skipped LR: 6.7886e-05
Elapsed: 14833.05s Epoch 769 TrainOpt 1.9154e-04 Valid skipped LR: 6.7813e-05
Elapsed: 14852.72s Epoch 770 TrainOpt 1.6552e-04 Valid 3.2062e-03 LR: 6.7739e-05
Elapsed: 14870.89s Epoch 771 TrainOpt 2.6005e-04 Valid skipped LR: 6.7666e-05
Elapsed: 14889.41s Epoch 772 TrainOpt 2.6123e-04 Valid skipped LR: 6.7592e-05
Elapsed: 14907.84s Epoch 773 TrainOpt 1.5564e-04 Valid skipped LR: 6.7518e-05
Elapsed: 14926.00s Epoch 774 TrainOpt 1.2796e-04 Valid skipped LR: 6.7445e-05
Elapsed: 14945.10s Epoch 775 TrainOpt 1.3185e-04 Valid 3.3215e-03 LR: 6.7371e-05
Elapsed: 14963.02s Epoch 776 TrainOpt 1.4301e-04 Valid skipped LR: 6.7297e-05
Elapsed: 14981.13s Epoch 777 TrainOpt 1.3339e-04 Valid skipped LR: 6.7223e-05
Elapsed: 14999.11s Epoch 778 TrainOpt 1.4543e-04 Valid skipped LR: 6.7149e-05
Elapsed: 15017.34s Epoch 779 TrainOpt 1.4454e-04 Valid skipped LR: 6.7076e-05
Elapsed: 15036.46s Epoch 780 TrainOpt 1.5301e-04 Valid 3.3588e-03 LR: 6.7002e-05
Elapsed: 15054.43s Epoch 781 TrainOpt 1.7389e-04 Valid skipped LR: 6.6928e-05
Elapsed: 15073.37s Epoch 782 TrainOpt 3.1108e-04 Valid skipped LR: 6.6854e-05
Elapsed: 15091.34s Epoch 783 TrainOpt 5.1213e-04 Valid skipped LR: 6.6780e-05
Elapsed: 15109.43s Epoch 784 TrainOpt 6.0968e-04 Valid skipped LR: 6.6705e-05
Elapsed: 15128.70s Epoch 785 TrainOpt 9.7767e-04 Valid 3.1034e-03 LR: 6.6631e-05
Elapsed: 15146.64s Epoch 786 TrainOpt 4.6221e-04 Valid skipped LR: 6.6557e-05
Elapsed: 15164.96s Epoch 787 TrainOpt 2.4351e-04 Valid skipped LR: 6.6483e-05
Elapsed: 15182.92s Epoch 788 TrainOpt 2.1585e-04 Valid skipped LR: 6.6409e-05
Elapsed: 15200.74s Epoch 789 TrainOpt 1.5599e-04 Valid skipped LR: 6.6334e-05
Elapsed: 15219.94s Epoch 790 TrainOpt 1.7715e-04 Valid 3.0489e-03 LR: 6.6260e-05
Elapsed: 15238.20s Epoch 791 TrainOpt 1.2098e-04 Valid skipped LR: 6.6185e-05
Elapsed: 15255.86s Epoch 792 TrainOpt 1.0931e-04 Valid skipped LR: 6.6111e-05
Elapsed: 15274.62s Epoch 793 TrainOpt 1.1186e-04 Valid skipped LR: 6.6037e-05
Elapsed: 15293.06s Epoch 794 TrainOpt 1.3482e-04 Valid skipped LR: 6.5962e-05
Elapsed: 15312.16s Epoch 795 TrainOpt 1.0582e-04 Valid 3.0658e-03 LR: 6.5887e-05
Elapsed: 15330.37s Epoch 796 TrainOpt 1.1127e-04 Valid skipped LR: 6.5813e-05
Elapsed: 15349.02s Epoch 797 TrainOpt 1.2832e-04 Valid skipped LR: 6.5738e-05
Elapsed: 15367.18s Epoch 798 TrainOpt 1.5246e-04 Valid skipped LR: 6.5664e-05
Elapsed: 15384.38s Epoch 799 TrainOpt 1.7608e-04 Valid skipped LR: 6.5589e-05
Elapsed: 15402.42s Epoch 800 TrainOpt 1.8964e-04 Valid 3.1134e-03 LR: 6.5514e-05
Elapsed: 15460.98s Epoch 801 TrainOpt 1.4422e-04 Valid skipped LR: 6.5439e-05
Elapsed: 15479.22s Epoch 802 TrainOpt 2.0416e-04 Valid skipped LR: 6.5365e-05
Elapsed: 15497.20s Epoch 803 TrainOpt 2.2884e-04 Valid skipped LR: 6.5290e-05
Elapsed: 15515.17s Epoch 804 TrainOpt 2.0641e-04 Valid skipped LR: 6.5215e-05
Elapsed: 15533.74s Epoch 805 TrainOpt 2.5194e-04 Valid 2.9975e-03 LR: 6.5140e-05
Elapsed: 15551.75s Epoch 806 TrainOpt 2.0472e-04 Valid skipped LR: 6.5065e-05
Elapsed: 15569.60s Epoch 807 TrainOpt 1.5644e-04 Valid skipped LR: 6.4990e-05
Elapsed: 15587.46s Epoch 808 TrainOpt 1.5218e-04 Valid skipped LR: 6.4915e-05
Elapsed: 15604.94s Epoch 809 TrainOpt 1.3676e-04 Valid skipped LR: 6.4840e-05
Elapsed: 15624.36s Epoch 810 TrainOpt 2.1455e-04 Valid 3.2836e-03 LR: 6.4765e-05
Elapsed: 15642.47s Epoch 811 TrainOpt 2.8562e-04 Valid skipped LR: 6.4689e-05
Elapsed: 15660.33s Epoch 812 TrainOpt 3.4293e-04 Valid skipped LR: 6.4614e-05
Elapsed: 15678.43s Epoch 813 TrainOpt 1.9975e-04 Valid skipped LR: 6.4539e-05
Elapsed: 15696.28s Epoch 814 TrainOpt 3.2162e-04 Valid skipped LR: 6.4464e-05
Elapsed: 15714.70s Epoch 815 TrainOpt 5.5673e-04 Valid 3.2251e-03 LR: 6.4388e-05
Elapsed: 15732.57s Epoch 816 TrainOpt 4.7461e-04 Valid skipped LR: 6.4313e-05
Elapsed: 15750.68s Epoch 817 TrainOpt 4.3281e-04 Valid skipped LR: 6.4238e-05
Elapsed: 15768.67s Epoch 818 TrainOpt 4.1369e-04 Valid skipped LR: 6.4162e-05
Elapsed: 15786.77s Epoch 819 TrainOpt 3.5761e-04 Valid skipped LR: 6.4087e-05
Elapsed: 15805.60s Epoch 820 TrainOpt 4.5313e-04 Valid 3.2166e-03 LR: 6.4011e-05
Elapsed: 15823.55s Epoch 821 TrainOpt 2.7023e-04 Valid skipped LR: 6.3936e-05
Elapsed: 15841.24s Epoch 822 TrainOpt 1.8596e-04 Valid skipped LR: 6.3860e-05
Elapsed: 15859.06s Epoch 823 TrainOpt 1.4486e-04 Valid skipped LR: 6.3785e-05
Elapsed: 15876.85s Epoch 824 TrainOpt 1.2174e-04 Valid skipped LR: 6.3709e-05
Elapsed: 15896.14s Epoch 825 TrainOpt 9.6975e-05 Valid 3.3690e-03 LR: 6.3633e-05
Elapsed: 15914.25s Epoch 826 TrainOpt 1.1148e-04 Valid skipped LR: 6.3558e-05
Elapsed: 15932.57s Epoch 827 TrainOpt 1.0546e-04 Valid skipped LR: 6.3482e-05
Elapsed: 15950.56s Epoch 828 TrainOpt 9.5392e-05 Valid skipped LR: 6.3406e-05
Elapsed: 15968.95s Epoch 829 TrainOpt 1.0580e-04 Valid skipped LR: 6.3330e-05
Elapsed: 15987.68s Epoch 830 TrainOpt 9.4867e-05 Valid 3.3510e-03 LR: 6.3255e-05
Elapsed: 16005.78s Epoch 831 TrainOpt 8.7486e-05 Valid skipped LR: 6.3179e-05
Elapsed: 16023.71s Epoch 832 TrainOpt 9.0399e-05 Valid skipped LR: 6.3103e-05
Elapsed: 16041.36s Epoch 833 TrainOpt 9.1696e-05 Valid skipped LR: 6.3027e-05
Elapsed: 16059.35s Epoch 834 TrainOpt 1.2573e-04 Valid skipped LR: 6.2951e-05
Elapsed: 16078.02s Epoch 835 TrainOpt 2.3168e-04 Valid 3.4042e-03 LR: 6.2875e-05
Elapsed: 16096.23s Epoch 836 TrainOpt 3.9089e-04 Valid skipped LR: 6.2799e-05
Elapsed: 16114.20s Epoch 837 TrainOpt 1.7649e-04 Valid skipped LR: 6.2723e-05
Elapsed: 16132.00s Epoch 838 TrainOpt 1.8278e-04 Valid skipped LR: 6.2647e-05
Elapsed: 16149.88s Epoch 839 TrainOpt 3.8171e-04 Valid skipped LR: 6.2571e-05
Elapsed: 16168.79s Epoch 840 TrainOpt 3.4490e-04 Valid 3.2801e-03 LR: 6.2495e-05
Elapsed: 16186.81s Epoch 841 TrainOpt 3.3506e-04 Valid skipped LR: 6.2418e-05
Elapsed: 16204.25s Epoch 842 TrainOpt 1.6851e-04 Valid skipped LR: 6.2342e-05
Elapsed: 16221.52s Epoch 843 TrainOpt 1.5507e-04 Valid skipped LR: 6.2266e-05
Elapsed: 16239.09s Epoch 844 TrainOpt 1.4116e-04 Valid skipped LR: 6.2190e-05
Elapsed: 16257.48s Epoch 845 TrainOpt 1.6609e-04 Valid 3.3360e-03 LR: 6.2113e-05
Elapsed: 16275.20s Epoch 846 TrainOpt 4.9079e-04 Valid skipped LR: 6.2037e-05
Elapsed: 16293.22s Epoch 847 TrainOpt 3.0734e-04 Valid skipped LR: 6.1961e-05
Elapsed: 16311.20s Epoch 848 TrainOpt 1.6587e-04 Valid skipped LR: 6.1884e-05
Elapsed: 16328.85s Epoch 849 TrainOpt 1.7671e-04 Valid skipped LR: 6.1808e-05
Elapsed: 16348.13s Epoch 850 TrainOpt 3.0418e-04 Valid 3.1883e-03 LR: 6.1732e-05
Elapsed: 16366.14s Epoch 851 TrainOpt 4.1113e-04 Valid skipped LR: 6.1655e-05
Elapsed: 16383.44s Epoch 852 TrainOpt 2.7128e-04 Valid skipped LR: 6.1579e-05
Elapsed: 16401.31s Epoch 853 TrainOpt 1.5374e-04 Valid skipped LR: 6.1502e-05
Elapsed: 16419.00s Epoch 854 TrainOpt 2.2483e-04 Valid skipped LR: 6.1425e-05
Elapsed: 16438.03s Epoch 855 TrainOpt 1.6712e-04 Valid 3.2240e-03 LR: 6.1349e-05
Elapsed: 16455.71s Epoch 856 TrainOpt 1.1610e-04 Valid skipped LR: 6.1272e-05
Elapsed: 16473.25s Epoch 857 TrainOpt 1.2310e-04 Valid skipped LR: 6.1196e-05
Elapsed: 16490.66s Epoch 858 TrainOpt 1.1017e-04 Valid skipped LR: 6.1119e-05
Elapsed: 16508.93s Epoch 859 TrainOpt 9.4159e-05 Valid skipped LR: 6.1042e-05
Elapsed: 16527.63s Epoch 860 TrainOpt 1.1597e-04 Valid 3.3031e-03 LR: 6.0966e-05
Elapsed: 16545.54s Epoch 861 TrainOpt 1.2557e-04 Valid skipped LR: 6.0889e-05
Elapsed: 16563.33s Epoch 862 TrainOpt 1.4559e-04 Valid skipped LR: 6.0812e-05
Elapsed: 16581.12s Epoch 863 TrainOpt 1.4697e-04 Valid skipped LR: 6.0735e-05
Elapsed: 16598.71s Epoch 864 TrainOpt 1.7915e-04 Valid skipped LR: 6.0658e-05
Elapsed: 16617.80s Epoch 865 TrainOpt 1.5484e-04 Valid 3.2798e-03 LR: 6.0582e-05
Elapsed: 16635.57s Epoch 866 TrainOpt 2.0312e-04 Valid skipped LR: 6.0505e-05
Elapsed: 16653.50s Epoch 867 TrainOpt 1.6468e-04 Valid skipped LR: 6.0428e-05
Elapsed: 16671.48s Epoch 868 TrainOpt 1.9965e-04 Valid skipped LR: 6.0351e-05
Elapsed: 16689.03s Epoch 869 TrainOpt 1.9083e-04 Valid skipped LR: 6.0274e-05
Elapsed: 16707.84s Epoch 870 TrainOpt 1.4244e-04 Valid 3.1859e-03 LR: 6.0197e-05
Elapsed: 16725.47s Epoch 871 TrainOpt 1.5395e-04 Valid skipped LR: 6.0120e-05
Elapsed: 16742.91s Epoch 872 TrainOpt 1.8941e-04 Valid skipped LR: 6.0043e-05
Elapsed: 16760.97s Epoch 873 TrainOpt 2.0231e-04 Valid skipped LR: 5.9966e-05
Elapsed: 16779.57s Epoch 874 TrainOpt 2.6913e-04 Valid skipped LR: 5.9889e-05
Elapsed: 16798.19s Epoch 875 TrainOpt 2.9598e-04 Valid 3.0821e-03 LR: 5.9812e-05
Elapsed: 16816.07s Epoch 876 TrainOpt 6.2736e-04 Valid skipped LR: 5.9734e-05
Elapsed: 16833.80s Epoch 877 TrainOpt 2.6342e-04 Valid skipped LR: 5.9657e-05
Elapsed: 16851.56s Epoch 878 TrainOpt 3.0599e-04 Valid skipped LR: 5.9580e-05
Elapsed: 16869.49s Epoch 879 TrainOpt 1.9355e-04 Valid skipped LR: 5.9503e-05
Elapsed: 16888.12s Epoch 880 TrainOpt 1.7586e-04 Valid 3.2632e-03 LR: 5.9426e-05
Elapsed: 16906.51s Epoch 881 TrainOpt 1.6323e-04 Valid skipped LR: 5.9348e-05
Elapsed: 16924.39s Epoch 882 TrainOpt 1.4613e-04 Valid skipped LR: 5.9271e-05
Elapsed: 16942.47s Epoch 883 TrainOpt 9.8166e-05 Valid skipped LR: 5.9194e-05
Elapsed: 16960.52s Epoch 884 TrainOpt 1.0362e-04 Valid skipped LR: 5.9117e-05
Elapsed: 16980.27s Epoch 885 TrainOpt 1.2443e-04 Valid 3.3194e-03 LR: 5.9039e-05
Elapsed: 16997.89s Epoch 886 TrainOpt 1.2904e-04 Valid skipped LR: 5.8962e-05
Elapsed: 17015.45s Epoch 887 TrainOpt 1.6985e-04 Valid skipped LR: 5.8884e-05
Elapsed: 17032.95s Epoch 888 TrainOpt 1.5274e-04 Valid skipped LR: 5.8807e-05
Elapsed: 17050.98s Epoch 889 TrainOpt 1.2827e-04 Valid skipped LR: 5.8730e-05
Elapsed: 17070.27s Epoch 890 TrainOpt 1.2586e-04 Valid 3.3595e-03 LR: 5.8652e-05
Elapsed: 17087.99s Epoch 891 TrainOpt 1.0577e-04 Valid skipped LR: 5.8575e-05
Elapsed: 17105.74s Epoch 892 TrainOpt 1.0395e-04 Valid skipped LR: 5.8497e-05
Elapsed: 17123.75s Epoch 893 TrainOpt 1.1321e-04 Valid skipped LR: 5.8420e-05
Elapsed: 17141.62s Epoch 894 TrainOpt 1.0247e-04 Valid skipped LR: 5.8342e-05
Elapsed: 17160.42s Epoch 895 TrainOpt 1.4171e-04 Valid 3.1963e-03 LR: 5.8265e-05
Elapsed: 17178.39s Epoch 896 TrainOpt 2.2879e-04 Valid skipped LR: 5.8187e-05
Elapsed: 17196.29s Epoch 897 TrainOpt 1.9551e-04 Valid skipped LR: 5.8109e-05
Elapsed: 17214.01s Epoch 898 TrainOpt 1.7813e-04 Valid skipped LR: 5.8032e-05
Elapsed: 17231.87s Epoch 899 TrainOpt 1.9927e-04 Valid skipped LR: 5.7954e-05
Elapsed: 17250.50s Epoch 900 TrainOpt 1.6866e-04 Valid 3.2309e-03 LR: 5.7876e-05
Elapsed: 17309.86s Epoch 901 TrainOpt 2.0312e-04 Valid skipped LR: 5.7799e-05
Elapsed: 17327.94s Epoch 902 TrainOpt 1.2944e-04 Valid skipped LR: 5.7721e-05
Elapsed: 17346.23s Epoch 903 TrainOpt 1.8060e-04 Valid skipped LR: 5.7643e-05
Elapsed: 17364.04s Epoch 904 TrainOpt 2.8019e-04 Valid skipped LR: 5.7566e-05
Elapsed: 17383.28s Epoch 905 TrainOpt 5.0693e-04 Valid 3.4308e-03 LR: 5.7488e-05
Elapsed: 17401.32s Epoch 906 TrainOpt 3.6888e-04 Valid skipped LR: 5.7410e-05
Elapsed: 17419.43s Epoch 907 TrainOpt 3.0964e-04 Valid skipped LR: 5.7332e-05
Elapsed: 17437.29s Epoch 908 TrainOpt 1.5406e-04 Valid skipped LR: 5.7254e-05
Elapsed: 17454.46s Epoch 909 TrainOpt 1.2231e-04 Valid skipped LR: 5.7177e-05
Elapsed: 17472.55s Epoch 910 TrainOpt 1.0087e-04 Valid 3.4025e-03 LR: 5.7099e-05
Elapsed: 17490.95s Epoch 911 TrainOpt 1.0648e-04 Valid skipped LR: 5.7021e-05
Elapsed: 17508.76s Epoch 912 TrainOpt 1.0704e-04 Valid skipped LR: 5.6943e-05
Elapsed: 17526.67s Epoch 913 TrainOpt 1.0403e-04 Valid skipped LR: 5.6865e-05
Elapsed: 17544.35s Epoch 914 TrainOpt 1.0923e-04 Valid skipped LR: 5.6787e-05
Elapsed: 17563.34s Epoch 915 TrainOpt 1.0906e-04 Valid 3.3572e-03 LR: 5.6709e-05
Elapsed: 17581.14s Epoch 916 TrainOpt 1.2751e-04 Valid skipped LR: 5.6631e-05
Elapsed: 17598.83s Epoch 917 TrainOpt 2.4890e-04 Valid skipped LR: 5.6553e-05
Elapsed: 17616.88s Epoch 918 TrainOpt 2.5195e-04 Valid skipped LR: 5.6475e-05
Elapsed: 17634.80s Epoch 919 TrainOpt 4.4899e-04 Valid skipped LR: 5.6397e-05
Elapsed: 17653.82s Epoch 920 TrainOpt 3.5335e-04 Valid 3.3402e-03 LR: 5.6319e-05
Elapsed: 17671.95s Epoch 921 TrainOpt 2.4294e-04 Valid skipped LR: 5.6241e-05
Elapsed: 17690.20s Epoch 922 TrainOpt 2.1703e-04 Valid skipped LR: 5.6163e-05
Elapsed: 17708.43s Epoch 923 TrainOpt 1.3213e-04 Valid skipped LR: 5.6085e-05
Elapsed: 17726.42s Epoch 924 TrainOpt 1.1884e-04 Valid skipped LR: 5.6007e-05
Elapsed: 17745.15s Epoch 925 TrainOpt 1.0671e-04 Valid 3.3617e-03 LR: 5.5929e-05
Elapsed: 17763.43s Epoch 926 TrainOpt 8.9587e-05 Valid skipped LR: 5.5851e-05
Elapsed: 17781.24s Epoch 927 TrainOpt 9.9828e-05 Valid skipped LR: 5.5773e-05
Elapsed: 17799.16s Epoch 928 TrainOpt 9.8361e-05 Valid skipped LR: 5.5695e-05
Elapsed: 17817.09s Epoch 929 TrainOpt 1.0048e-04 Valid skipped LR: 5.5617e-05
Elapsed: 17835.82s Epoch 930 TrainOpt 1.1045e-04 Valid 3.4443e-03 LR: 5.5538e-05
Elapsed: 17853.70s Epoch 931 TrainOpt 1.2409e-04 Valid skipped LR: 5.5460e-05
Elapsed: 17871.59s Epoch 932 TrainOpt 1.5255e-04 Valid skipped LR: 5.5382e-05
Elapsed: 17889.72s Epoch 933 TrainOpt 1.5139e-04 Valid skipped LR: 5.5304e-05
Elapsed: 17907.52s Epoch 934 TrainOpt 2.4894e-04 Valid skipped LR: 5.5226e-05
Elapsed: 17926.24s Epoch 935 TrainOpt 1.7465e-04 Valid 3.3964e-03 LR: 5.5147e-05
Elapsed: 17943.79s Epoch 936 TrainOpt 4.9816e-04 Valid skipped LR: 5.5069e-05
Elapsed: 17961.32s Epoch 937 TrainOpt 3.6764e-04 Valid skipped LR: 5.4991e-05
Elapsed: 17979.21s Epoch 938 TrainOpt 2.7681e-04 Valid skipped LR: 5.4913e-05
Elapsed: 17996.80s Epoch 939 TrainOpt 1.9942e-04 Valid skipped LR: 5.4834e-05
Elapsed: 18016.07s Epoch 940 TrainOpt 1.4595e-04 Valid 3.2157e-03 LR: 5.4756e-05
Elapsed: 18033.91s Epoch 941 TrainOpt 1.4890e-04 Valid skipped LR: 5.4678e-05
Elapsed: 18051.89s Epoch 942 TrainOpt 9.8247e-05 Valid skipped LR: 5.4600e-05
Elapsed: 18069.58s Epoch 943 TrainOpt 1.2920e-04 Valid skipped LR: 5.4521e-05
Elapsed: 18087.24s Epoch 944 TrainOpt 1.0332e-04 Valid skipped LR: 5.4443e-05
Elapsed: 18105.83s Epoch 945 TrainOpt 1.1199e-04 Valid 3.2257e-03 LR: 5.4365e-05
Elapsed: 18123.66s Epoch 946 TrainOpt 8.4925e-05 Valid skipped LR: 5.4286e-05
Elapsed: 18141.31s Epoch 947 TrainOpt 1.1646e-04 Valid skipped LR: 5.4208e-05
Elapsed: 18159.34s Epoch 948 TrainOpt 1.8643e-04 Valid skipped LR: 5.4129e-05
Elapsed: 18177.31s Epoch 949 TrainOpt 1.1183e-04 Valid skipped LR: 5.4051e-05
Elapsed: 18196.37s Epoch 950 TrainOpt 1.0291e-04 Valid 3.2268e-03 LR: 5.3973e-05
Elapsed: 18214.33s Epoch 951 TrainOpt 1.3957e-04 Valid skipped LR: 5.3894e-05
Elapsed: 18231.94s Epoch 952 TrainOpt 1.4890e-04 Valid skipped LR: 5.3816e-05
Elapsed: 18250.19s Epoch 953 TrainOpt 2.0494e-04 Valid skipped LR: 5.3737e-05
Elapsed: 18268.22s Epoch 954 TrainOpt 2.5637e-04 Valid skipped LR: 5.3659e-05
Elapsed: 18287.01s Epoch 955 TrainOpt 1.6682e-04 Valid 3.3556e-03 LR: 5.3581e-05
Elapsed: 18305.16s Epoch 956 TrainOpt 1.1366e-04 Valid skipped LR: 5.3502e-05
Elapsed: 18323.43s Epoch 957 TrainOpt 1.0497e-04 Valid skipped LR: 5.3424e-05
Elapsed: 18341.62s Epoch 958 TrainOpt 8.2196e-05 Valid skipped LR: 5.3345e-05
Elapsed: 18359.42s Epoch 959 TrainOpt 1.1192e-04 Valid skipped LR: 5.3267e-05
Elapsed: 18378.51s Epoch 960 TrainOpt 1.2382e-04 Valid 3.3215e-03 LR: 5.3188e-05
Elapsed: 18396.27s Epoch 961 TrainOpt 1.1897e-04 Valid skipped LR: 5.3110e-05
Elapsed: 18414.01s Epoch 962 TrainOpt 1.5138e-04 Valid skipped LR: 5.3031e-05
Elapsed: 18432.12s Epoch 963 TrainOpt 1.3329e-04 Valid skipped LR: 5.2953e-05
Elapsed: 18449.93s Epoch 964 TrainOpt 2.2884e-04 Valid skipped LR: 5.2874e-05
Elapsed: 18469.21s Epoch 965 TrainOpt 2.2253e-04 Valid 3.4670e-03 LR: 5.2796e-05
Elapsed: 18487.25s Epoch 966 TrainOpt 1.6205e-04 Valid skipped LR: 5.2717e-05
Elapsed: 18505.15s Epoch 967 TrainOpt 1.1820e-04 Valid skipped LR: 5.2639e-05
Elapsed: 18522.82s Epoch 968 TrainOpt 1.2428e-04 Valid skipped LR: 5.2560e-05
Elapsed: 18540.71s Epoch 969 TrainOpt 1.6179e-04 Valid skipped LR: 5.2481e-05
Elapsed: 18560.00s Epoch 970 TrainOpt 1.5739e-04 Valid 3.2497e-03 LR: 5.2403e-05
Elapsed: 18577.93s Epoch 971 TrainOpt 1.2532e-04 Valid skipped LR: 5.2324e-05
Elapsed: 18596.23s Epoch 972 TrainOpt 1.1388e-04 Valid skipped LR: 5.2246e-05
Elapsed: 18614.39s Epoch 973 TrainOpt 1.4259e-04 Valid skipped LR: 5.2167e-05
Elapsed: 18632.67s Epoch 974 TrainOpt 1.5525e-04 Valid skipped LR: 5.2089e-05
Elapsed: 18651.55s Epoch 975 TrainOpt 1.6968e-04 Valid 3.3587e-03 LR: 5.2010e-05
Elapsed: 18669.91s Epoch 976 TrainOpt 2.3045e-04 Valid skipped LR: 5.1931e-05
Elapsed: 18688.35s Epoch 977 TrainOpt 1.4327e-04 Valid skipped LR: 5.1853e-05
Elapsed: 18706.60s Epoch 978 TrainOpt 1.3020e-04 Valid skipped LR: 5.1774e-05
Elapsed: 18724.60s Epoch 979 TrainOpt 1.5767e-04 Valid skipped LR: 5.1696e-05
Elapsed: 18744.00s Epoch 980 TrainOpt 8.7053e-05 Valid 3.0449e-03 LR: 5.1617e-05
Elapsed: 18762.62s Epoch 981 TrainOpt 9.1596e-05 Valid skipped LR: 5.1538e-05
Elapsed: 18781.05s Epoch 982 TrainOpt 6.9074e-05 Valid skipped LR: 5.1460e-05
Elapsed: 18799.15s Epoch 983 TrainOpt 7.2721e-05 Valid skipped LR: 5.1381e-05
Elapsed: 18817.28s Epoch 984 TrainOpt 8.0267e-05 Valid skipped LR: 5.1303e-05
Elapsed: 18836.52s Epoch 985 TrainOpt 8.9398e-05 Valid 3.2352e-03 LR: 5.1224e-05
Elapsed: 18854.68s Epoch 986 TrainOpt 1.0193e-04 Valid skipped LR: 5.1145e-05
Elapsed: 18872.68s Epoch 987 TrainOpt 9.3032e-05 Valid skipped LR: 5.1067e-05
Elapsed: 18890.49s Epoch 988 TrainOpt 1.2894e-04 Valid skipped LR: 5.0988e-05
Elapsed: 18908.52s Epoch 989 TrainOpt 1.9484e-04 Valid skipped LR: 5.0909e-05
Elapsed: 18927.74s Epoch 990 TrainOpt 1.3428e-04 Valid 3.1423e-03 LR: 5.0831e-05
Elapsed: 18945.72s Epoch 991 TrainOpt 1.4664e-04 Valid skipped LR: 5.0752e-05
Elapsed: 18963.72s Epoch 992 TrainOpt 1.7946e-04 Valid skipped LR: 5.0674e-05
Elapsed: 18981.71s Epoch 993 TrainOpt 1.9845e-04 Valid skipped LR: 5.0595e-05
Elapsed: 18999.88s Epoch 994 TrainOpt 1.8351e-04 Valid skipped LR: 5.0516e-05
Elapsed: 19019.18s Epoch 995 TrainOpt 2.8466e-04 Valid 3.1875e-03 LR: 5.0438e-05
Elapsed: 19037.56s Epoch 996 TrainOpt 1.4073e-04 Valid skipped LR: 5.0359e-05
Elapsed: 19055.43s Epoch 997 TrainOpt 8.9247e-05 Valid skipped LR: 5.0280e-05
Elapsed: 19073.77s Epoch 998 TrainOpt 7.6230e-05 Valid skipped LR: 5.0202e-05
Elapsed: 19092.00s Epoch 999 TrainOpt 7.7861e-05 Valid skipped LR: 5.0123e-05
Elapsed: 19111.38s Epoch 1000 TrainOpt 7.3018e-05 Valid 3.4035e-03 LR: 5.0044e-05
Elapsed: 19169.50s Epoch 1001 TrainOpt 6.9119e-05 Valid skipped LR: 4.9966e-05
Elapsed: 19187.39s Epoch 1002 TrainOpt 8.4035e-05 Valid skipped LR: 4.9887e-05
Elapsed: 19205.12s Epoch 1003 TrainOpt 1.1162e-04 Valid skipped LR: 4.9808e-05
Elapsed: 19223.01s Epoch 1004 TrainOpt 9.4769e-05 Valid skipped LR: 4.9730e-05
Elapsed: 19241.68s Epoch 1005 TrainOpt 9.8279e-05 Valid 3.3813e-03 LR: 4.9651e-05
Elapsed: 19259.31s Epoch 1006 TrainOpt 1.3894e-04 Valid skipped LR: 4.9572e-05
Elapsed: 19277.09s Epoch 1007 TrainOpt 1.4604e-04 Valid skipped LR: 4.9494e-05
Elapsed: 19295.25s Epoch 1008 TrainOpt 1.1791e-04 Valid skipped LR: 4.9415e-05
Elapsed: 19313.46s Epoch 1009 TrainOpt 3.4044e-04 Valid skipped LR: 4.9336e-05
Elapsed: 19332.80s Epoch 1010 TrainOpt 2.3863e-04 Valid 3.1694e-03 LR: 4.9258e-05
Elapsed: 19350.47s Epoch 1011 TrainOpt 2.2364e-04 Valid skipped LR: 4.9179e-05
Elapsed: 19368.48s Epoch 1012 TrainOpt 1.6421e-04 Valid skipped LR: 4.9101e-05
Elapsed: 19386.25s Epoch 1013 TrainOpt 1.3397e-04 Valid skipped LR: 4.9022e-05
Elapsed: 19403.90s Epoch 1014 TrainOpt 1.0548e-04 Valid skipped LR: 4.8943e-05
Elapsed: 19422.60s Epoch 1015 TrainOpt 1.0168e-04 Valid 3.3830e-03 LR: 4.8865e-05
Elapsed: 19440.47s Epoch 1016 TrainOpt 8.9850e-05 Valid skipped LR: 4.8786e-05
Elapsed: 19457.70s Epoch 1017 TrainOpt 8.7509e-05 Valid skipped LR: 4.8707e-05
Elapsed: 19475.25s Epoch 1018 TrainOpt 1.1626e-04 Valid skipped LR: 4.8629e-05
Elapsed: 19492.54s Epoch 1019 TrainOpt 9.1983e-05 Valid skipped LR: 4.8550e-05
Elapsed: 19510.59s Epoch 1020 TrainOpt 1.0826e-04 Valid 3.3373e-03 LR: 4.8472e-05
Elapsed: 19528.26s Epoch 1021 TrainOpt 8.0821e-05 Valid skipped LR: 4.8393e-05
Elapsed: 19545.73s Epoch 1022 TrainOpt 6.7211e-05 Valid skipped LR: 4.8314e-05
Elapsed: 19563.46s Epoch 1023 TrainOpt 6.6712e-05 Valid skipped LR: 4.8236e-05
Elapsed: 19581.29s Epoch 1024 TrainOpt 7.1912e-05 Valid skipped LR: 4.8157e-05
Elapsed: 19600.37s Epoch 1025 TrainOpt 7.2009e-05 Valid 3.2808e-03 LR: 4.8079e-05
Elapsed: 19618.46s Epoch 1026 TrainOpt 8.4508e-05 Valid skipped LR: 4.8000e-05
Elapsed: 19636.15s Epoch 1027 TrainOpt 7.8267e-05 Valid skipped LR: 4.7921e-05
Elapsed: 19653.80s Epoch 1028 TrainOpt 7.8869e-05 Valid skipped LR: 4.7843e-05
Elapsed: 19671.82s Epoch 1029 TrainOpt 8.4586e-05 Valid skipped LR: 4.7764e-05
Elapsed: 19691.00s Epoch 1030 TrainOpt 1.2085e-04 Valid 3.2342e-03 LR: 4.7686e-05
Elapsed: 19708.95s Epoch 1031 TrainOpt 1.2734e-04 Valid skipped LR: 4.7607e-05
Elapsed: 19727.77s Epoch 1032 TrainOpt 1.3273e-04 Valid skipped LR: 4.7529e-05
Elapsed: 19746.13s Epoch 1033 TrainOpt 1.0269e-04 Valid skipped LR: 4.7450e-05
Elapsed: 19764.40s Epoch 1034 TrainOpt 9.7106e-05 Valid skipped LR: 4.7371e-05
Elapsed: 19783.55s Epoch 1035 TrainOpt 8.2686e-05 Valid 3.2143e-03 LR: 4.7293e-05
Elapsed: 19801.64s Epoch 1036 TrainOpt 7.5947e-05 Valid skipped LR: 4.7214e-05
Elapsed: 19819.58s Epoch 1037 TrainOpt 6.9927e-05 Valid skipped LR: 4.7136e-05
Elapsed: 19837.92s Epoch 1038 TrainOpt 8.6192e-05 Valid skipped LR: 4.7057e-05
Elapsed: 19855.51s Epoch 1039 TrainOpt 1.5115e-04 Valid skipped LR: 4.6979e-05
Elapsed: 19874.67s Epoch 1040 TrainOpt 3.8507e-04 Valid 3.2433e-03 LR: 4.6900e-05
Elapsed: 19892.17s Epoch 1041 TrainOpt 3.5985e-04 Valid skipped LR: 4.6822e-05
Elapsed: 19910.40s Epoch 1042 TrainOpt 1.9185e-04 Valid skipped LR: 4.6743e-05
Elapsed: 19927.87s Epoch 1043 TrainOpt 2.2634e-04 Valid skipped LR: 4.6665e-05
Elapsed: 19945.97s Epoch 1044 TrainOpt 1.3795e-04 Valid skipped LR: 4.6586e-05
Elapsed: 19964.84s Epoch 1045 TrainOpt 9.9261e-05 Valid 3.1065e-03 LR: 4.6508e-05
Elapsed: 19982.83s Epoch 1046 TrainOpt 7.6536e-05 Valid skipped LR: 4.6429e-05
Elapsed: 20001.29s Epoch 1047 TrainOpt 7.1963e-05 Valid skipped LR: 4.6351e-05
Elapsed: 20019.36s Epoch 1048 TrainOpt 6.2743e-05 Valid skipped LR: 4.6273e-05
Elapsed: 20037.17s Epoch 1049 TrainOpt 6.5380e-05 Valid skipped LR: 4.6194e-05
Elapsed: 20056.14s Epoch 1050 TrainOpt 6.4718e-05 Valid 3.1535e-03 LR: 4.6116e-05
Elapsed: 20074.49s Epoch 1051 TrainOpt 5.9849e-05 Valid skipped LR: 4.6037e-05
Elapsed: 20092.23s Epoch 1052 TrainOpt 6.1762e-05 Valid skipped LR: 4.5959e-05
Elapsed: 20110.24s Epoch 1053 TrainOpt 6.1171e-05 Valid skipped LR: 4.5881e-05
Elapsed: 20128.05s Epoch 1054 TrainOpt 7.1051e-05 Valid skipped LR: 4.5802e-05
Elapsed: 20147.53s Epoch 1055 TrainOpt 6.3190e-05 Valid 3.1909e-03 LR: 4.5724e-05
Elapsed: 20165.82s Epoch 1056 TrainOpt 7.2246e-05 Valid skipped LR: 4.5645e-05
Elapsed: 20183.63s Epoch 1057 TrainOpt 1.3858e-04 Valid skipped LR: 4.5567e-05
Elapsed: 20201.33s Epoch 1058 TrainOpt 1.2295e-04 Valid skipped LR: 4.5489e-05
Elapsed: 20219.60s Epoch 1059 TrainOpt 2.1608e-04 Valid skipped LR: 4.5410e-05
Elapsed: 20238.43s Epoch 1060 TrainOpt 1.3869e-04 Valid 3.5002e-03 LR: 4.5332e-05
Elapsed: 20256.69s Epoch 1061 TrainOpt 1.0733e-04 Valid skipped LR: 4.5254e-05
Elapsed: 20274.68s Epoch 1062 TrainOpt 1.0180e-04 Valid skipped LR: 4.5176e-05
Elapsed: 20292.87s Epoch 1063 TrainOpt 1.1520e-04 Valid skipped LR: 4.5097e-05
Elapsed: 20310.89s Epoch 1064 TrainOpt 1.0999e-04 Valid skipped LR: 4.5019e-05
Elapsed: 20330.06s Epoch 1065 TrainOpt 1.0559e-04 Valid 3.2740e-03 LR: 4.4941e-05
Elapsed: 20347.99s Epoch 1066 TrainOpt 9.6580e-05 Valid skipped LR: 4.4863e-05
Elapsed: 20365.67s Epoch 1067 TrainOpt 8.6188e-05 Valid skipped LR: 4.4784e-05
Elapsed: 20383.92s Epoch 1068 TrainOpt 7.7425e-05 Valid skipped LR: 4.4706e-05
Elapsed: 20401.95s Epoch 1069 TrainOpt 7.2506e-05 Valid skipped LR: 4.4628e-05
Elapsed: 20420.82s Epoch 1070 TrainOpt 6.3775e-05 Valid 3.2575e-03 LR: 4.4550e-05
Elapsed: 20438.34s Epoch 1071 TrainOpt 7.9572e-05 Valid skipped LR: 4.4472e-05
Elapsed: 20455.84s Epoch 1072 TrainOpt 9.6187e-05 Valid skipped LR: 4.4393e-05
Elapsed: 20473.75s Epoch 1073 TrainOpt 1.8350e-04 Valid skipped LR: 4.4315e-05
Elapsed: 20491.88s Epoch 1074 TrainOpt 1.4349e-04 Valid skipped LR: 4.4237e-05
Elapsed: 20510.97s Epoch 1075 TrainOpt 3.6500e-04 Valid 3.3161e-03 LR: 4.4159e-05
Elapsed: 20528.93s Epoch 1076 TrainOpt 1.9930e-04 Valid skipped LR: 4.4081e-05
Elapsed: 20546.94s Epoch 1077 TrainOpt 1.6417e-04 Valid skipped LR: 4.4003e-05
Elapsed: 20564.60s Epoch 1078 TrainOpt 1.0413e-04 Valid skipped LR: 4.3925e-05
Elapsed: 20582.89s Epoch 1079 TrainOpt 8.3413e-05 Valid skipped LR: 4.3847e-05
Elapsed: 20601.60s Epoch 1080 TrainOpt 6.3868e-05 Valid 3.2695e-03 LR: 4.3769e-05
Elapsed: 20619.67s Epoch 1081 TrainOpt 5.5630e-05 Valid skipped LR: 4.3691e-05
Elapsed: 20638.25s Epoch 1082 TrainOpt 5.3502e-05 Valid skipped LR: 4.3613e-05
Elapsed: 20656.24s Epoch 1083 TrainOpt 5.5746e-05 Valid skipped LR: 4.3535e-05
Elapsed: 20674.13s Epoch 1084 TrainOpt 5.4200e-05 Valid skipped LR: 4.3457e-05
Elapsed: 20692.99s Epoch 1085 TrainOpt 5.3420e-05 Valid 3.3106e-03 LR: 4.3379e-05
Elapsed: 20711.15s Epoch 1086 TrainOpt 4.8251e-05 Valid skipped LR: 4.3301e-05
Elapsed: 20729.25s Epoch 1087 TrainOpt 5.0098e-05 Valid skipped LR: 4.3223e-05
Elapsed: 20747.18s Epoch 1088 TrainOpt 5.0736e-05 Valid skipped LR: 4.3145e-05
Elapsed: 20765.55s Epoch 1089 TrainOpt 9.1506e-05 Valid skipped LR: 4.3067e-05
Elapsed: 20784.41s Epoch 1090 TrainOpt 9.2671e-05 Valid 3.3166e-03 LR: 4.2989e-05
Elapsed: 20802.26s Epoch 1091 TrainOpt 1.0781e-04 Valid skipped LR: 4.2911e-05
Elapsed: 20820.42s Epoch 1092 TrainOpt 7.8542e-05 Valid skipped LR: 4.2833e-05
Elapsed: 20838.33s Epoch 1093 TrainOpt 1.1609e-04 Valid skipped LR: 4.2756e-05
Elapsed: 20856.17s Epoch 1094 TrainOpt 1.1375e-04 Valid skipped LR: 4.2678e-05
Elapsed: 20874.68s Epoch 1095 TrainOpt 1.0971e-04 Valid 3.3700e-03 LR: 4.2600e-05
Elapsed: 20892.79s Epoch 1096 TrainOpt 9.2434e-05 Valid skipped LR: 4.2522e-05
Elapsed: 20911.15s Epoch 1097 TrainOpt 9.7418e-05 Valid skipped LR: 4.2444e-05
Elapsed: 20928.97s Epoch 1098 TrainOpt 1.0996e-04 Valid skipped LR: 4.2367e-05
Elapsed: 20947.25s Epoch 1099 TrainOpt 1.1987e-04 Valid skipped LR: 4.2289e-05
Elapsed: 20966.09s Epoch 1100 TrainOpt 1.0508e-04 Valid 3.2949e-03 LR: 4.2211e-05
Elapsed: 21024.35s Epoch 1101 TrainOpt 1.0652e-04 Valid skipped LR: 4.2134e-05
Elapsed: 21042.51s Epoch 1102 TrainOpt 1.0366e-04 Valid skipped LR: 4.2056e-05
Elapsed: 21060.17s Epoch 1103 TrainOpt 1.6366e-04 Valid skipped LR: 4.1978e-05
Elapsed: 21078.11s Epoch 1104 TrainOpt 1.5377e-04 Valid skipped LR: 4.1901e-05
Elapsed: 21096.98s Epoch 1105 TrainOpt 1.2276e-04 Valid 3.3136e-03 LR: 4.1823e-05
Elapsed: 21114.76s Epoch 1106 TrainOpt 1.1411e-04 Valid skipped LR: 4.1745e-05
Elapsed: 21133.11s Epoch 1107 TrainOpt 9.6706e-05 Valid skipped LR: 4.1668e-05
Elapsed: 21151.22s Epoch 1108 TrainOpt 8.5223e-05 Valid skipped LR: 4.1590e-05
Elapsed: 21168.83s Epoch 1109 TrainOpt 8.0324e-05 Valid skipped LR: 4.1513e-05
Elapsed: 21187.88s Epoch 1110 TrainOpt 6.1998e-05 Valid 3.2822e-03 LR: 4.1435e-05
Elapsed: 21206.04s Epoch 1111 TrainOpt 5.4484e-05 Valid skipped LR: 4.1358e-05
Elapsed: 21224.19s Epoch 1112 TrainOpt 5.1746e-05 Valid skipped LR: 4.1280e-05
Elapsed: 21241.79s Epoch 1113 TrainOpt 5.7620e-05 Valid skipped LR: 4.1203e-05
Elapsed: 21260.45s Epoch 1114 TrainOpt 6.0585e-05 Valid skipped LR: 4.1126e-05
Elapsed: 21278.92s Epoch 1115 TrainOpt 6.8458e-05 Valid 3.3641e-03 LR: 4.1048e-05
Elapsed: 21296.84s Epoch 1116 TrainOpt 7.5758e-05 Valid skipped LR: 4.0971e-05
Elapsed: 21315.24s Epoch 1117 TrainOpt 1.0293e-04 Valid skipped LR: 4.0893e-05
Elapsed: 21333.29s Epoch 1118 TrainOpt 9.5036e-05 Valid skipped LR: 4.0816e-05
Elapsed: 21351.50s Epoch 1119 TrainOpt 1.2218e-04 Valid skipped LR: 4.0739e-05
Elapsed: 21370.65s Epoch 1120 TrainOpt 9.9863e-05 Valid 3.3773e-03 LR: 4.0662e-05
Elapsed: 21388.93s Epoch 1121 TrainOpt 8.3433e-05 Valid skipped LR: 4.0584e-05
Elapsed: 21406.99s Epoch 1122 TrainOpt 1.2652e-04 Valid skipped LR: 4.0507e-05
Elapsed: 21425.26s Epoch 1123 TrainOpt 1.1508e-04 Valid skipped LR: 4.0430e-05
Elapsed: 21443.55s Epoch 1124 TrainOpt 1.1545e-04 Valid skipped LR: 4.0353e-05
Elapsed: 21462.55s Epoch 1125 TrainOpt 8.8001e-05 Valid 3.2727e-03 LR: 4.0276e-05
Elapsed: 21480.58s Epoch 1126 TrainOpt 8.8040e-05 Valid skipped LR: 4.0198e-05
Elapsed: 21498.82s Epoch 1127 TrainOpt 8.0698e-05 Valid skipped LR: 4.0121e-05
Elapsed: 21517.17s Epoch 1128 TrainOpt 7.0870e-05 Valid skipped LR: 4.0044e-05
Elapsed: 21535.38s Epoch 1129 TrainOpt 5.6221e-05 Valid skipped LR: 3.9967e-05
Elapsed: 21554.33s Epoch 1130 TrainOpt 5.0055e-05 Valid 3.2824e-03 LR: 3.9890e-05
Elapsed: 21571.67s Epoch 1131 TrainOpt 5.3213e-05 Valid skipped LR: 3.9813e-05
Elapsed: 21588.91s Epoch 1132 TrainOpt 4.5754e-05 Valid skipped LR: 3.9736e-05
Elapsed: 21606.50s Epoch 1133 TrainOpt 5.4843e-05 Valid skipped LR: 3.9659e-05
Elapsed: 21624.44s Epoch 1134 TrainOpt 9.3221e-05 Valid skipped LR: 3.9582e-05
Elapsed: 21643.02s Epoch 1135 TrainOpt 1.0247e-04 Valid 3.2661e-03 LR: 3.9505e-05
Elapsed: 21660.90s Epoch 1136 TrainOpt 1.3911e-04 Valid skipped LR: 3.9428e-05
Elapsed: 21678.75s Epoch 1137 TrainOpt 1.6252e-04 Valid skipped LR: 3.9352e-05
Elapsed: 21696.59s Epoch 1138 TrainOpt 1.7369e-04 Valid skipped LR: 3.9275e-05
Elapsed: 21714.39s Epoch 1139 TrainOpt 1.5481e-04 Valid skipped LR: 3.9198e-05
Elapsed: 21733.35s Epoch 1140 TrainOpt 9.2030e-05 Valid 3.5078e-03 LR: 3.9121e-05
Elapsed: 21751.27s Epoch 1141 TrainOpt 8.9664e-05 Valid skipped LR: 3.9044e-05
Elapsed: 21769.48s Epoch 1142 TrainOpt 8.3211e-05 Valid skipped LR: 3.8968e-05
Elapsed: 21787.18s Epoch 1143 TrainOpt 6.6473e-05 Valid skipped LR: 3.8891e-05
Elapsed: 21804.98s Epoch 1144 TrainOpt 7.4319e-05 Valid skipped LR: 3.8814e-05
Elapsed: 21823.76s Epoch 1145 TrainOpt 5.8838e-05 Valid 3.2623e-03 LR: 3.8738e-05
Elapsed: 21842.00s Epoch 1146 TrainOpt 5.5194e-05 Valid skipped LR: 3.8661e-05
Elapsed: 21860.10s Epoch 1147 TrainOpt 5.0326e-05 Valid skipped LR: 3.8585e-05
Elapsed: 21877.75s Epoch 1148 TrainOpt 4.8887e-05 Valid skipped LR: 3.8508e-05
Elapsed: 21896.31s Epoch 1149 TrainOpt 4.6875e-05 Valid skipped LR: 3.8431e-05
Elapsed: 21915.58s Epoch 1150 TrainOpt 4.8837e-05 Valid 3.2921e-03 LR: 3.8355e-05
Elapsed: 21933.25s Epoch 1151 TrainOpt 6.7953e-05 Valid skipped LR: 3.8278e-05
Elapsed: 21950.77s Epoch 1152 TrainOpt 9.5494e-05 Valid skipped LR: 3.8202e-05
Elapsed: 21968.38s Epoch 1153 TrainOpt 1.0753e-04 Valid skipped LR: 3.8126e-05
Elapsed: 21986.15s Epoch 1154 TrainOpt 8.7452e-05 Valid skipped LR: 3.8049e-05
Elapsed: 22005.11s Epoch 1155 TrainOpt 1.1492e-04 Valid 3.2742e-03 LR: 3.7973e-05
Elapsed: 22023.29s Epoch 1156 TrainOpt 1.0659e-04 Valid skipped LR: 3.7897e-05
Elapsed: 22041.12s Epoch 1157 TrainOpt 7.3595e-05 Valid skipped LR: 3.7820e-05
Elapsed: 22058.70s Epoch 1158 TrainOpt 1.1757e-04 Valid skipped LR: 3.7744e-05
Elapsed: 22076.54s Epoch 1159 TrainOpt 9.7767e-05 Valid skipped LR: 3.7668e-05
Elapsed: 22095.54s Epoch 1160 TrainOpt 1.2561e-04 Valid 3.2845e-03 LR: 3.7592e-05
Elapsed: 22113.30s Epoch 1161 TrainOpt 1.6881e-04 Valid skipped LR: 3.7515e-05
Elapsed: 22131.06s Epoch 1162 TrainOpt 1.5726e-04 Valid skipped LR: 3.7439e-05
Elapsed: 22149.07s Epoch 1163 TrainOpt 7.2843e-05 Valid skipped LR: 3.7363e-05
Elapsed: 22167.11s Epoch 1164 TrainOpt 5.8188e-05 Valid skipped LR: 3.7287e-05
Elapsed: 22186.25s Epoch 1165 TrainOpt 6.9198e-05 Valid 3.1639e-03 LR: 3.7211e-05
Elapsed: 22203.95s Epoch 1166 TrainOpt 7.5599e-05 Valid skipped LR: 3.7135e-05
Elapsed: 22221.65s Epoch 1167 TrainOpt 7.6118e-05 Valid skipped LR: 3.7059e-05
Elapsed: 22239.22s Epoch 1168 TrainOpt 6.7213e-05 Valid skipped LR: 3.6983e-05
Elapsed: 22257.37s Epoch 1169 TrainOpt 6.4633e-05 Valid skipped LR: 3.6907e-05
Elapsed: 22276.02s Epoch 1170 TrainOpt 4.9910e-05 Valid 3.2735e-03 LR: 3.6831e-05
Elapsed: 22294.22s Epoch 1171 TrainOpt 4.8959e-05 Valid skipped LR: 3.6755e-05
Elapsed: 22312.27s Epoch 1172 TrainOpt 5.7832e-05 Valid skipped LR: 3.6680e-05
Elapsed: 22330.42s Epoch 1173 TrainOpt 5.4093e-05 Valid skipped LR: 3.6604e-05
Elapsed: 22348.67s Epoch 1174 TrainOpt 8.4036e-05 Valid skipped LR: 3.6528e-05
Elapsed: 22367.85s Epoch 1175 TrainOpt 1.1780e-04 Valid 3.3513e-03 LR: 3.6452e-05
Elapsed: 22385.89s Epoch 1176 TrainOpt 8.8664e-05 Valid skipped LR: 3.6377e-05
Elapsed: 22403.71s Epoch 1177 TrainOpt 7.1877e-05 Valid skipped LR: 3.6301e-05
Elapsed: 22421.35s Epoch 1178 TrainOpt 9.2526e-05 Valid skipped LR: 3.6225e-05
Elapsed: 22439.23s Epoch 1179 TrainOpt 6.6490e-05 Valid skipped LR: 3.6150e-05
Elapsed: 22458.30s Epoch 1180 TrainOpt 5.2566e-05 Valid 3.4323e-03 LR: 3.6074e-05
Elapsed: 22476.40s Epoch 1181 TrainOpt 4.8150e-05 Valid skipped LR: 3.5999e-05
Elapsed: 22494.27s Epoch 1182 TrainOpt 6.0527e-05 Valid skipped LR: 3.5923e-05
Elapsed: 22512.29s Epoch 1183 TrainOpt 6.3563e-05 Valid skipped LR: 3.5848e-05
Elapsed: 22530.36s Epoch 1184 TrainOpt 5.6766e-05 Valid skipped LR: 3.5772e-05
Elapsed: 22549.37s Epoch 1185 TrainOpt 7.5550e-05 Valid 3.4091e-03 LR: 3.5697e-05
Elapsed: 22567.92s Epoch 1186 TrainOpt 1.1640e-04 Valid skipped LR: 3.5622e-05
Elapsed: 22585.66s Epoch 1187 TrainOpt 1.4544e-04 Valid skipped LR: 3.5546e-05
Elapsed: 22603.76s Epoch 1188 TrainOpt 8.9471e-05 Valid skipped LR: 3.5471e-05
Elapsed: 22621.27s Epoch 1189 TrainOpt 8.1718e-05 Valid skipped LR: 3.5396e-05
Elapsed: 22640.28s Epoch 1190 TrainOpt 7.5780e-05 Valid 3.3228e-03 LR: 3.5321e-05
Elapsed: 22657.95s Epoch 1191 TrainOpt 6.3419e-05 Valid skipped LR: 3.5245e-05
Elapsed: 22676.66s Epoch 1192 TrainOpt 6.0804e-05 Valid skipped LR: 3.5170e-05
Elapsed: 22693.99s Epoch 1193 TrainOpt 5.6470e-05 Valid skipped LR: 3.5095e-05
Elapsed: 22711.48s Epoch 1194 TrainOpt 5.6998e-05 Valid skipped LR: 3.5020e-05
Elapsed: 22730.29s Epoch 1195 TrainOpt 6.4540e-05 Valid 3.3069e-03 LR: 3.4945e-05
Elapsed: 22748.06s Epoch 1196 TrainOpt 5.1317e-05 Valid skipped LR: 3.4870e-05
Elapsed: 22766.13s Epoch 1197 TrainOpt 5.0156e-05 Valid skipped LR: 3.4795e-05
Elapsed: 22784.27s Epoch 1198 TrainOpt 4.7445e-05 Valid skipped LR: 3.4720e-05
Elapsed: 22802.46s Epoch 1199 TrainOpt 4.7893e-05 Valid skipped LR: 3.4645e-05
Elapsed: 22821.28s Epoch 1200 TrainOpt 6.3259e-05 Valid 3.3351e-03 LR: 3.4571e-05
Elapsed: 22880.47s Epoch 1201 TrainOpt 9.9411e-05 Valid skipped LR: 3.4496e-05
Elapsed: 22898.32s Epoch 1202 TrainOpt 1.0419e-04 Valid skipped LR: 3.4421e-05
Elapsed: 22916.43s Epoch 1203 TrainOpt 1.2179e-04 Valid skipped LR: 3.4346e-05
Elapsed: 22934.35s Epoch 1204 TrainOpt 1.2106e-04 Valid skipped LR: 3.4272e-05
Elapsed: 22953.77s Epoch 1205 TrainOpt 1.1330e-04 Valid 3.2538e-03 LR: 3.4197e-05
Elapsed: 22971.95s Epoch 1206 TrainOpt 7.0708e-05 Valid skipped LR: 3.4123e-05
Elapsed: 22989.94s Epoch 1207 TrainOpt 5.2078e-05 Valid skipped LR: 3.4048e-05
Elapsed: 23008.03s Epoch 1208 TrainOpt 5.4101e-05 Valid skipped LR: 3.3973e-05
Elapsed: 23026.03s Epoch 1209 TrainOpt 5.8260e-05 Valid skipped LR: 3.3899e-05
Elapsed: 23045.15s Epoch 1210 TrainOpt 6.3560e-05 Valid 3.3137e-03 LR: 3.3825e-05
Elapsed: 23063.52s Epoch 1211 TrainOpt 7.2939e-05 Valid skipped LR: 3.3750e-05
Elapsed: 23081.20s Epoch 1212 TrainOpt 8.7666e-05 Valid skipped LR: 3.3676e-05
Elapsed: 23099.14s Epoch 1213 TrainOpt 5.8050e-05 Valid skipped LR: 3.3601e-05
Elapsed: 23117.23s Epoch 1214 TrainOpt 6.2559e-05 Valid skipped LR: 3.3527e-05
Elapsed: 23136.35s Epoch 1215 TrainOpt 5.5011e-05 Valid 3.3075e-03 LR: 3.3453e-05
Elapsed: 23154.52s Epoch 1216 TrainOpt 4.4624e-05 Valid skipped LR: 3.3379e-05
Elapsed: 23172.39s Epoch 1217 TrainOpt 5.9334e-05 Valid skipped LR: 3.3305e-05
Elapsed: 23190.40s Epoch 1218 TrainOpt 5.5523e-05 Valid skipped LR: 3.3230e-05
Elapsed: 23208.77s Epoch 1219 TrainOpt 7.8452e-05 Valid skipped LR: 3.3156e-05
Elapsed: 23227.86s Epoch 1220 TrainOpt 5.3041e-05 Valid 3.2892e-03 LR: 3.3082e-05
Elapsed: 23245.79s Epoch 1221 TrainOpt 5.7138e-05 Valid skipped LR: 3.3008e-05
Elapsed: 23263.83s Epoch 1222 TrainOpt 7.6528e-05 Valid skipped LR: 3.2934e-05
Elapsed: 23281.91s Epoch 1223 TrainOpt 7.6007e-05 Valid skipped LR: 3.2861e-05
Elapsed: 23299.87s Epoch 1224 TrainOpt 1.3253e-04 Valid skipped LR: 3.2787e-05
Elapsed: 23318.78s Epoch 1225 TrainOpt 1.1412e-04 Valid 3.2679e-03 LR: 3.2713e-05
Elapsed: 23337.32s Epoch 1226 TrainOpt 1.0180e-04 Valid skipped LR: 3.2639e-05
Elapsed: 23355.53s Epoch 1227 TrainOpt 8.8582e-05 Valid skipped LR: 3.2565e-05
Elapsed: 23373.65s Epoch 1228 TrainOpt 6.2330e-05 Valid skipped LR: 3.2492e-05
Elapsed: 23391.81s Epoch 1229 TrainOpt 4.7431e-05 Valid skipped LR: 3.2418e-05
Elapsed: 23410.94s Epoch 1230 TrainOpt 4.1041e-05 Valid 3.3295e-03 LR: 3.2344e-05
Elapsed: 23428.72s Epoch 1231 TrainOpt 4.8187e-05 Valid skipped LR: 3.2271e-05
Elapsed: 23447.00s Epoch 1232 TrainOpt 5.2414e-05 Valid skipped LR: 3.2197e-05
Elapsed: 23464.70s Epoch 1233 TrainOpt 4.4707e-05 Valid skipped LR: 3.2124e-05
Elapsed: 23482.80s Epoch 1234 TrainOpt 4.7342e-05 Valid skipped LR: 3.2050e-05
Elapsed: 23501.81s Epoch 1235 TrainOpt 4.2777e-05 Valid 3.3324e-03 LR: 3.1977e-05
Elapsed: 23519.38s Epoch 1236 TrainOpt 4.4065e-05 Valid skipped LR: 3.1904e-05
Elapsed: 23537.40s Epoch 1237 TrainOpt 4.4694e-05 Valid skipped LR: 3.1830e-05
Elapsed: 23555.36s Epoch 1238 TrainOpt 4.1348e-05 Valid skipped LR: 3.1757e-05
Elapsed: 23573.32s Epoch 1239 TrainOpt 3.9012e-05 Valid skipped LR: 3.1684e-05
Elapsed: 23591.87s Epoch 1240 TrainOpt 3.8703e-05 Valid 3.3116e-03 LR: 3.1611e-05
Elapsed: 23609.71s Epoch 1241 TrainOpt 6.1256e-05 Valid skipped LR: 3.1538e-05
Elapsed: 23627.37s Epoch 1242 TrainOpt 1.2680e-04 Valid skipped LR: 3.1465e-05
Elapsed: 23644.41s Epoch 1243 TrainOpt 1.3188e-04 Valid skipped LR: 3.1392e-05
Elapsed: 23661.67s Epoch 1244 TrainOpt 1.1685e-04 Valid skipped LR: 3.1319e-05
Elapsed: 23680.54s Epoch 1245 TrainOpt 9.4996e-05 Valid 3.4703e-03 LR: 3.1246e-05
Elapsed: 23698.65s Epoch 1246 TrainOpt 7.8023e-05 Valid skipped LR: 3.1173e-05
Elapsed: 23716.38s Epoch 1247 TrainOpt 6.1455e-05 Valid skipped LR: 3.1100e-05
Elapsed: 23734.29s Epoch 1248 TrainOpt 5.6096e-05 Valid skipped LR: 3.1027e-05
Elapsed: 23752.33s Epoch 1249 TrainOpt 4.8137e-05 Valid skipped LR: 3.0955e-05
Elapsed: 23771.43s Epoch 1250 TrainOpt 5.6446e-05 Valid 3.3453e-03 LR: 3.0882e-05
Elapsed: 23788.91s Epoch 1251 TrainOpt 5.2344e-05 Valid skipped LR: 3.0809e-05
Elapsed: 23806.33s Epoch 1252 TrainOpt 4.2561e-05 Valid skipped LR: 3.0737e-05
Elapsed: 23823.79s Epoch 1253 TrainOpt 4.7062e-05 Valid skipped LR: 3.0664e-05
Elapsed: 23842.04s Epoch 1254 TrainOpt 6.2787e-05 Valid skipped LR: 3.0592e-05
Elapsed: 23860.95s Epoch 1255 TrainOpt 6.7390e-05 Valid 3.2542e-03 LR: 3.0519e-05
Elapsed: 23878.81s Epoch 1256 TrainOpt 6.1428e-05 Valid skipped LR: 3.0447e-05
Elapsed: 23896.51s Epoch 1257 TrainOpt 5.9556e-05 Valid skipped LR: 3.0374e-05
Elapsed: 23914.68s Epoch 1258 TrainOpt 6.5045e-05 Valid skipped LR: 3.0302e-05
Elapsed: 23932.22s Epoch 1259 TrainOpt 6.4841e-05 Valid skipped LR: 3.0230e-05
Elapsed: 23951.24s Epoch 1260 TrainOpt 6.7213e-05 Valid 3.3781e-03 LR: 3.0158e-05
Elapsed: 23969.15s Epoch 1261 TrainOpt 6.3170e-05 Valid skipped LR: 3.0085e-05
Elapsed: 23987.01s Epoch 1262 TrainOpt 6.3170e-05 Valid skipped LR: 3.0013e-05
Elapsed: 24004.81s Epoch 1263 TrainOpt 8.5297e-05 Valid skipped LR: 2.9941e-05
Elapsed: 24022.45s Epoch 1264 TrainOpt 7.0225e-05 Valid skipped LR: 2.9869e-05
Elapsed: 24041.43s Epoch 1265 TrainOpt 5.0919e-05 Valid 3.3432e-03 LR: 2.9797e-05
Elapsed: 24059.33s Epoch 1266 TrainOpt 7.4304e-05 Valid skipped LR: 2.9725e-05
Elapsed: 24076.77s Epoch 1267 TrainOpt 6.4234e-05 Valid skipped LR: 2.9653e-05
Elapsed: 24094.92s Epoch 1268 TrainOpt 5.7394e-05 Valid skipped LR: 2.9582e-05
Elapsed: 24113.21s Epoch 1269 TrainOpt 4.8083e-05 Valid skipped LR: 2.9510e-05
Elapsed: 24132.33s Epoch 1270 TrainOpt 4.5948e-05 Valid 3.2942e-03 LR: 2.9438e-05
Elapsed: 24150.14s Epoch 1271 TrainOpt 4.0278e-05 Valid skipped LR: 2.9366e-05
Elapsed: 24168.02s Epoch 1272 TrainOpt 4.3569e-05 Valid skipped LR: 2.9295e-05
Elapsed: 24186.16s Epoch 1273 TrainOpt 4.4281e-05 Valid skipped LR: 2.9223e-05
Elapsed: 24204.55s Epoch 1274 TrainOpt 4.9144e-05 Valid skipped LR: 2.9152e-05
Elapsed: 24223.54s Epoch 1275 TrainOpt 5.0845e-05 Valid 3.3967e-03 LR: 2.9080e-05
Elapsed: 24241.51s Epoch 1276 TrainOpt 4.2782e-05 Valid skipped LR: 2.9009e-05
Elapsed: 24259.56s Epoch 1277 TrainOpt 4.1141e-05 Valid skipped LR: 2.8938e-05
Elapsed: 24277.40s Epoch 1278 TrainOpt 1.1334e-04 Valid skipped LR: 2.8866e-05
Elapsed: 24295.36s Epoch 1279 TrainOpt 7.1367e-05 Valid skipped LR: 2.8795e-05
Elapsed: 24314.32s Epoch 1280 TrainOpt 6.3737e-05 Valid 3.2746e-03 LR: 2.8724e-05
Elapsed: 24332.37s Epoch 1281 TrainOpt 4.8534e-05 Valid skipped LR: 2.8653e-05
Elapsed: 24350.51s Epoch 1282 TrainOpt 4.0251e-05 Valid skipped LR: 2.8582e-05
Elapsed: 24368.70s Epoch 1283 TrainOpt 3.9695e-05 Valid skipped LR: 2.8511e-05
Elapsed: 24386.71s Epoch 1284 TrainOpt 3.8022e-05 Valid skipped LR: 2.8440e-05
Elapsed: 24405.63s Epoch 1285 TrainOpt 4.9022e-05 Valid 3.3220e-03 LR: 2.8369e-05
Elapsed: 24423.65s Epoch 1286 TrainOpt 4.7832e-05 Valid skipped LR: 2.8298e-05
Elapsed: 24441.84s Epoch 1287 TrainOpt 4.1246e-05 Valid skipped LR: 2.8227e-05
Elapsed: 24459.92s Epoch 1288 TrainOpt 4.9349e-05 Valid skipped LR: 2.8156e-05
Elapsed: 24478.02s Epoch 1289 TrainOpt 4.4891e-05 Valid skipped LR: 2.8085e-05
Elapsed: 24497.41s Epoch 1290 TrainOpt 4.7459e-05 Valid 3.3099e-03 LR: 2.8015e-05
Elapsed: 24515.83s Epoch 1291 TrainOpt 6.9925e-05 Valid skipped LR: 2.7944e-05
Elapsed: 24534.02s Epoch 1292 TrainOpt 1.2309e-04 Valid skipped LR: 2.7874e-05
Elapsed: 24552.24s Epoch 1293 TrainOpt 9.0998e-05 Valid skipped LR: 2.7803e-05
Elapsed: 24569.96s Epoch 1294 TrainOpt 8.6496e-05 Valid skipped LR: 2.7733e-05
Elapsed: 24589.18s Epoch 1295 TrainOpt 6.8857e-05 Valid 3.3139e-03 LR: 2.7662e-05
Elapsed: 24607.66s Epoch 1296 TrainOpt 5.1043e-05 Valid skipped LR: 2.7592e-05
Elapsed: 24625.67s Epoch 1297 TrainOpt 5.4029e-05 Valid skipped LR: 2.7522e-05
Elapsed: 24643.77s Epoch 1298 TrainOpt 4.4343e-05 Valid skipped LR: 2.7452e-05
Elapsed: 24661.68s Epoch 1299 TrainOpt 4.1347e-05 Valid skipped LR: 2.7381e-05
Elapsed: 24680.63s Epoch 1300 TrainOpt 4.0142e-05 Valid 3.3524e-03 LR: 2.7311e-05
Elapsed: 24739.14s Epoch 1301 TrainOpt 3.8246e-05 Valid skipped LR: 2.7241e-05
Elapsed: 24757.29s Epoch 1302 TrainOpt 3.6837e-05 Valid skipped LR: 2.7171e-05
Elapsed: 24775.32s Epoch 1303 TrainOpt 4.1752e-05 Valid skipped LR: 2.7101e-05
Elapsed: 24793.81s Epoch 1304 TrainOpt 7.4485e-05 Valid skipped LR: 2.7031e-05
Elapsed: 24813.34s Epoch 1305 TrainOpt 8.0024e-05 Valid 3.2956e-03 LR: 2.6962e-05
Elapsed: 24831.42s Epoch 1306 TrainOpt 5.5567e-05 Valid skipped LR: 2.6892e-05
Elapsed: 24849.21s Epoch 1307 TrainOpt 5.5596e-05 Valid skipped LR: 2.6822e-05
Elapsed: 24867.59s Epoch 1308 TrainOpt 5.0205e-05 Valid skipped LR: 2.6752e-05
Elapsed: 24885.91s Epoch 1309 TrainOpt 4.4129e-05 Valid skipped LR: 2.6683e-05
Elapsed: 24905.11s Epoch 1310 TrainOpt 4.8084e-05 Valid 3.3729e-03 LR: 2.6613e-05
Elapsed: 24922.97s Epoch 1311 TrainOpt 6.3437e-05 Valid skipped LR: 2.6544e-05
Elapsed: 24941.28s Epoch 1312 TrainOpt 6.8549e-05 Valid skipped LR: 2.6474e-05
Elapsed: 24959.39s Epoch 1313 TrainOpt 7.6115e-05 Valid skipped LR: 2.6405e-05
Elapsed: 24977.42s Epoch 1314 TrainOpt 5.2051e-05 Valid skipped LR: 2.6336e-05
Elapsed: 24996.71s Epoch 1315 TrainOpt 3.7118e-05 Valid 3.2564e-03 LR: 2.6266e-05
Elapsed: 25014.49s Epoch 1316 TrainOpt 3.8921e-05 Valid skipped LR: 2.6197e-05
Elapsed: 25033.33s Epoch 1317 TrainOpt 3.5290e-05 Valid skipped LR: 2.6128e-05
Elapsed: 25051.75s Epoch 1318 TrainOpt 4.4636e-05 Valid skipped LR: 2.6059e-05
Elapsed: 25070.17s Epoch 1319 TrainOpt 3.7074e-05 Valid skipped LR: 2.5990e-05
Elapsed: 25089.25s Epoch 1320 TrainOpt 4.4610e-05 Valid 3.3495e-03 LR: 2.5921e-05
Elapsed: 25107.83s Epoch 1321 TrainOpt 3.6940e-05 Valid skipped LR: 2.5852e-05
Elapsed: 25126.06s Epoch 1322 TrainOpt 4.4015e-05 Valid skipped LR: 2.5783e-05
Elapsed: 25144.39s Epoch 1323 TrainOpt 5.4211e-05 Valid skipped LR: 2.5715e-05
Elapsed: 25162.95s Epoch 1324 TrainOpt 4.8029e-05 Valid skipped LR: 2.5646e-05
Elapsed: 25181.97s Epoch 1325 TrainOpt 4.7472e-05 Valid 3.4020e-03 LR: 2.5577e-05
Elapsed: 25199.67s Epoch 1326 TrainOpt 5.7994e-05 Valid skipped LR: 2.5509e-05
Elapsed: 25217.40s Epoch 1327 TrainOpt 4.4739e-05 Valid skipped LR: 2.5440e-05
Elapsed: 25235.75s Epoch 1328 TrainOpt 5.9498e-05 Valid skipped LR: 2.5372e-05
Elapsed: 25253.62s Epoch 1329 TrainOpt 5.5163e-05 Valid skipped LR: 2.5303e-05
Elapsed: 25272.54s Epoch 1330 TrainOpt 4.8511e-05 Valid 3.3833e-03 LR: 2.5235e-05
Elapsed: 25290.77s Epoch 1331 TrainOpt 6.4137e-05 Valid skipped LR: 2.5167e-05
Elapsed: 25309.05s Epoch 1332 TrainOpt 9.1550e-05 Valid skipped LR: 2.5098e-05
Elapsed: 25326.76s Epoch 1333 TrainOpt 7.5666e-05 Valid skipped LR: 2.5030e-05
Elapsed: 25344.87s Epoch 1334 TrainOpt 6.9149e-05 Valid skipped LR: 2.4962e-05
Elapsed: 25363.76s Epoch 1335 TrainOpt 4.8486e-05 Valid 3.2670e-03 LR: 2.4894e-05
Elapsed: 25382.29s Epoch 1336 TrainOpt 4.1758e-05 Valid skipped LR: 2.4826e-05
Elapsed: 25400.25s Epoch 1337 TrainOpt 3.4776e-05 Valid skipped LR: 2.4758e-05
Elapsed: 25418.23s Epoch 1338 TrainOpt 3.1413e-05 Valid skipped LR: 2.4690e-05
Elapsed: 25436.01s Epoch 1339 TrainOpt 3.1473e-05 Valid skipped LR: 2.4623e-05
Elapsed: 25455.31s Epoch 1340 TrainOpt 2.9988e-05 Valid 3.2725e-03 LR: 2.4555e-05
Elapsed: 25473.19s Epoch 1341 TrainOpt 3.1082e-05 Valid skipped LR: 2.4487e-05
Elapsed: 25490.71s Epoch 1342 TrainOpt 3.2659e-05 Valid skipped LR: 2.4420e-05
Elapsed: 25508.60s Epoch 1343 TrainOpt 3.7243e-05 Valid skipped LR: 2.4352e-05
Elapsed: 25526.92s Epoch 1344 TrainOpt 3.6462e-05 Valid skipped LR: 2.4285e-05
Elapsed: 25545.62s Epoch 1345 TrainOpt 4.4519e-05 Valid 3.3397e-03 LR: 2.4217e-05
Elapsed: 25563.50s Epoch 1346 TrainOpt 6.2281e-05 Valid skipped LR: 2.4150e-05
Elapsed: 25581.12s Epoch 1347 TrainOpt 5.6430e-05 Valid skipped LR: 2.4082e-05
Elapsed: 25599.44s Epoch 1348 TrainOpt 5.2686e-05 Valid skipped LR: 2.4015e-05
Elapsed: 25617.57s Epoch 1349 TrainOpt 6.6685e-05 Valid skipped LR: 2.3948e-05
Elapsed: 25636.54s Epoch 1350 TrainOpt 5.0144e-05 Valid 3.2957e-03 LR: 2.3881e-05
Elapsed: 25654.41s Epoch 1351 TrainOpt 8.8728e-05 Valid skipped LR: 2.3814e-05
Elapsed: 25672.68s Epoch 1352 TrainOpt 6.0313e-05 Valid skipped LR: 2.3747e-05
Elapsed: 25689.61s Epoch 1353 TrainOpt 4.4794e-05 Valid skipped LR: 2.3680e-05
Elapsed: 25706.89s Epoch 1354 TrainOpt 4.2449e-05 Valid skipped LR: 2.3613e-05
Elapsed: 25725.03s Epoch 1355 TrainOpt 3.6302e-05 Valid 3.3142e-03 LR: 2.3547e-05
Elapsed: 25742.68s Epoch 1356 TrainOpt 3.3208e-05 Valid skipped LR: 2.3480e-05
Elapsed: 25760.55s Epoch 1357 TrainOpt 3.1009e-05 Valid skipped LR: 2.3413e-05
Elapsed: 25778.45s Epoch 1358 TrainOpt 3.0242e-05 Valid skipped LR: 2.3347e-05
Elapsed: 25796.31s Epoch 1359 TrainOpt 3.1105e-05 Valid skipped LR: 2.3280e-05
Elapsed: 25815.19s Epoch 1360 TrainOpt 3.5962e-05 Valid 3.3412e-03 LR: 2.3214e-05
Elapsed: 25833.06s Epoch 1361 TrainOpt 3.0678e-05 Valid skipped LR: 2.3147e-05
Elapsed: 25850.95s Epoch 1362 TrainOpt 3.2645e-05 Valid skipped LR: 2.3081e-05
Elapsed: 25869.40s Epoch 1363 TrainOpt 3.5473e-05 Valid skipped LR: 2.3015e-05
Elapsed: 25887.20s Epoch 1364 TrainOpt 3.1714e-05 Valid skipped LR: 2.2949e-05
Elapsed: 25905.82s Epoch 1365 TrainOpt 4.4199e-05 Valid 3.3438e-03 LR: 2.2882e-05
Elapsed: 25923.09s Epoch 1366 TrainOpt 4.6846e-05 Valid skipped LR: 2.2816e-05
Elapsed: 25941.12s Epoch 1367 TrainOpt 7.4149e-05 Valid skipped LR: 2.2750e-05
Elapsed: 25958.78s Epoch 1368 TrainOpt 1.0541e-04 Valid skipped LR: 2.2685e-05
Elapsed: 25976.42s Epoch 1369 TrainOpt 5.7685e-05 Valid skipped LR: 2.2619e-05
Elapsed: 25995.65s Epoch 1370 TrainOpt 5.2264e-05 Valid 3.3058e-03 LR: 2.2553e-05
Elapsed: 26013.95s Epoch 1371 TrainOpt 4.7902e-05 Valid skipped LR: 2.2487e-05
Elapsed: 26031.59s Epoch 1372 TrainOpt 4.1701e-05 Valid skipped LR: 2.2422e-05
Elapsed: 26049.37s Epoch 1373 TrainOpt 3.4235e-05 Valid skipped LR: 2.2356e-05
Elapsed: 26067.05s Epoch 1374 TrainOpt 2.9444e-05 Valid skipped LR: 2.2291e-05
Elapsed: 26086.00s Epoch 1375 TrainOpt 3.1024e-05 Valid 3.2969e-03 LR: 2.2225e-05
Elapsed: 26103.75s Epoch 1376 TrainOpt 3.0644e-05 Valid skipped LR: 2.2160e-05
Elapsed: 26121.95s Epoch 1377 TrainOpt 3.2780e-05 Valid skipped LR: 2.2095e-05
Elapsed: 26139.65s Epoch 1378 TrainOpt 3.6949e-05 Valid skipped LR: 2.2029e-05
Elapsed: 26157.99s Epoch 1379 TrainOpt 4.0735e-05 Valid skipped LR: 2.1964e-05
Elapsed: 26176.86s Epoch 1380 TrainOpt 3.7120e-05 Valid 3.3030e-03 LR: 2.1899e-05
Elapsed: 26194.60s Epoch 1381 TrainOpt 3.6366e-05 Valid skipped LR: 2.1834e-05
Elapsed: 26212.21s Epoch 1382 TrainOpt 3.6916e-05 Valid skipped LR: 2.1769e-05
Elapsed: 26230.55s Epoch 1383 TrainOpt 3.6586e-05 Valid skipped LR: 2.1704e-05
Elapsed: 26249.10s Epoch 1384 TrainOpt 4.2883e-05 Valid skipped LR: 2.1639e-05
Elapsed: 26267.98s Epoch 1385 TrainOpt 4.3731e-05 Valid 3.3229e-03 LR: 2.1575e-05
Elapsed: 26286.10s Epoch 1386 TrainOpt 3.7134e-05 Valid skipped LR: 2.1510e-05
Elapsed: 26304.09s Epoch 1387 TrainOpt 4.0343e-05 Valid skipped LR: 2.1445e-05
Elapsed: 26322.07s Epoch 1388 TrainOpt 3.8366e-05 Valid skipped LR: 2.1381e-05
Elapsed: 26340.47s Epoch 1389 TrainOpt 4.8541e-05 Valid skipped LR: 2.1317e-05
Elapsed: 26359.44s Epoch 1390 TrainOpt 5.1951e-05 Valid 3.4014e-03 LR: 2.1252e-05
Elapsed: 26377.68s Epoch 1391 TrainOpt 5.4864e-05 Valid skipped LR: 2.1188e-05
Elapsed: 26395.49s Epoch 1392 TrainOpt 3.9982e-05 Valid skipped LR: 2.1124e-05
Elapsed: 26413.43s Epoch 1393 TrainOpt 4.1699e-05 Valid skipped LR: 2.1059e-05
Elapsed: 26431.73s Epoch 1394 TrainOpt 3.9995e-05 Valid skipped LR: 2.0995e-05
Elapsed: 26450.77s Epoch 1395 TrainOpt 3.3589e-05 Valid 3.3772e-03 LR: 2.0931e-05
Elapsed: 26468.74s Epoch 1396 TrainOpt 2.9339e-05 Valid skipped LR: 2.0867e-05
Elapsed: 26486.85s Epoch 1397 TrainOpt 3.0120e-05 Valid skipped LR: 2.0804e-05
Elapsed: 26504.78s Epoch 1398 TrainOpt 3.9250e-05 Valid skipped LR: 2.0740e-05
Elapsed: 26523.10s Epoch 1399 TrainOpt 3.6326e-05 Valid skipped LR: 2.0676e-05
Elapsed: 26541.81s Epoch 1400 TrainOpt 5.9760e-05 Valid 3.3879e-03 LR: 2.0612e-05
Elapsed: 26600.09s Epoch 1401 TrainOpt 5.9309e-05 Valid skipped LR: 2.0549e-05
Elapsed: 26618.05s Epoch 1402 TrainOpt 4.3737e-05 Valid skipped LR: 2.0485e-05
Elapsed: 26636.09s Epoch 1403 TrainOpt 4.2158e-05 Valid skipped LR: 2.0422e-05
Elapsed: 26654.28s Epoch 1404 TrainOpt 4.4803e-05 Valid skipped LR: 2.0358e-05
Elapsed: 26673.36s Epoch 1405 TrainOpt 4.4359e-05 Valid 3.3078e-03 LR: 2.0295e-05
Elapsed: 26691.16s Epoch 1406 TrainOpt 3.9790e-05 Valid skipped LR: 2.0232e-05
Elapsed: 26709.67s Epoch 1407 TrainOpt 4.1277e-05 Valid skipped LR: 2.0169e-05
Elapsed: 26727.49s Epoch 1408 TrainOpt 3.6448e-05 Valid skipped LR: 2.0106e-05
Elapsed: 26745.36s Epoch 1409 TrainOpt 2.8938e-05 Valid skipped LR: 2.0043e-05
Elapsed: 26764.62s Epoch 1410 TrainOpt 2.9839e-05 Valid 3.3346e-03 LR: 1.9980e-05
Elapsed: 26783.28s Epoch 1411 TrainOpt 2.9245e-05 Valid skipped LR: 1.9917e-05
Elapsed: 26801.14s Epoch 1412 TrainOpt 2.8032e-05 Valid skipped LR: 1.9854e-05
Elapsed: 26819.03s Epoch 1413 TrainOpt 3.0961e-05 Valid skipped LR: 1.9791e-05
Elapsed: 26837.21s Epoch 1414 TrainOpt 3.3306e-05 Valid skipped LR: 1.9729e-05
Elapsed: 26856.67s Epoch 1415 TrainOpt 3.0212e-05 Valid 3.3179e-03 LR: 1.9666e-05
Elapsed: 26874.91s Epoch 1416 TrainOpt 4.8028e-05 Valid skipped LR: 1.9604e-05
Elapsed: 26893.12s Epoch 1417 TrainOpt 3.8881e-05 Valid skipped LR: 1.9541e-05
Elapsed: 26910.98s Epoch 1418 TrainOpt 4.0823e-05 Valid skipped LR: 1.9479e-05
Elapsed: 26929.12s Epoch 1419 TrainOpt 3.5025e-05 Valid skipped LR: 1.9417e-05
Elapsed: 26948.08s Epoch 1420 TrainOpt 4.2013e-05 Valid 3.3457e-03 LR: 1.9355e-05
Elapsed: 26966.15s Epoch 1421 TrainOpt 5.1063e-05 Valid skipped LR: 1.9293e-05
Elapsed: 26984.09s Epoch 1422 TrainOpt 4.3791e-05 Valid skipped LR: 1.9231e-05
Elapsed: 27002.03s Epoch 1423 TrainOpt 3.2645e-05 Valid skipped LR: 1.9169e-05
Elapsed: 27019.75s Epoch 1424 TrainOpt 3.9286e-05 Valid skipped LR: 1.9107e-05
Elapsed: 27038.42s Epoch 1425 TrainOpt 3.4296e-05 Valid 3.3370e-03 LR: 1.9045e-05
Elapsed: 27056.34s Epoch 1426 TrainOpt 3.4379e-05 Valid skipped LR: 1.8983e-05
Elapsed: 27074.41s Epoch 1427 TrainOpt 3.1456e-05 Valid skipped LR: 1.8922e-05
Elapsed: 27091.97s Epoch 1428 TrainOpt 3.1752e-05 Valid skipped LR: 1.8860e-05
Elapsed: 27109.80s Epoch 1429 TrainOpt 3.5934e-05 Valid skipped LR: 1.8799e-05
Elapsed: 27128.86s Epoch 1430 TrainOpt 3.9935e-05 Valid 3.3467e-03 LR: 1.8737e-05
Elapsed: 27147.37s Epoch 1431 TrainOpt 3.7905e-05 Valid skipped LR: 1.8676e-05
Elapsed: 27165.46s Epoch 1432 TrainOpt 3.9670e-05 Valid skipped LR: 1.8615e-05
Elapsed: 27183.58s Epoch 1433 TrainOpt 4.0379e-05 Valid skipped LR: 1.8553e-05
Elapsed: 27201.50s Epoch 1434 TrainOpt 3.2020e-05 Valid skipped LR: 1.8492e-05
Elapsed: 27220.74s Epoch 1435 TrainOpt 3.3961e-05 Valid 3.3374e-03 LR: 1.8431e-05
Elapsed: 27238.80s Epoch 1436 TrainOpt 2.9765e-05 Valid skipped LR: 1.8370e-05
Elapsed: 27256.79s Epoch 1437 TrainOpt 2.7749e-05 Valid skipped LR: 1.8309e-05
Elapsed: 27275.25s Epoch 1438 TrainOpt 2.5841e-05 Valid skipped LR: 1.8249e-05
Elapsed: 27293.21s Epoch 1439 TrainOpt 2.6836e-05 Valid skipped LR: 1.8188e-05
Elapsed: 27312.36s Epoch 1440 TrainOpt 2.6779e-05 Valid 3.3244e-03 LR: 1.8127e-05
Elapsed: 27330.16s Epoch 1441 TrainOpt 3.1203e-05 Valid skipped LR: 1.8067e-05
Elapsed: 27348.50s Epoch 1442 TrainOpt 3.8046e-05 Valid skipped LR: 1.8006e-05
Elapsed: 27366.60s Epoch 1443 TrainOpt 3.6025e-05 Valid skipped LR: 1.7946e-05
Elapsed: 27384.50s Epoch 1444 TrainOpt 4.1487e-05 Valid skipped LR: 1.7886e-05
Elapsed: 27403.42s Epoch 1445 TrainOpt 4.1936e-05 Valid 3.3136e-03 LR: 1.7825e-05
Elapsed: 27421.68s Epoch 1446 TrainOpt 4.4750e-05 Valid skipped LR: 1.7765e-05
Elapsed: 27440.43s Epoch 1447 TrainOpt 3.9837e-05 Valid skipped LR: 1.7705e-05
Elapsed: 27458.16s Epoch 1448 TrainOpt 3.5148e-05 Valid skipped LR: 1.7645e-05
Elapsed: 27476.33s Epoch 1449 TrainOpt 2.8805e-05 Valid skipped LR: 1.7585e-05
Elapsed: 27495.47s Epoch 1450 TrainOpt 2.7970e-05 Valid 3.3271e-03 LR: 1.7525e-05
Elapsed: 27513.56s Epoch 1451 TrainOpt 2.7732e-05 Valid skipped LR: 1.7466e-05
Elapsed: 27531.33s Epoch 1452 TrainOpt 2.9787e-05 Valid skipped LR: 1.7406e-05
Elapsed: 27549.24s Epoch 1453 TrainOpt 2.8592e-05 Valid skipped LR: 1.7346e-05
Elapsed: 27567.50s Epoch 1454 TrainOpt 3.0867e-05 Valid skipped LR: 1.7287e-05
Elapsed: 27586.33s Epoch 1455 TrainOpt 2.7736e-05 Valid 3.3623e-03 LR: 1.7227e-05
Elapsed: 27604.00s Epoch 1456 TrainOpt 3.1870e-05 Valid skipped LR: 1.7168e-05
Elapsed: 27622.21s Epoch 1457 TrainOpt 3.0781e-05 Valid skipped LR: 1.7109e-05
Elapsed: 27639.87s Epoch 1458 TrainOpt 2.9006e-05 Valid skipped LR: 1.7050e-05
Elapsed: 27657.67s Epoch 1459 TrainOpt 3.1162e-05 Valid skipped LR: 1.6991e-05
Elapsed: 27676.41s Epoch 1460 TrainOpt 5.5225e-05 Valid 3.3160e-03 LR: 1.6932e-05
Elapsed: 27694.53s Epoch 1461 TrainOpt 4.1273e-05 Valid skipped LR: 1.6873e-05
Elapsed: 27712.69s Epoch 1462 TrainOpt 3.8031e-05 Valid skipped LR: 1.6814e-05
Elapsed: 27730.61s Epoch 1463 TrainOpt 3.1855e-05 Valid skipped LR: 1.6755e-05
Elapsed: 27747.89s Epoch 1464 TrainOpt 2.9771e-05 Valid skipped LR: 1.6696e-05
Elapsed: 27765.79s Epoch 1465 TrainOpt 3.4196e-05 Valid 3.3268e-03 LR: 1.6638e-05
Elapsed: 27782.75s Epoch 1466 TrainOpt 3.2348e-05 Valid skipped LR: 1.6579e-05
Elapsed: 27800.86s Epoch 1467 TrainOpt 2.8852e-05 Valid skipped LR: 1.6521e-05
Elapsed: 27819.06s Epoch 1468 TrainOpt 2.8938e-05 Valid skipped LR: 1.6462e-05
Elapsed: 27837.02s Epoch 1469 TrainOpt 3.4911e-05 Valid skipped LR: 1.6404e-05
Elapsed: 27856.46s Epoch 1470 TrainOpt 2.9724e-05 Valid 3.3181e-03 LR: 1.6346e-05
Elapsed: 27874.99s Epoch 1471 TrainOpt 3.0982e-05 Valid skipped LR: 1.6288e-05
Elapsed: 27892.95s Epoch 1472 TrainOpt 2.8928e-05 Valid skipped LR: 1.6230e-05
Elapsed: 27911.27s Epoch 1473 TrainOpt 3.2394e-05 Valid skipped LR: 1.6172e-05
Elapsed: 27929.07s Epoch 1474 TrainOpt 3.0042e-05 Valid skipped LR: 1.6114e-05
Elapsed: 27948.13s Epoch 1475 TrainOpt 2.9989e-05 Valid 3.3282e-03 LR: 1.6056e-05
Elapsed: 27965.69s Epoch 1476 TrainOpt 2.8156e-05 Valid skipped LR: 1.5998e-05
Elapsed: 27983.54s Epoch 1477 TrainOpt 2.8852e-05 Valid skipped LR: 1.5941e-05
Elapsed: 28001.23s Epoch 1478 TrainOpt 2.9289e-05 Valid skipped LR: 1.5883e-05
Elapsed: 28018.98s Epoch 1479 TrainOpt 3.2174e-05 Valid skipped LR: 1.5826e-05
Elapsed: 28037.85s Epoch 1480 TrainOpt 3.0051e-05 Valid 3.3546e-03 LR: 1.5768e-05
Elapsed: 28056.02s Epoch 1481 TrainOpt 3.4351e-05 Valid skipped LR: 1.5711e-05
Elapsed: 28074.05s Epoch 1482 TrainOpt 3.9999e-05 Valid skipped LR: 1.5654e-05
Elapsed: 28091.89s Epoch 1483 TrainOpt 4.1980e-05 Valid skipped LR: 1.5597e-05
Elapsed: 28110.27s Epoch 1484 TrainOpt 3.8194e-05 Valid skipped LR: 1.5540e-05
Elapsed: 28129.16s Epoch 1485 TrainOpt 3.5625e-05 Valid 3.3347e-03 LR: 1.5483e-05
Elapsed: 28147.21s Epoch 1486 TrainOpt 2.8394e-05 Valid skipped LR: 1.5426e-05
Elapsed: 28164.96s Epoch 1487 TrainOpt 3.3169e-05 Valid skipped LR: 1.5369e-05
Elapsed: 28183.10s Epoch 1488 TrainOpt 3.1371e-05 Valid skipped LR: 1.5313e-05
Elapsed: 28201.27s Epoch 1489 TrainOpt 2.5930e-05 Valid skipped LR: 1.5256e-05
Elapsed: 28220.50s Epoch 1490 TrainOpt 2.4494e-05 Valid 3.3334e-03 LR: 1.5200e-05
Elapsed: 28238.49s Epoch 1491 TrainOpt 2.5528e-05 Valid skipped LR: 1.5143e-05
Elapsed: 28256.88s Epoch 1492 TrainOpt 2.4877e-05 Valid skipped LR: 1.5087e-05
Elapsed: 28274.38s Epoch 1493 TrainOpt 2.4964e-05 Valid skipped LR: 1.5031e-05
Elapsed: 28291.96s Epoch 1494 TrainOpt 2.6452e-05 Valid skipped LR: 1.4974e-05
Elapsed: 28311.13s Epoch 1495 TrainOpt 3.0472e-05 Valid 3.3487e-03 LR: 1.4918e-05
Elapsed: 28328.93s Epoch 1496 TrainOpt 2.8864e-05 Valid skipped LR: 1.4862e-05
Elapsed: 28346.54s Epoch 1497 TrainOpt 2.9700e-05 Valid skipped LR: 1.4806e-05
Elapsed: 28364.67s Epoch 1498 TrainOpt 2.7805e-05 Valid skipped LR: 1.4751e-05
Elapsed: 28382.55s Epoch 1499 TrainOpt 2.8200e-05 Valid skipped LR: 1.4695e-05
Elapsed: 28401.28s Epoch 1500 TrainOpt 3.2985e-05 Valid 3.3265e-03 LR: 1.4639e-05
Elapsed: 28460.24s Epoch 1501 TrainOpt 3.6861e-05 Valid skipped LR: 1.4584e-05
Elapsed: 28478.48s Epoch 1502 TrainOpt 2.9006e-05 Valid skipped LR: 1.4528e-05
Elapsed: 28496.50s Epoch 1503 TrainOpt 2.7655e-05 Valid skipped LR: 1.4473e-05
Elapsed: 28514.50s Epoch 1504 TrainOpt 3.0001e-05 Valid skipped LR: 1.4418e-05
Elapsed: 28533.44s Epoch 1505 TrainOpt 2.9067e-05 Valid 3.2960e-03 LR: 1.4362e-05
Elapsed: 28551.59s Epoch 1506 TrainOpt 3.0965e-05 Valid skipped LR: 1.4307e-05
Elapsed: 28569.24s Epoch 1507 TrainOpt 3.0385e-05 Valid skipped LR: 1.4252e-05
Elapsed: 28587.02s Epoch 1508 TrainOpt 4.6775e-05 Valid skipped LR: 1.4197e-05
Elapsed: 28604.98s Epoch 1509 TrainOpt 3.5968e-05 Valid skipped LR: 1.4143e-05
Elapsed: 28623.76s Epoch 1510 TrainOpt 2.9194e-05 Valid 3.3471e-03 LR: 1.4088e-05
Elapsed: 28641.40s Epoch 1511 TrainOpt 2.6293e-05 Valid skipped LR: 1.4033e-05
Elapsed: 28659.31s Epoch 1512 TrainOpt 2.4819e-05 Valid skipped LR: 1.3979e-05
Elapsed: 28677.06s Epoch 1513 TrainOpt 2.4967e-05 Valid skipped LR: 1.3924e-05
Elapsed: 28694.75s Epoch 1514 TrainOpt 2.5735e-05 Valid skipped LR: 1.3870e-05
Elapsed: 28713.73s Epoch 1515 TrainOpt 2.6140e-05 Valid 3.3188e-03 LR: 1.3815e-05
Elapsed: 28731.30s Epoch 1516 TrainOpt 2.5533e-05 Valid skipped LR: 1.3761e-05
Elapsed: 28749.21s Epoch 1517 TrainOpt 2.6229e-05 Valid skipped LR: 1.3707e-05
Elapsed: 28767.52s Epoch 1518 TrainOpt 2.4823e-05 Valid skipped LR: 1.3653e-05
Elapsed: 28785.30s Epoch 1519 TrainOpt 2.5740e-05 Valid skipped LR: 1.3599e-05
Elapsed: 28804.17s Epoch 1520 TrainOpt 2.3460e-05 Valid 3.3140e-03 LR: 1.3545e-05
Elapsed: 28822.35s Epoch 1521 TrainOpt 2.3156e-05 Valid skipped LR: 1.3491e-05
Elapsed: 28839.98s Epoch 1522 TrainOpt 2.3194e-05 Valid skipped LR: 1.3438e-05
Elapsed: 28858.03s Epoch 1523 TrainOpt 2.2876e-05 Valid skipped LR: 1.3384e-05
Elapsed: 28876.21s Epoch 1524 TrainOpt 2.3938e-05 Valid skipped LR: 1.3331e-05
Elapsed: 28895.40s Epoch 1525 TrainOpt 2.9254e-05 Valid 3.3435e-03 LR: 1.3277e-05
Elapsed: 28913.22s Epoch 1526 TrainOpt 2.6401e-05 Valid skipped LR: 1.3224e-05
Elapsed: 28931.39s Epoch 1527 TrainOpt 2.8042e-05 Valid skipped LR: 1.3171e-05
Elapsed: 28949.13s Epoch 1528 TrainOpt 3.4527e-05 Valid skipped LR: 1.3118e-05
Elapsed: 28967.61s Epoch 1529 TrainOpt 2.8437e-05 Valid skipped LR: 1.3064e-05
Elapsed: 28986.79s Epoch 1530 TrainOpt 3.0310e-05 Valid 3.3069e-03 LR: 1.3012e-05
Elapsed: 29004.51s Epoch 1531 TrainOpt 4.3123e-05 Valid skipped LR: 1.2959e-05
Elapsed: 29022.37s Epoch 1532 TrainOpt 4.2943e-05 Valid skipped LR: 1.2906e-05
Elapsed: 29040.31s Epoch 1533 TrainOpt 2.7848e-05 Valid skipped LR: 1.2853e-05
Elapsed: 29058.46s Epoch 1534 TrainOpt 2.4218e-05 Valid skipped LR: 1.2801e-05
Elapsed: 29077.30s Epoch 1535 TrainOpt 2.4802e-05 Valid 3.3321e-03 LR: 1.2748e-05
Elapsed: 29095.54s Epoch 1536 TrainOpt 2.2668e-05 Valid skipped LR: 1.2696e-05
Elapsed: 29114.16s Epoch 1537 TrainOpt 2.2733e-05 Valid skipped LR: 1.2643e-05
Elapsed: 29132.09s Epoch 1538 TrainOpt 2.2040e-05 Valid skipped LR: 1.2591e-05
Elapsed: 29149.68s Epoch 1539 TrainOpt 2.2576e-05 Valid skipped LR: 1.2539e-05
Elapsed: 29168.50s Epoch 1540 TrainOpt 2.5860e-05 Valid 3.3410e-03 LR: 1.2487e-05
Elapsed: 29185.61s Epoch 1541 TrainOpt 2.4624e-05 Valid skipped LR: 1.2435e-05
Elapsed: 29203.66s Epoch 1542 TrainOpt 2.3421e-05 Valid skipped LR: 1.2383e-05
Elapsed: 29221.84s Epoch 1543 TrainOpt 2.7570e-05 Valid skipped LR: 1.2332e-05
Elapsed: 29239.72s Epoch 1544 TrainOpt 2.5015e-05 Valid skipped LR: 1.2280e-05
Elapsed: 29258.47s Epoch 1545 TrainOpt 2.4598e-05 Valid 3.3234e-03 LR: 1.2228e-05
Elapsed: 29276.64s Epoch 1546 TrainOpt 2.4028e-05 Valid skipped LR: 1.2177e-05
Elapsed: 29294.80s Epoch 1547 TrainOpt 2.3991e-05 Valid skipped LR: 1.2125e-05
Elapsed: 29312.69s Epoch 1548 TrainOpt 2.8991e-05 Valid skipped LR: 1.2074e-05
Elapsed: 29330.91s Epoch 1549 TrainOpt 3.0604e-05 Valid skipped LR: 1.2023e-05
Elapsed: 29350.17s Epoch 1550 TrainOpt 2.9062e-05 Valid 3.3573e-03 LR: 1.1972e-05
Elapsed: 29368.22s Epoch 1551 TrainOpt 2.4601e-05 Valid skipped LR: 1.1921e-05
Elapsed: 29386.35s Epoch 1552 TrainOpt 2.3772e-05 Valid skipped LR: 1.1870e-05
Elapsed: 29404.51s Epoch 1553 TrainOpt 2.6028e-05 Valid skipped LR: 1.1819e-05
Elapsed: 29422.61s Epoch 1554 TrainOpt 2.8544e-05 Valid skipped LR: 1.1768e-05
Elapsed: 29441.86s Epoch 1555 TrainOpt 2.5618e-05 Valid 3.3520e-03 LR: 1.1718e-05
Elapsed: 29459.62s Epoch 1556 TrainOpt 2.9042e-05 Valid skipped LR: 1.1667e-05
Elapsed: 29477.55s Epoch 1557 TrainOpt 2.9537e-05 Valid skipped LR: 1.1617e-05
Elapsed: 29495.37s Epoch 1558 TrainOpt 2.4738e-05 Valid skipped LR: 1.1567e-05
Elapsed: 29513.42s Epoch 1559 TrainOpt 2.3594e-05 Valid skipped LR: 1.1516e-05
Elapsed: 29532.45s Epoch 1560 TrainOpt 2.2673e-05 Valid 3.3561e-03 LR: 1.1466e-05
Elapsed: 29550.46s Epoch 1561 TrainOpt 2.4513e-05 Valid skipped LR: 1.1416e-05
Elapsed: 29568.27s Epoch 1562 TrainOpt 2.3395e-05 Valid skipped LR: 1.1366e-05
Elapsed: 29586.02s Epoch 1563 TrainOpt 2.4867e-05 Valid skipped LR: 1.1316e-05
Elapsed: 29603.96s Epoch 1564 TrainOpt 2.3734e-05 Valid skipped LR: 1.1267e-05
Elapsed: 29623.16s Epoch 1565 TrainOpt 2.7245e-05 Valid 3.3355e-03 LR: 1.1217e-05
Elapsed: 29640.90s Epoch 1566 TrainOpt 2.4734e-05 Valid skipped LR: 1.1167e-05
Elapsed: 29659.09s Epoch 1567 TrainOpt 2.4526e-05 Valid skipped LR: 1.1118e-05
Elapsed: 29676.61s Epoch 1568 TrainOpt 2.9106e-05 Valid skipped LR: 1.1068e-05
Elapsed: 29694.81s Epoch 1569 TrainOpt 2.5599e-05 Valid skipped LR: 1.1019e-05
Elapsed: 29713.59s Epoch 1570 TrainOpt 2.5920e-05 Valid 3.3379e-03 LR: 1.0970e-05
Elapsed: 29731.67s Epoch 1571 TrainOpt 3.1036e-05 Valid skipped LR: 1.0921e-05
Elapsed: 29749.87s Epoch 1572 TrainOpt 2.3593e-05 Valid skipped LR: 1.0872e-05
Elapsed: 29767.83s Epoch 1573 TrainOpt 2.6958e-05 Valid skipped LR: 1.0823e-05
Elapsed: 29785.38s Epoch 1574 TrainOpt 2.3348e-05 Valid skipped LR: 1.0774e-05
Elapsed: 29804.05s Epoch 1575 TrainOpt 2.2590e-05 Valid 3.3363e-03 LR: 1.0725e-05
Elapsed: 29821.27s Epoch 1576 TrainOpt 2.1976e-05 Valid skipped LR: 1.0677e-05
Elapsed: 29838.52s Epoch 1577 TrainOpt 2.1948e-05 Valid skipped LR: 1.0628e-05
Elapsed: 29855.96s Epoch 1578 TrainOpt 2.1996e-05 Valid skipped LR: 1.0580e-05
Elapsed: 29873.97s Epoch 1579 TrainOpt 2.1851e-05 Valid skipped LR: 1.0532e-05
Elapsed: 29893.32s Epoch 1580 TrainOpt 2.3560e-05 Valid 3.3661e-03 LR: 1.0483e-05
Elapsed: 29911.03s Epoch 1581 TrainOpt 2.4770e-05 Valid skipped LR: 1.0435e-05
Elapsed: 29929.32s Epoch 1582 TrainOpt 2.3898e-05 Valid skipped LR: 1.0387e-05
Elapsed: 29947.15s Epoch 1583 TrainOpt 2.8822e-05 Valid skipped LR: 1.0339e-05
Elapsed: 29964.82s Epoch 1584 TrainOpt 3.6913e-05 Valid skipped LR: 1.0291e-05
Elapsed: 29983.51s Epoch 1585 TrainOpt 2.9716e-05 Valid 3.3739e-03 LR: 1.0244e-05
Elapsed: 30001.75s Epoch 1586 TrainOpt 2.3906e-05 Valid skipped LR: 1.0196e-05
Elapsed: 30019.60s Epoch 1587 TrainOpt 2.3981e-05 Valid skipped LR: 1.0149e-05
Elapsed: 30037.72s Epoch 1588 TrainOpt 2.7644e-05 Valid skipped LR: 1.0101e-05
Elapsed: 30055.19s Epoch 1589 TrainOpt 2.5895e-05 Valid skipped LR: 1.0054e-05
Elapsed: 30074.23s Epoch 1590 TrainOpt 2.2409e-05 Valid 3.3286e-03 LR: 1.0007e-05
Elapsed: 30092.16s Epoch 1591 TrainOpt 2.1881e-05 Valid skipped LR: 9.9595e-06
Elapsed: 30109.56s Epoch 1592 TrainOpt 2.3984e-05 Valid skipped LR: 9.9124e-06
Elapsed: 30127.31s Epoch 1593 TrainOpt 2.0968e-05 Valid skipped LR: 9.8655e-06
Elapsed: 30145.33s Epoch 1594 TrainOpt 2.0605e-05 Valid skipped LR: 9.8186e-06
Elapsed: 30164.46s Epoch 1595 TrainOpt 2.1463e-05 Valid 3.3555e-03 LR: 9.7719e-06
Elapsed: 30182.24s Epoch 1596 TrainOpt 2.1138e-05 Valid skipped LR: 9.7253e-06
Elapsed: 30199.83s Epoch 1597 TrainOpt 2.1235e-05 Valid skipped LR: 9.6787e-06
Elapsed: 30218.19s Epoch 1598 TrainOpt 2.5457e-05 Valid skipped LR: 9.6323e-06
Elapsed: 30236.09s Epoch 1599 TrainOpt 2.1982e-05 Valid skipped LR: 9.5860e-06
Elapsed: 30254.82s Epoch 1600 TrainOpt 2.1476e-05 Valid 3.3737e-03 LR: 9.5397e-06
Elapsed: 30312.66s Epoch 1601 TrainOpt 2.5524e-05 Valid skipped LR: 9.4936e-06
Elapsed: 30330.59s Epoch 1602 TrainOpt 2.5197e-05 Valid skipped LR: 9.4475e-06
Elapsed: 30348.57s Epoch 1603 TrainOpt 2.4668e-05 Valid skipped LR: 9.4016e-06
Elapsed: 30366.67s Epoch 1604 TrainOpt 2.3363e-05 Valid skipped LR: 9.3558e-06
Elapsed: 30386.04s Epoch 1605 TrainOpt 2.2284e-05 Valid 3.3305e-03 LR: 9.3100e-06
Elapsed: 30404.22s Epoch 1606 TrainOpt 2.1012e-05 Valid skipped LR: 9.2644e-06
Elapsed: 30422.38s Epoch 1607 TrainOpt 2.0432e-05 Valid skipped LR: 9.2188e-06
Elapsed: 30440.39s Epoch 1608 TrainOpt 2.0102e-05 Valid skipped LR: 9.1734e-06
Elapsed: 30457.93s Epoch 1609 TrainOpt 2.0468e-05 Valid skipped LR: 9.1281e-06
Elapsed: 30476.77s Epoch 1610 TrainOpt 2.2048e-05 Valid 3.3531e-03 LR: 9.0828e-06
Elapsed: 30495.02s Epoch 1611 TrainOpt 2.5038e-05 Valid skipped LR: 9.0377e-06
Elapsed: 30513.27s Epoch 1612 TrainOpt 2.5620e-05 Valid skipped LR: 8.9927e-06
Elapsed: 30531.25s Epoch 1613 TrainOpt 2.6033e-05 Valid skipped LR: 8.9478e-06
Elapsed: 30549.11s Epoch 1614 TrainOpt 2.7215e-05 Valid skipped LR: 8.9029e-06
Elapsed: 30568.48s Epoch 1615 TrainOpt 2.4117e-05 Valid 3.3679e-03 LR: 8.8582e-06
Elapsed: 30586.29s Epoch 1616 TrainOpt 2.3042e-05 Valid skipped LR: 8.8136e-06
Elapsed: 30604.88s Epoch 1617 TrainOpt 2.2171e-05 Valid skipped LR: 8.7691e-06
Elapsed: 30623.17s Epoch 1618 TrainOpt 2.1078e-05 Valid skipped LR: 8.7246e-06
Elapsed: 30641.34s Epoch 1619 TrainOpt 2.1014e-05 Valid skipped LR: 8.6803e-06
Elapsed: 30660.19s Epoch 1620 TrainOpt 2.0840e-05 Valid 3.3544e-03 LR: 8.6361e-06
Elapsed: 30678.40s Epoch 1621 TrainOpt 2.0247e-05 Valid skipped LR: 8.5920e-06
Elapsed: 30696.29s Epoch 1622 TrainOpt 1.9764e-05 Valid skipped LR: 8.5480e-06
Elapsed: 30714.70s Epoch 1623 TrainOpt 2.0621e-05 Valid skipped LR: 8.5041e-06
Elapsed: 30732.38s Epoch 1624 TrainOpt 2.6452e-05 Valid skipped LR: 8.4603e-06
Elapsed: 30751.16s Epoch 1625 TrainOpt 2.4084e-05 Valid 3.3549e-03 LR: 8.4166e-06
Elapsed: 30769.31s Epoch 1626 TrainOpt 2.3286e-05 Valid skipped LR: 8.3730e-06
Elapsed: 30787.25s Epoch 1627 TrainOpt 2.5230e-05 Valid skipped LR: 8.3295e-06
Elapsed: 30805.67s Epoch 1628 TrainOpt 2.3592e-05 Valid skipped LR: 8.2861e-06
Elapsed: 30824.07s Epoch 1629 TrainOpt 2.1075e-05 Valid skipped LR: 8.2428e-06
Elapsed: 30843.13s Epoch 1630 TrainOpt 2.0936e-05 Valid 3.3420e-03 LR: 8.1996e-06
Elapsed: 30861.17s Epoch 1631 TrainOpt 2.1009e-05 Valid skipped LR: 8.1565e-06
Elapsed: 30879.19s Epoch 1632 TrainOpt 2.1398e-05 Valid skipped LR: 8.1135e-06
Elapsed: 30897.15s Epoch 1633 TrainOpt 2.0448e-05 Valid skipped LR: 8.0707e-06
Elapsed: 30915.24s Epoch 1634 TrainOpt 2.0125e-05 Valid skipped LR: 8.0279e-06
Elapsed: 30934.20s Epoch 1635 TrainOpt 1.9844e-05 Valid 3.3572e-03 LR: 7.9852e-06
Elapsed: 30952.22s Epoch 1636 TrainOpt 1.9525e-05 Valid skipped LR: 7.9427e-06
Elapsed: 30970.01s Epoch 1637 TrainOpt 1.9301e-05 Valid skipped LR: 7.9002e-06
Elapsed: 30987.83s Epoch 1638 TrainOpt 2.0259e-05 Valid skipped LR: 7.8578e-06
Elapsed: 31006.05s Epoch 1639 TrainOpt 1.9985e-05 Valid skipped LR: 7.8156e-06
Elapsed: 31024.80s Epoch 1640 TrainOpt 1.9779e-05 Valid 3.3559e-03 LR: 7.7735e-06
Elapsed: 31042.95s Epoch 1641 TrainOpt 2.0351e-05 Valid skipped LR: 7.7314e-06
Elapsed: 31060.82s Epoch 1642 TrainOpt 2.1451e-05 Valid skipped LR: 7.6895e-06
Elapsed: 31078.59s Epoch 1643 TrainOpt 2.0484e-05 Valid skipped LR: 7.6476e-06
Elapsed: 31096.60s Epoch 1644 TrainOpt 2.0255e-05 Valid skipped LR: 7.6059e-06
Elapsed: 31115.38s Epoch 1645 TrainOpt 2.0060e-05 Valid 3.3617e-03 LR: 7.5643e-06
Elapsed: 31133.62s Epoch 1646 TrainOpt 2.0207e-05 Valid skipped LR: 7.5228e-06
Elapsed: 31151.67s Epoch 1647 TrainOpt 1.9389e-05 Valid skipped LR: 7.4814e-06
Elapsed: 31169.65s Epoch 1648 TrainOpt 1.9246e-05 Valid skipped LR: 7.4400e-06
Elapsed: 31187.77s Epoch 1649 TrainOpt 1.9330e-05 Valid skipped LR: 7.3988e-06
Elapsed: 31207.45s Epoch 1650 TrainOpt 1.9860e-05 Valid 3.3628e-03 LR: 7.3577e-06
Elapsed: 31225.78s Epoch 1651 TrainOpt 2.0688e-05 Valid skipped LR: 7.3168e-06
Elapsed: 31244.00s Epoch 1652 TrainOpt 2.0895e-05 Valid skipped LR: 7.2759e-06
Elapsed: 31262.04s Epoch 1653 TrainOpt 2.0051e-05 Valid skipped LR: 7.2351e-06
Elapsed: 31279.83s Epoch 1654 TrainOpt 1.9869e-05 Valid skipped LR: 7.1944e-06
Elapsed: 31298.76s Epoch 1655 TrainOpt 2.0089e-05 Valid 3.3481e-03 LR: 7.1538e-06
Elapsed: 31316.58s Epoch 1656 TrainOpt 1.9597e-05 Valid skipped LR: 7.1134e-06
Elapsed: 31334.97s Epoch 1657 TrainOpt 1.9525e-05 Valid skipped LR: 7.0730e-06
Elapsed: 31353.28s Epoch 1658 TrainOpt 1.9556e-05 Valid skipped LR: 7.0328e-06
Elapsed: 31371.13s Epoch 1659 TrainOpt 1.9350e-05 Valid skipped LR: 6.9926e-06
Elapsed: 31390.33s Epoch 1660 TrainOpt 2.0224e-05 Valid 3.3707e-03 LR: 6.9526e-06
Elapsed: 31408.99s Epoch 1661 TrainOpt 2.2121e-05 Valid skipped LR: 6.9127e-06
Elapsed: 31427.35s Epoch 1662 TrainOpt 2.4060e-05 Valid skipped LR: 6.8728e-06
Elapsed: 31445.02s Epoch 1663 TrainOpt 2.2562e-05 Valid skipped LR: 6.8331e-06
Elapsed: 31462.89s Epoch 1664 TrainOpt 2.1382e-05 Valid skipped LR: 6.7935e-06
Elapsed: 31481.60s Epoch 1665 TrainOpt 2.0830e-05 Valid 3.3543e-03 LR: 6.7540e-06
Elapsed: 31499.50s Epoch 1666 TrainOpt 1.9524e-05 Valid skipped LR: 6.7146e-06
Elapsed: 31517.33s Epoch 1667 TrainOpt 1.9226e-05 Valid skipped LR: 6.6753e-06
Elapsed: 31535.06s Epoch 1668 TrainOpt 1.8942e-05 Valid skipped LR: 6.6361e-06
Elapsed: 31553.25s Epoch 1669 TrainOpt 1.9072e-05 Valid skipped LR: 6.5971e-06
Elapsed: 31571.90s Epoch 1670 TrainOpt 1.8770e-05 Valid 3.3502e-03 LR: 6.5581e-06
Elapsed: 31589.91s Epoch 1671 TrainOpt 1.9471e-05 Valid skipped LR: 6.5192e-06
Elapsed: 31607.62s Epoch 1672 TrainOpt 2.0802e-05 Valid skipped LR: 6.4805e-06
Elapsed: 31625.79s Epoch 1673 TrainOpt 1.9742e-05 Valid skipped LR: 6.4418e-06
Elapsed: 31644.22s Epoch 1674 TrainOpt 2.0778e-05 Valid skipped LR: 6.4033e-06
Elapsed: 31662.86s Epoch 1675 TrainOpt 2.1663e-05 Valid 3.3657e-03 LR: 6.3649e-06
Elapsed: 31681.01s Epoch 1676 TrainOpt 2.6322e-05 Valid skipped LR: 6.3266e-06
Elapsed: 31699.02s Epoch 1677 TrainOpt 2.0804e-05 Valid skipped LR: 6.2883e-06
Elapsed: 31717.08s Epoch 1678 TrainOpt 2.1017e-05 Valid skipped LR: 6.2502e-06
Elapsed: 31735.22s Epoch 1679 TrainOpt 2.1183e-05 Valid skipped LR: 6.2122e-06
Elapsed: 31754.33s Epoch 1680 TrainOpt 2.1340e-05 Valid 3.3722e-03 LR: 6.1744e-06
Elapsed: 31772.71s Epoch 1681 TrainOpt 1.9356e-05 Valid skipped LR: 6.1366e-06
Elapsed: 31790.61s Epoch 1682 TrainOpt 1.9270e-05 Valid skipped LR: 6.0989e-06
Elapsed: 31809.03s Epoch 1683 TrainOpt 1.8529e-05 Valid skipped LR: 6.0613e-06
Elapsed: 31827.26s Epoch 1684 TrainOpt 1.8474e-05 Valid skipped LR: 6.0239e-06
Elapsed: 31846.29s Epoch 1685 TrainOpt 1.8761e-05 Valid 3.3589e-03 LR: 5.9865e-06
Elapsed: 31863.98s Epoch 1686 TrainOpt 1.8665e-05 Valid skipped LR: 5.9493e-06
Elapsed: 31881.22s Epoch 1687 TrainOpt 1.9000e-05 Valid skipped LR: 5.9122e-06
Elapsed: 31898.59s Epoch 1688 TrainOpt 1.9514e-05 Valid skipped LR: 5.8752e-06
Elapsed: 31915.82s Epoch 1689 TrainOpt 1.8810e-05 Valid skipped LR: 5.8383e-06
Elapsed: 31934.69s Epoch 1690 TrainOpt 1.8981e-05 Valid 3.3494e-03 LR: 5.8015e-06
Elapsed: 31952.66s Epoch 1691 TrainOpt 1.8506e-05 Valid skipped LR: 5.7648e-06
Elapsed: 31970.91s Epoch 1692 TrainOpt 1.8334e-05 Valid skipped LR: 5.7282e-06
Elapsed: 31988.67s Epoch 1693 TrainOpt 1.8881e-05 Valid skipped LR: 5.6917e-06
Elapsed: 32006.44s Epoch 1694 TrainOpt 1.8768e-05 Valid skipped LR: 5.6554e-06
Elapsed: 32025.37s Epoch 1695 TrainOpt 1.9168e-05 Valid 3.3626e-03 LR: 5.6191e-06
Elapsed: 32043.39s Epoch 1696 TrainOpt 1.9085e-05 Valid skipped LR: 5.5830e-06
Elapsed: 32061.48s Epoch 1697 TrainOpt 1.8818e-05 Valid skipped LR: 5.5469e-06
Elapsed: 32079.25s Epoch 1698 TrainOpt 1.9314e-05 Valid skipped LR: 5.5110e-06
Elapsed: 32097.17s Epoch 1699 TrainOpt 2.2307e-05 Valid skipped LR: 5.4752e-06
Elapsed: 32116.01s Epoch 1700 TrainOpt 2.0103e-05 Valid 3.3525e-03 LR: 5.4395e-06
Elapsed: 32174.01s Epoch 1701 TrainOpt 1.8891e-05 Valid skipped LR: 5.4039e-06
Elapsed: 32192.42s Epoch 1702 TrainOpt 1.8900e-05 Valid skipped LR: 5.3684e-06
Elapsed: 32210.32s Epoch 1703 TrainOpt 1.8490e-05 Valid skipped LR: 5.3331e-06
Elapsed: 32228.82s Epoch 1704 TrainOpt 1.8184e-05 Valid skipped LR: 5.2978e-06
Elapsed: 32248.03s Epoch 1705 TrainOpt 1.8458e-05 Valid 3.3589e-03 LR: 5.2627e-06
Elapsed: 32266.44s Epoch 1706 TrainOpt 1.8286e-05 Valid skipped LR: 5.2276e-06
Elapsed: 32284.75s Epoch 1707 TrainOpt 1.8547e-05 Valid skipped LR: 5.1927e-06
Elapsed: 32302.93s Epoch 1708 TrainOpt 1.8836e-05 Valid skipped LR: 5.1579e-06
Elapsed: 32320.96s Epoch 1709 TrainOpt 1.8546e-05 Valid skipped LR: 5.1232e-06
Elapsed: 32339.89s Epoch 1710 TrainOpt 1.8543e-05 Valid 3.3739e-03 LR: 5.0886e-06
Elapsed: 32358.01s Epoch 1711 TrainOpt 1.8638e-05 Valid skipped LR: 5.0541e-06
Elapsed: 32375.20s Epoch 1712 TrainOpt 1.8496e-05 Valid skipped LR: 5.0197e-06
Elapsed: 32392.90s Epoch 1713 TrainOpt 1.8893e-05 Valid skipped LR: 4.9855e-06
Elapsed: 32410.08s Epoch 1714 TrainOpt 1.8546e-05 Valid skipped LR: 4.9513e-06
Elapsed: 32429.16s Epoch 1715 TrainOpt 1.8564e-05 Valid 3.3947e-03 LR: 4.9173e-06
Elapsed: 32447.13s Epoch 1716 TrainOpt 1.8150e-05 Valid skipped LR: 4.8834e-06
Elapsed: 32465.58s Epoch 1717 TrainOpt 1.8441e-05 Valid skipped LR: 4.8495e-06
Elapsed: 32483.78s Epoch 1718 TrainOpt 1.8150e-05 Valid skipped LR: 4.8158e-06
Elapsed: 32501.88s Epoch 1719 TrainOpt 1.7927e-05 Valid skipped LR: 4.7822e-06
Elapsed: 32520.70s Epoch 1720 TrainOpt 1.8507e-05 Valid 3.3651e-03 LR: 4.7488e-06
Elapsed: 32538.88s Epoch 1721 TrainOpt 1.7865e-05 Valid skipped LR: 4.7154e-06
Elapsed: 32557.30s Epoch 1722 TrainOpt 1.8394e-05 Valid skipped LR: 4.6821e-06
Elapsed: 32575.10s Epoch 1723 TrainOpt 1.7964e-05 Valid skipped LR: 4.6490e-06
Elapsed: 32593.86s Epoch 1724 TrainOpt 1.7978e-05 Valid skipped LR: 4.6160e-06
Elapsed: 32612.84s Epoch 1725 TrainOpt 1.7962e-05 Valid 3.3735e-03 LR: 4.5831e-06
Elapsed: 32631.28s Epoch 1726 TrainOpt 1.8273e-05 Valid skipped LR: 4.5503e-06
Elapsed: 32649.21s Epoch 1727 TrainOpt 1.7903e-05 Valid skipped LR: 4.5176e-06
Elapsed: 32667.57s Epoch 1728 TrainOpt 1.7820e-05 Valid skipped LR: 4.4850e-06
Elapsed: 32685.66s Epoch 1729 TrainOpt 1.7957e-05 Valid skipped LR: 4.4525e-06
Elapsed: 32704.94s Epoch 1730 TrainOpt 1.8083e-05 Valid 3.3714e-03 LR: 4.4202e-06
Elapsed: 32722.92s Epoch 1731 TrainOpt 1.8622e-05 Valid skipped LR: 4.3879e-06
Elapsed: 32741.17s Epoch 1732 TrainOpt 1.8155e-05 Valid skipped LR: 4.3558e-06
Elapsed: 32759.64s Epoch 1733 TrainOpt 1.7964e-05 Valid skipped LR: 4.3238e-06
Elapsed: 32777.52s Epoch 1734 TrainOpt 1.8713e-05 Valid skipped LR: 4.2919e-06
Elapsed: 32796.64s Epoch 1735 TrainOpt 1.8052e-05 Valid 3.3723e-03 LR: 4.2601e-06
Elapsed: 32815.35s Epoch 1736 TrainOpt 1.7986e-05 Valid skipped LR: 4.2284e-06
Elapsed: 32833.46s Epoch 1737 TrainOpt 1.8471e-05 Valid skipped LR: 4.1968e-06
Elapsed: 32851.90s Epoch 1738 TrainOpt 1.7788e-05 Valid skipped LR: 4.1654e-06
Elapsed: 32870.21s Epoch 1739 TrainOpt 1.7938e-05 Valid skipped LR: 4.1340e-06
Elapsed: 32889.74s Epoch 1740 TrainOpt 1.7290e-05 Valid 3.3688e-03 LR: 4.1028e-06
Elapsed: 32908.08s Epoch 1741 TrainOpt 1.7557e-05 Valid skipped LR: 4.0717e-06
Elapsed: 32926.03s Epoch 1742 TrainOpt 1.7552e-05 Valid skipped LR: 4.0407e-06
Elapsed: 32944.10s Epoch 1743 TrainOpt 1.7381e-05 Valid skipped LR: 4.0098e-06
Elapsed: 32962.25s Epoch 1744 TrainOpt 1.7813e-05 Valid skipped LR: 3.9791e-06
Elapsed: 32980.96s Epoch 1745 TrainOpt 1.7695e-05 Valid 3.3589e-03 LR: 3.9484e-06
Elapsed: 32999.08s Epoch 1746 TrainOpt 1.8261e-05 Valid skipped LR: 3.9179e-06
Elapsed: 33017.02s Epoch 1747 TrainOpt 1.8080e-05 Valid skipped LR: 3.8874e-06
Elapsed: 33035.67s Epoch 1748 TrainOpt 1.7796e-05 Valid skipped LR: 3.8571e-06
Elapsed: 33053.57s Epoch 1749 TrainOpt 1.7785e-05 Valid skipped LR: 3.8269e-06
Elapsed: 33073.05s Epoch 1750 TrainOpt 1.7488e-05 Valid 3.3574e-03 LR: 3.7969e-06
Elapsed: 33091.45s Epoch 1751 TrainOpt 1.8190e-05 Valid skipped LR: 3.7669e-06
Elapsed: 33109.82s Epoch 1752 TrainOpt 1.7628e-05 Valid skipped LR: 3.7370e-06
Elapsed: 33127.98s Epoch 1753 TrainOpt 1.7445e-05 Valid skipped LR: 3.7073e-06
Elapsed: 33146.35s Epoch 1754 TrainOpt 1.7533e-05 Valid skipped LR: 3.6777e-06
Elapsed: 33165.57s Epoch 1755 TrainOpt 1.7692e-05 Valid 3.3707e-03 LR: 3.6482e-06
Elapsed: 33183.78s Epoch 1756 TrainOpt 1.8549e-05 Valid skipped LR: 3.6188e-06
Elapsed: 33201.72s Epoch 1757 TrainOpt 1.7903e-05 Valid skipped LR: 3.5895e-06
Elapsed: 33220.19s Epoch 1758 TrainOpt 1.8232e-05 Valid skipped LR: 3.5603e-06
Elapsed: 33238.43s Epoch 1759 TrainOpt 1.7571e-05 Valid skipped LR: 3.5313e-06
Elapsed: 33257.48s Epoch 1760 TrainOpt 1.7572e-05 Valid 3.3745e-03 LR: 3.5023e-06
Elapsed: 33275.69s Epoch 1761 TrainOpt 1.7630e-05 Valid skipped LR: 3.4735e-06
Elapsed: 33293.99s Epoch 1762 TrainOpt 1.7549e-05 Valid skipped LR: 3.4448e-06
Elapsed: 33312.67s Epoch 1763 TrainOpt 1.7516e-05 Valid skipped LR: 3.4162e-06
Elapsed: 33330.74s Epoch 1764 TrainOpt 1.7998e-05 Valid skipped LR: 3.3877e-06
Elapsed: 33350.17s Epoch 1765 TrainOpt 1.7679e-05 Valid 3.3837e-03 LR: 3.3594e-06
Elapsed: 33368.18s Epoch 1766 TrainOpt 1.7302e-05 Valid skipped LR: 3.3311e-06
Elapsed: 33386.74s Epoch 1767 TrainOpt 1.7553e-05 Valid skipped LR: 3.3030e-06
Elapsed: 33404.81s Epoch 1768 TrainOpt 1.7689e-05 Valid skipped LR: 3.2750e-06
Elapsed: 33422.68s Epoch 1769 TrainOpt 1.7496e-05 Valid skipped LR: 3.2471e-06
Elapsed: 33441.37s Epoch 1770 TrainOpt 1.7291e-05 Valid 3.3841e-03 LR: 3.2193e-06
Elapsed: 33459.77s Epoch 1771 TrainOpt 1.7152e-05 Valid skipped LR: 3.1916e-06
Elapsed: 33477.59s Epoch 1772 TrainOpt 1.7278e-05 Valid skipped LR: 3.1641e-06
Elapsed: 33495.63s Epoch 1773 TrainOpt 1.7349e-05 Valid skipped LR: 3.1366e-06
Elapsed: 33513.85s Epoch 1774 TrainOpt 1.7387e-05 Valid skipped LR: 3.1093e-06
Elapsed: 33533.14s Epoch 1775 TrainOpt 1.7136e-05 Valid 3.3947e-03 LR: 3.0821e-06
Elapsed: 33550.99s Epoch 1776 TrainOpt 1.7029e-05 Valid skipped LR: 3.0550e-06
Elapsed: 33569.17s Epoch 1777 TrainOpt 1.7028e-05 Valid skipped LR: 3.0281e-06
Elapsed: 33587.53s Epoch 1778 TrainOpt 1.7017e-05 Valid skipped LR: 3.0012e-06
Elapsed: 33606.05s Epoch 1779 TrainOpt 1.6889e-05 Valid skipped LR: 2.9745e-06
Elapsed: 33625.29s Epoch 1780 TrainOpt 1.6913e-05 Valid 3.3800e-03 LR: 2.9478e-06
Elapsed: 33643.26s Epoch 1781 TrainOpt 1.6916e-05 Valid skipped LR: 2.9213e-06
Elapsed: 33661.46s Epoch 1782 TrainOpt 1.7198e-05 Valid skipped LR: 2.8949e-06
Elapsed: 33679.75s Epoch 1783 TrainOpt 1.7770e-05 Valid skipped LR: 2.8687e-06
Elapsed: 33698.18s Epoch 1784 TrainOpt 1.7136e-05 Valid skipped LR: 2.8425e-06
Elapsed: 33717.36s Epoch 1785 TrainOpt 1.6975e-05 Valid 3.3702e-03 LR: 2.8165e-06
Elapsed: 33735.96s Epoch 1786 TrainOpt 1.7020e-05 Valid skipped LR: 2.7906e-06
Elapsed: 33754.05s Epoch 1787 TrainOpt 1.6936e-05 Valid skipped LR: 2.7648e-06
Elapsed: 33772.40s Epoch 1788 TrainOpt 1.7219e-05 Valid skipped LR: 2.7391e-06
Elapsed: 33790.30s Epoch 1789 TrainOpt 1.6938e-05 Valid skipped LR: 2.7135e-06
Elapsed: 33810.03s Epoch 1790 TrainOpt 1.6958e-05 Valid 3.3775e-03 LR: 2.6880e-06
Elapsed: 33828.46s Epoch 1791 TrainOpt 1.6968e-05 Valid skipped LR: 2.6627e-06
Elapsed: 33846.61s Epoch 1792 TrainOpt 1.6867e-05 Valid skipped LR: 2.6375e-06
Elapsed: 33865.30s Epoch 1793 TrainOpt 1.6769e-05 Valid skipped LR: 2.6124e-06
Elapsed: 33883.36s Epoch 1794 TrainOpt 1.6918e-05 Valid skipped LR: 2.5874e-06
Elapsed: 33902.88s Epoch 1795 TrainOpt 1.7005e-05 Valid 3.3752e-03 LR: 2.5625e-06
Elapsed: 33920.07s Epoch 1796 TrainOpt 1.6762e-05 Valid skipped LR: 2.5378e-06
Elapsed: 33937.72s Epoch 1797 TrainOpt 1.6721e-05 Valid skipped LR: 2.5131e-06
Elapsed: 33955.37s Epoch 1798 TrainOpt 1.6938e-05 Valid skipped LR: 2.4886e-06
Elapsed: 33973.39s Epoch 1799 TrainOpt 1.6688e-05 Valid skipped LR: 2.4642e-06
Elapsed: 33992.64s Epoch 1800 TrainOpt 1.6731e-05 Valid 3.3783e-03 LR: 2.4399e-06
Elapsed: 34051.94s Epoch 1801 TrainOpt 1.6563e-05 Valid skipped LR: 2.4158e-06
Elapsed: 34070.00s Epoch 1802 TrainOpt 1.6857e-05 Valid skipped LR: 2.3917e-06
Elapsed: 34089.04s Epoch 1803 TrainOpt 1.6823e-05 Valid skipped LR: 2.3678e-06
Elapsed: 34107.24s Epoch 1804 TrainOpt 1.6846e-05 Valid skipped LR: 2.3440e-06
Elapsed: 34126.99s Epoch 1805 TrainOpt 1.6785e-05 Valid 3.3771e-03 LR: 2.3203e-06
Elapsed: 34145.37s Epoch 1806 TrainOpt 1.6737e-05 Valid skipped LR: 2.2967e-06
Elapsed: 34163.95s Epoch 1807 TrainOpt 1.6795e-05 Valid skipped LR: 2.2733e-06
Elapsed: 34182.58s Epoch 1808 TrainOpt 1.6948e-05 Valid skipped LR: 2.2499e-06
Elapsed: 34200.52s Epoch 1809 TrainOpt 1.6715e-05 Valid skipped LR: 2.2267e-06
Elapsed: 34219.96s Epoch 1810 TrainOpt 1.6772e-05 Valid 3.3805e-03 LR: 2.2036e-06
Elapsed: 34238.53s Epoch 1811 TrainOpt 1.7181e-05 Valid skipped LR: 2.1806e-06
Elapsed: 34256.97s Epoch 1812 TrainOpt 1.6694e-05 Valid skipped LR: 2.1578e-06
Elapsed: 34275.66s Epoch 1813 TrainOpt 1.6709e-05 Valid skipped LR: 2.1350e-06
Elapsed: 34294.29s Epoch 1814 TrainOpt 1.6574e-05 Valid skipped LR: 2.1124e-06
Elapsed: 34313.50s Epoch 1815 TrainOpt 1.6718e-05 Valid 3.3855e-03 LR: 2.0899e-06
Elapsed: 34331.91s Epoch 1816 TrainOpt 1.6684e-05 Valid skipped LR: 2.0675e-06
Elapsed: 34350.23s Epoch 1817 TrainOpt 1.6658e-05 Valid skipped LR: 2.0452e-06
Elapsed: 34368.72s Epoch 1818 TrainOpt 1.6546e-05 Valid skipped LR: 2.0231e-06
Elapsed: 34387.40s Epoch 1819 TrainOpt 1.6574e-05 Valid skipped LR: 2.0010e-06
Elapsed: 34406.41s Epoch 1820 TrainOpt 1.6714e-05 Valid 3.3791e-03 LR: 1.9791e-06
Elapsed: 34424.16s Epoch 1821 TrainOpt 1.6752e-05 Valid skipped LR: 1.9573e-06
Elapsed: 34442.71s Epoch 1822 TrainOpt 1.6663e-05 Valid skipped LR: 1.9357e-06
Elapsed: 34460.73s Epoch 1823 TrainOpt 1.6608e-05 Valid skipped LR: 1.9141e-06
Elapsed: 34479.69s Epoch 1824 TrainOpt 1.6615e-05 Valid skipped LR: 1.8927e-06
Elapsed: 34498.81s Epoch 1825 TrainOpt 1.6562e-05 Valid 3.3826e-03 LR: 1.8713e-06
Elapsed: 34516.80s Epoch 1826 TrainOpt 1.6674e-05 Valid skipped LR: 1.8501e-06
Elapsed: 34534.86s Epoch 1827 TrainOpt 1.6403e-05 Valid skipped LR: 1.8291e-06
Elapsed: 34552.84s Epoch 1828 TrainOpt 1.6537e-05 Valid skipped LR: 1.8081e-06
Elapsed: 34571.54s Epoch 1829 TrainOpt 1.6714e-05 Valid skipped LR: 1.7872e-06
Elapsed: 34591.06s Epoch 1830 TrainOpt 1.6953e-05 Valid 3.3905e-03 LR: 1.7665e-06
Elapsed: 34608.90s Epoch 1831 TrainOpt 1.6451e-05 Valid skipped LR: 1.7459e-06
Elapsed: 34627.45s Epoch 1832 TrainOpt 1.6430e-05 Valid skipped LR: 1.7254e-06
Elapsed: 34645.42s Epoch 1833 TrainOpt 1.6383e-05 Valid skipped LR: 1.7051e-06
Elapsed: 34663.98s Epoch 1834 TrainOpt 1.6337e-05 Valid skipped LR: 1.6848e-06
Elapsed: 34683.38s Epoch 1835 TrainOpt 1.6496e-05 Valid 3.3947e-03 LR: 1.6647e-06
Elapsed: 34701.56s Epoch 1836 TrainOpt 1.6527e-05 Valid skipped LR: 1.6447e-06
Elapsed: 34720.16s Epoch 1837 TrainOpt 1.6401e-05 Valid skipped LR: 1.6248e-06
Elapsed: 34738.84s Epoch 1838 TrainOpt 1.6451e-05 Valid skipped LR: 1.6050e-06
Elapsed: 34756.78s Epoch 1839 TrainOpt 1.6491e-05 Valid skipped LR: 1.5854e-06
Elapsed: 34776.16s Epoch 1840 TrainOpt 1.6515e-05 Valid 3.3917e-03 LR: 1.5659e-06
Elapsed: 34794.47s Epoch 1841 TrainOpt 1.6369e-05 Valid skipped LR: 1.5464e-06
Elapsed: 34812.58s Epoch 1842 TrainOpt 1.6397e-05 Valid skipped LR: 1.5272e-06
Elapsed: 34830.59s Epoch 1843 TrainOpt 1.6321e-05 Valid skipped LR: 1.5080e-06
Elapsed: 34849.06s Epoch 1844 TrainOpt 1.6459e-05 Valid skipped LR: 1.4889e-06
Elapsed: 34868.46s Epoch 1845 TrainOpt 1.6368e-05 Valid 3.3773e-03 LR: 1.4700e-06
Elapsed: 34886.84s Epoch 1846 TrainOpt 1.6300e-05 Valid skipped LR: 1.4512e-06
Elapsed: 34904.49s Epoch 1847 TrainOpt 1.6203e-05 Valid skipped LR: 1.4325e-06
Elapsed: 34923.13s Epoch 1848 TrainOpt 1.6393e-05 Valid skipped LR: 1.4139e-06
Elapsed: 34941.78s Epoch 1849 TrainOpt 1.6374e-05 Valid skipped LR: 1.3955e-06
Elapsed: 34960.84s Epoch 1850 TrainOpt 1.6294e-05 Valid 3.3853e-03 LR: 1.3772e-06
Elapsed: 34979.26s Epoch 1851 TrainOpt 1.6273e-05 Valid skipped LR: 1.3590e-06
Elapsed: 34997.34s Epoch 1852 TrainOpt 1.6296e-05 Valid skipped LR: 1.3409e-06
Elapsed: 35015.93s Epoch 1853 TrainOpt 1.6333e-05 Valid skipped LR: 1.3229e-06
Elapsed: 35034.24s Epoch 1854 TrainOpt 1.6293e-05 Valid skipped LR: 1.3051e-06
Elapsed: 35053.56s Epoch 1855 TrainOpt 1.6334e-05 Valid 3.3815e-03 LR: 1.2873e-06
Elapsed: 35071.85s Epoch 1856 TrainOpt 1.6270e-05 Valid skipped LR: 1.2697e-06
Elapsed: 35090.11s Epoch 1857 TrainOpt 1.6346e-05 Valid skipped LR: 1.2523e-06
Elapsed: 35108.51s Epoch 1858 TrainOpt 1.6173e-05 Valid skipped LR: 1.2349e-06
Elapsed: 35126.91s Epoch 1859 TrainOpt 1.6352e-05 Valid skipped LR: 1.2176e-06
Elapsed: 35145.72s Epoch 1860 TrainOpt 1.6181e-05 Valid 3.3874e-03 LR: 1.2005e-06
Elapsed: 35164.53s Epoch 1861 TrainOpt 1.6147e-05 Valid skipped LR: 1.1835e-06
Elapsed: 35183.15s Epoch 1862 TrainOpt 1.6256e-05 Valid skipped LR: 1.1666e-06
Elapsed: 35201.39s Epoch 1863 TrainOpt 1.6183e-05 Valid skipped LR: 1.1499e-06
Elapsed: 35219.67s Epoch 1864 TrainOpt 1.6298e-05 Valid skipped LR: 1.1332e-06
Elapsed: 35239.18s Epoch 1865 TrainOpt 1.6121e-05 Valid 3.3855e-03 LR: 1.1167e-06
Elapsed: 35257.89s Epoch 1866 TrainOpt 1.6166e-05 Valid skipped LR: 1.1003e-06
Elapsed: 35276.39s Epoch 1867 TrainOpt 1.6240e-05 Valid skipped LR: 1.0841e-06
Elapsed: 35295.39s Epoch 1868 TrainOpt 1.6121e-05 Valid skipped LR: 1.0679e-06
Elapsed: 35313.58s Epoch 1869 TrainOpt 1.6232e-05 Valid skipped LR: 1.0519e-06
Elapsed: 35332.64s Epoch 1870 TrainOpt 1.6211e-05 Valid 3.3823e-03 LR: 1.0360e-06
Elapsed: 35350.90s Epoch 1871 TrainOpt 1.6142e-05 Valid skipped LR: 1.0202e-06
Elapsed: 35369.23s Epoch 1872 TrainOpt 1.6073e-05 Valid skipped LR: 1.0045e-06
Elapsed: 35386.92s Epoch 1873 TrainOpt 1.6155e-05 Valid skipped LR: 9.8895e-07
Elapsed: 35405.31s Epoch 1874 TrainOpt 1.6134e-05 Valid skipped LR: 9.7352e-07
Elapsed: 35425.04s Epoch 1875 TrainOpt 1.6026e-05 Valid 3.3805e-03 LR: 9.5821e-07
Elapsed: 35443.77s Epoch 1876 TrainOpt 1.6089e-05 Valid skipped LR: 9.4303e-07
Elapsed: 35461.98s Epoch 1877 TrainOpt 1.6017e-05 Valid skipped LR: 9.2797e-07
Elapsed: 35480.56s Epoch 1878 TrainOpt 1.6122e-05 Valid skipped LR: 9.1302e-07
Elapsed: 35499.24s Epoch 1879 TrainOpt 1.6045e-05 Valid skipped LR: 8.9820e-07
Elapsed: 35518.42s Epoch 1880 TrainOpt 1.6141e-05 Valid 3.3864e-03 LR: 8.8350e-07
Elapsed: 35536.36s Epoch 1881 TrainOpt 1.6149e-05 Valid skipped LR: 8.6893e-07
Elapsed: 35554.50s Epoch 1882 TrainOpt 1.6153e-05 Valid skipped LR: 8.5447e-07
Elapsed: 35572.40s Epoch 1883 TrainOpt 1.6173e-05 Valid skipped LR: 8.4014e-07
Elapsed: 35590.68s Epoch 1884 TrainOpt 1.6092e-05 Valid skipped LR: 8.2593e-07
Elapsed: 35608.52s Epoch 1885 TrainOpt 1.5998e-05 Valid 3.3944e-03 LR: 8.1184e-07
Elapsed: 35626.14s Epoch 1886 TrainOpt 1.6035e-05 Valid skipped LR: 7.9787e-07
Elapsed: 35643.83s Epoch 1887 TrainOpt 1.6007e-05 Valid skipped LR: 7.8402e-07
Elapsed: 35662.16s Epoch 1888 TrainOpt 1.6136e-05 Valid skipped LR: 7.7030e-07
Elapsed: 35680.61s Epoch 1889 TrainOpt 1.6086e-05 Valid skipped LR: 7.5669e-07
Elapsed: 35699.65s Epoch 1890 TrainOpt 1.6116e-05 Valid 3.3855e-03 LR: 7.4321e-07
Elapsed: 35718.13s Epoch 1891 TrainOpt 1.6040e-05 Valid skipped LR: 7.2985e-07
Elapsed: 35736.09s Epoch 1892 TrainOpt 1.6023e-05 Valid skipped LR: 7.1661e-07
Elapsed: 35754.67s Epoch 1893 TrainOpt 1.6008e-05 Valid skipped LR: 7.0350e-07
Elapsed: 35773.42s Epoch 1894 TrainOpt 1.6120e-05 Valid skipped LR: 6.9050e-07
Elapsed: 35792.53s Epoch 1895 TrainOpt 1.6211e-05 Valid 3.3894e-03 LR: 6.7763e-07
Elapsed: 35810.36s Epoch 1896 TrainOpt 1.5943e-05 Valid skipped LR: 6.6488e-07
Elapsed: 35828.70s Epoch 1897 TrainOpt 1.5929e-05 Valid skipped LR: 6.5226e-07
Elapsed: 35847.28s Epoch 1898 TrainOpt 1.5902e-05 Valid skipped LR: 6.3975e-07
Elapsed: 35865.98s Epoch 1899 TrainOpt 1.5974e-05 Valid skipped LR: 6.2737e-07
Elapsed: 35885.11s Epoch 1900 TrainOpt 1.5915e-05 Valid 3.3840e-03 LR: 6.1511e-07
Elapsed: 35943.34s Epoch 1901 TrainOpt 1.5993e-05 Valid skipped LR: 6.0297e-07
Elapsed: 35960.21s Epoch 1902 TrainOpt 1.6021e-05 Valid skipped LR: 5.9095e-07
Elapsed: 35978.84s Epoch 1903 TrainOpt 1.5949e-05 Valid skipped LR: 5.7906e-07
Elapsed: 35996.95s Epoch 1904 TrainOpt 1.5886e-05 Valid skipped LR: 5.6729e-07
Elapsed: 36016.20s Epoch 1905 TrainOpt 1.5913e-05 Valid 3.3807e-03 LR: 5.5564e-07
Elapsed: 36034.67s Epoch 1906 TrainOpt 1.6061e-05 Valid skipped LR: 5.4411e-07
Elapsed: 36052.95s Epoch 1907 TrainOpt 1.5956e-05 Valid skipped LR: 5.3271e-07
Elapsed: 36071.21s Epoch 1908 TrainOpt 1.5988e-05 Valid skipped LR: 5.2142e-07
Elapsed: 36089.44s Epoch 1909 TrainOpt 1.5998e-05 Valid skipped LR: 5.1026e-07
Elapsed: 36109.04s Epoch 1910 TrainOpt 1.5888e-05 Valid 3.3885e-03 LR: 4.9923e-07
Elapsed: 36127.09s Epoch 1911 TrainOpt 1.6019e-05 Valid skipped LR: 4.8831e-07
Elapsed: 36145.06s Epoch 1912 TrainOpt 1.5997e-05 Valid skipped LR: 4.7752e-07
Elapsed: 36163.35s Epoch 1913 TrainOpt 1.5969e-05 Valid skipped LR: 4.6685e-07
Elapsed: 36181.19s Epoch 1914 TrainOpt 1.5878e-05 Valid skipped LR: 4.5630e-07
Elapsed: 36201.21s Epoch 1915 TrainOpt 1.5911e-05 Valid 3.3823e-03 LR: 4.4588e-07
Elapsed: 36219.65s Epoch 1916 TrainOpt 1.5929e-05 Valid skipped LR: 4.3558e-07
Elapsed: 36237.97s Epoch 1917 TrainOpt 1.5962e-05 Valid skipped LR: 4.2540e-07
Elapsed: 36256.33s Epoch 1918 TrainOpt 1.5948e-05 Valid skipped LR: 4.1534e-07
Elapsed: 36274.50s Epoch 1919 TrainOpt 1.5939e-05 Valid skipped LR: 4.0541e-07
Elapsed: 36294.01s Epoch 1920 TrainOpt 1.5963e-05 Valid 3.3804e-03 LR: 3.9560e-07
Elapsed: 36312.16s Epoch 1921 TrainOpt 1.5927e-05 Valid skipped LR: 3.8591e-07
Elapsed: 36330.38s Epoch 1922 TrainOpt 1.5840e-05 Valid skipped LR: 3.7635e-07
Elapsed: 36348.46s Epoch 1923 TrainOpt 1.5877e-05 Valid skipped LR: 3.6690e-07
Elapsed: 36366.98s Epoch 1924 TrainOpt 1.5923e-05 Valid skipped LR: 3.5758e-07
Elapsed: 36386.34s Epoch 1925 TrainOpt 1.5925e-05 Valid 3.3850e-03 LR: 3.4839e-07
Elapsed: 36404.38s Epoch 1926 TrainOpt 1.5861e-05 Valid skipped LR: 3.3931e-07
Elapsed: 36422.58s Epoch 1927 TrainOpt 1.5901e-05 Valid skipped LR: 3.3036e-07
Elapsed: 36440.51s Epoch 1928 TrainOpt 1.5955e-05 Valid skipped LR: 3.2153e-07
Elapsed: 36458.79s Epoch 1929 TrainOpt 1.5910e-05 Valid skipped LR: 3.1283e-07
Elapsed: 36478.05s Epoch 1930 TrainOpt 1.5869e-05 Valid 3.3821e-03 LR: 3.0425e-07
Elapsed: 36496.51s Epoch 1931 TrainOpt 1.5787e-05 Valid skipped LR: 2.9579e-07
Elapsed: 36514.98s Epoch 1932 TrainOpt 1.5868e-05 Valid skipped LR: 2.8745e-07
Elapsed: 36533.23s Epoch 1933 TrainOpt 1.5950e-05 Valid skipped LR: 2.7924e-07
Elapsed: 36551.50s Epoch 1934 TrainOpt 1.5919e-05 Valid skipped LR: 2.7115e-07
Elapsed: 36570.96s Epoch 1935 TrainOpt 1.5803e-05 Valid 3.3775e-03 LR: 2.6318e-07
Elapsed: 36589.16s Epoch 1936 TrainOpt 1.5782e-05 Valid skipped LR: 2.5534e-07
Elapsed: 36607.35s Epoch 1937 TrainOpt 1.5911e-05 Valid skipped LR: 2.4762e-07
Elapsed: 36625.45s Epoch 1938 TrainOpt 1.5978e-05 Valid skipped LR: 2.4002e-07
Elapsed: 36643.84s Epoch 1939 TrainOpt 1.5964e-05 Valid skipped LR: 2.3255e-07
Elapsed: 36663.27s Epoch 1940 TrainOpt 1.5878e-05 Valid 3.3802e-03 LR: 2.2520e-07
Elapsed: 36681.25s Epoch 1941 TrainOpt 1.5812e-05 Valid skipped LR: 2.1797e-07
Elapsed: 36699.37s Epoch 1942 TrainOpt 1.5807e-05 Valid skipped LR: 2.1086e-07
Elapsed: 36717.80s Epoch 1943 TrainOpt 1.5904e-05 Valid skipped LR: 2.0388e-07
Elapsed: 36735.95s Epoch 1944 TrainOpt 1.5852e-05 Valid skipped LR: 1.9702e-07
Elapsed: 36755.30s Epoch 1945 TrainOpt 1.5925e-05 Valid 3.3859e-03 LR: 1.9029e-07
Elapsed: 36773.90s Epoch 1946 TrainOpt 1.5775e-05 Valid skipped LR: 1.8368e-07
Elapsed: 36792.29s Epoch 1947 TrainOpt 1.5763e-05 Valid skipped LR: 1.7719e-07
Elapsed: 36810.78s Epoch 1948 TrainOpt 1.5916e-05 Valid skipped LR: 1.7082e-07
Elapsed: 36828.85s Epoch 1949 TrainOpt 1.5839e-05 Valid skipped LR: 1.6458e-07
Elapsed: 36848.07s Epoch 1950 TrainOpt 1.5867e-05 Valid 3.3824e-03 LR: 1.5846e-07
Elapsed: 36866.45s Epoch 1951 TrainOpt 1.5826e-05 Valid skipped LR: 1.5247e-07
Elapsed: 36884.70s Epoch 1952 TrainOpt 1.5804e-05 Valid skipped LR: 1.4660e-07
Elapsed: 36903.27s Epoch 1953 TrainOpt 1.5844e-05 Valid skipped LR: 1.4085e-07
Elapsed: 36921.50s Epoch 1954 TrainOpt 1.5852e-05 Valid skipped LR: 1.3522e-07
Elapsed: 36940.64s Epoch 1955 TrainOpt 1.5806e-05 Valid 3.3808e-03 LR: 1.2972e-07
Elapsed: 36958.98s Epoch 1956 TrainOpt 1.5891e-05 Valid skipped LR: 1.2434e-07
Elapsed: 36977.30s Epoch 1957 TrainOpt 1.5787e-05 Valid skipped LR: 1.1909e-07
Elapsed: 36995.81s Epoch 1958 TrainOpt 1.5905e-05 Valid skipped LR: 1.1396e-07
Elapsed: 37014.35s Epoch 1959 TrainOpt 1.5825e-05 Valid skipped LR: 1.0895e-07
Elapsed: 37033.55s Epoch 1960 TrainOpt 1.5814e-05 Valid 3.3827e-03 LR: 1.0407e-07
Elapsed: 37051.85s Epoch 1961 TrainOpt 1.5877e-05 Valid skipped LR: 9.9305e-08
Elapsed: 37070.55s Epoch 1962 TrainOpt 1.5836e-05 Valid skipped LR: 9.4668e-08
Elapsed: 37089.07s Epoch 1963 TrainOpt 1.5849e-05 Valid skipped LR: 9.0155e-08
Elapsed: 37107.49s Epoch 1964 TrainOpt 1.5862e-05 Valid skipped LR: 8.5765e-08
Elapsed: 37126.87s Epoch 1965 TrainOpt 1.5791e-05 Valid 3.3814e-03 LR: 8.1498e-08
Elapsed: 37145.21s Epoch 1966 TrainOpt 1.5837e-05 Valid skipped LR: 7.7355e-08
Elapsed: 37163.67s Epoch 1967 TrainOpt 1.5879e-05 Valid skipped LR: 7.3336e-08
Elapsed: 37182.08s Epoch 1968 TrainOpt 1.5831e-05 Valid skipped LR: 6.9440e-08
Elapsed: 37200.44s Epoch 1969 TrainOpt 1.5767e-05 Valid skipped LR: 6.5668e-08
Elapsed: 37219.93s Epoch 1970 TrainOpt 1.5766e-05 Valid 3.3797e-03 LR: 6.2019e-08
Elapsed: 37238.37s Epoch 1971 TrainOpt 1.5945e-05 Valid skipped LR: 5.8494e-08
Elapsed: 37256.50s Epoch 1972 TrainOpt 1.5915e-05 Valid skipped LR: 5.5092e-08
Elapsed: 37275.03s Epoch 1973 TrainOpt 1.5794e-05 Valid skipped LR: 5.1814e-08
Elapsed: 37293.15s Epoch 1974 TrainOpt 1.5774e-05 Valid skipped LR: 4.8660e-08
Elapsed: 37312.25s Epoch 1975 TrainOpt 1.5859e-05 Valid 3.3813e-03 LR: 4.5630e-08
Elapsed: 37330.31s Epoch 1976 TrainOpt 1.5752e-05 Valid skipped LR: 4.2723e-08
Elapsed: 37348.52s Epoch 1977 TrainOpt 1.5680e-05 Valid skipped LR: 3.9939e-08
Elapsed: 37366.88s Epoch 1978 TrainOpt 1.5831e-05 Valid skipped LR: 3.7280e-08
Elapsed: 37385.05s Epoch 1979 TrainOpt 1.5848e-05 Valid skipped LR: 3.4744e-08
Elapsed: 37404.05s Epoch 1980 TrainOpt 1.5871e-05 Valid 3.3842e-03 LR: 3.2331e-08
Elapsed: 37421.96s Epoch 1981 TrainOpt 1.5832e-05 Valid skipped LR: 3.0043e-08
Elapsed: 37439.70s Epoch 1982 TrainOpt 1.5806e-05 Valid skipped LR: 2.7878e-08
Elapsed: 37458.00s Epoch 1983 TrainOpt 1.5892e-05 Valid skipped LR: 2.5836e-08
Elapsed: 37476.61s Epoch 1984 TrainOpt 1.5740e-05 Valid skipped LR: 2.3919e-08
Elapsed: 37495.81s Epoch 1985 TrainOpt 1.5864e-05 Valid 3.3813e-03 LR: 2.2125e-08
Elapsed: 37514.18s Epoch 1986 TrainOpt 1.5800e-05 Valid skipped LR: 2.0455e-08
Elapsed: 37532.26s Epoch 1987 TrainOpt 1.5843e-05 Valid skipped LR: 1.8908e-08
Elapsed: 37550.26s Epoch 1988 TrainOpt 1.5815e-05 Valid skipped LR: 1.7485e-08
Elapsed: 37568.47s Epoch 1989 TrainOpt 1.5871e-05 Valid skipped LR: 1.6186e-08
Elapsed: 37588.02s Epoch 1990 TrainOpt 1.5837e-05 Valid 3.3831e-03 LR: 1.5011e-08
Elapsed: 37606.66s Epoch 1991 TrainOpt 1.5760e-05 Valid skipped LR: 1.3959e-08
Elapsed: 37625.07s Epoch 1992 TrainOpt 1.5724e-05 Valid skipped LR: 1.3031e-08
Elapsed: 37642.94s Epoch 1993 TrainOpt 1.5848e-05 Valid skipped LR: 1.2227e-08
Elapsed: 37661.46s Epoch 1994 TrainOpt 1.5798e-05 Valid skipped LR: 1.1547e-08
Elapsed: 37680.90s Epoch 1995 TrainOpt 1.5840e-05 Valid 3.3812e-03 LR: 1.0990e-08
Elapsed: 37699.64s Epoch 1996 TrainOpt 1.5802e-05 Valid skipped LR: 1.0557e-08
Elapsed: 37717.58s Epoch 1997 TrainOpt 1.5810e-05 Valid skipped LR: 1.0247e-08
Elapsed: 37735.64s Epoch 1998 TrainOpt 1.5808e-05 Valid skipped LR: 1.0062e-08
Elapsed: 37754.95s Epoch 1999 TrainOpt 1.5869e-05 Valid 3.3805e-03 LR: 1.0000e-04
