Training epoch log file
Time: 2026-06-13 23:42:30
Log file absolute path: /home/sonic/workspace/Hi-MGN/outputs/ex1/train4.log
model   MeshGraphNets
mode    train  # Train / Inference
gpu_ids 3    # -1 for CPU, GPU ids for multi-GPU training (DDP with both H200s)
log_file_dir    ex1/train4.log
modelpath   ./outputs/ex1/model4.pth
%   Datasets
dataset_dir ./dataset/ex1.h5
infer_dataset   ./dataset/b8_main_sec_dataset_infer.h5
infer_timesteps 1
%   Common params
input_var   4   # number of input variables: x_disp, y_disp, z_disp, stress (excluding node types)
output_var  4   # number of output variables: x_disp, y_disp, z_disp, stress (excluding node types)
feature_loss_weights  0, 0, 0, 1.0  # Per-feature loss weights for [x_disp, y_disp, z_disp, stress]
edge_var    8   # deformed dx/dy/dz/dist + reference dx/dy/dz/dist
positional_features  4   # Rotation-invariant node features: [centroid_dist, mean_edge_len, + encoding]
' 
%   Network parameters
message_passing_num 28
Training_epochs	2000
Batch_size	1
LearningR	0.0001  # Scaled by sqrt(8/1) from 0.0001 for larger batch size
Latent_dim	128	# MeshGraphNets latent dimension
num_workers 8   # dataloader worker processes (CPU-side edge features/normalization)
std_noise   0.0
residual_scale  1  # Scale factor for residual connections (1.0 = full residual, matches NVIDIA/DeepMind)
augment_geometry True   # Random Z-rotation + reflection augmentation (training only)
grad_accum_steps    1
'
% Memory Optimization
use_checkpointing   True   # Recomputes all MP blocks in backward; only enable under real VRAM pressure
'
% Performance Optimization
use_amp             True    # Mixed precision training with bfloat16 (1.5-2x speedup on Ampere+ GPUs)
prefetch_factor     4       # Batches prefetched per dataloader worker
profile_batches     0       # >0: torch.profiler on N batches of epoch 0, prints kernel table + chrome trace
use_ema             True    # EMA shadow model for validation/inference (smooths SGD noise, ~free precision)
ema_decay           0.99   # EMA decay factor (0.999 = ~1000-step averaging window)
test_interval       100      # Run test/visualization every N epochs (1 = every epoch, 10 = every 10th)
val_interval        10        # Run val eval every N epochs (1 = every epoch); reduces GPU idle at epoch boundary
'
% Node Type Parameters
use_node_types  True    # Add one-hot encoded node types to node features
'
% World Edge Parameters
use_world_edges         False
'
% Test set control
test_batch_idx  0, 1, 2, 3, 4, 5, 6, 7, 8, 9, 10, 11, 12, 13, 14, 15, 16, 33, 34
plot_feature_idx    -1  # Feature index to visualize in plots (-1 = last feature, i.e., stress)
'
% Multi-Scale / Hierarchical Parameters (BFS Bi-Stride, ICML 2023)
use_multiscale      FalseElapsed: 57.48s Epoch 0 TrainOpt 4.6867e+00 Valid 5.7100e+00 LR: 3.4000e-05
Elapsed: 152.10s Epoch 1 TrainOpt 5.6246e-01 Valid skipped LR: 6.7000e-05
Elapsed: 196.72s Epoch 2 TrainOpt 3.1500e-01 Valid skipped LR: 1.0000e-04
Elapsed: 242.12s Epoch 3 TrainOpt 3.1489e-01 Valid skipped LR: 1.0000e-04
Elapsed: 286.71s Epoch 4 TrainOpt 2.7932e-01 Valid skipped LR: 1.0000e-04
Elapsed: 331.75s Epoch 5 TrainOpt 1.5756e-01 Valid skipped LR: 9.9999e-05
Elapsed: 377.13s Epoch 6 TrainOpt 3.0770e-01 Valid skipped LR: 9.9999e-05
Elapsed: 423.76s Epoch 7 TrainOpt 2.8376e-01 Valid skipped LR: 9.9998e-05
Elapsed: 469.37s Epoch 8 TrainOpt 1.9852e-01 Valid skipped LR: 9.9998e-05
Elapsed: 515.03s Epoch 9 TrainOpt 3.1306e-01 Valid skipped LR: 9.9997e-05
Elapsed: 562.97s Epoch 10 TrainOpt 3.0172e-01 Valid 4.2432e-02 LR: 9.9996e-05
Elapsed: 608.62s Epoch 11 TrainOpt 1.5473e-01 Valid skipped LR: 9.9995e-05
Elapsed: 653.74s Epoch 12 TrainOpt 4.0393e-01 Valid skipped LR: 9.9994e-05
Elapsed: 698.48s Epoch 13 TrainOpt 1.2349e-01 Valid skipped LR: 9.9993e-05
Elapsed: 743.77s Epoch 14 TrainOpt 1.8941e-01 Valid skipped LR: 9.9991e-05
Elapsed: 789.36s Epoch 15 TrainOpt 1.2815e-01 Valid skipped LR: 9.9990e-05
Elapsed: 834.70s Epoch 16 TrainOpt 9.4096e-02 Valid skipped LR: 9.9988e-05
Elapsed: 881.16s Epoch 17 TrainOpt 1.7041e-01 Valid skipped LR: 9.9986e-05
Elapsed: 926.52s Epoch 18 TrainOpt 1.5357e-01 Valid skipped LR: 9.9984e-05
Elapsed: 971.43s Epoch 19 TrainOpt 1.4270e-01 Valid skipped LR: 9.9982e-05
Elapsed: 1019.20s Epoch 20 TrainOpt 9.2627e-02 Valid 4.3294e-02 LR: 9.9980e-05
Elapsed: 1064.03s Epoch 21 TrainOpt 9.6109e-02 Valid skipped LR: 9.9978e-05
Elapsed: 1109.14s Epoch 22 TrainOpt 1.0024e-01 Valid skipped LR: 9.9975e-05
Elapsed: 1154.69s Epoch 23 TrainOpt 9.9954e-02 Valid skipped LR: 9.9973e-05
Elapsed: 1199.95s Epoch 24 TrainOpt 1.1465e-01 Valid skipped LR: 9.9970e-05
Elapsed: 1245.77s Epoch 25 TrainOpt 9.1640e-02 Valid skipped LR: 9.9967e-05
Elapsed: 1291.14s Epoch 26 TrainOpt 1.2533e-01 Valid skipped LR: 9.9964e-05
Elapsed: 1336.13s Epoch 27 TrainOpt 9.9681e-02 Valid skipped LR: 9.9961e-05
Elapsed: 1381.13s Epoch 28 TrainOpt 7.7860e-02 Valid skipped LR: 9.9958e-05
Elapsed: 1426.70s Epoch 29 TrainOpt 7.2834e-02 Valid skipped LR: 9.9955e-05
Elapsed: 1475.01s Epoch 30 TrainOpt 6.0720e-02 Valid 3.9531e-02 LR: 9.9952e-05
Elapsed: 1520.88s Epoch 31 TrainOpt 9.7089e-02 Valid skipped LR: 9.9948e-05
Elapsed: 1566.62s Epoch 32 TrainOpt 1.3397e-01 Valid skipped LR: 9.9944e-05
Elapsed: 1612.53s Epoch 33 TrainOpt 1.0755e-01 Valid skipped LR: 9.9941e-05
Elapsed: 1657.79s Epoch 34 TrainOpt 7.7065e-02 Valid skipped LR: 9.9937e-05
Elapsed: 1702.93s Epoch 35 TrainOpt 7.3470e-02 Valid skipped LR: 9.9933e-05
Elapsed: 1748.86s Epoch 36 TrainOpt 7.7755e-02 Valid skipped LR: 9.9929e-05
Elapsed: 1794.46s Epoch 37 TrainOpt 1.0709e-01 Valid skipped LR: 9.9924e-05
Elapsed: 1839.49s Epoch 38 TrainOpt 7.3692e-02 Valid skipped LR: 9.9920e-05
Elapsed: 1885.55s Epoch 39 TrainOpt 1.3231e-01 Valid skipped LR: 9.9915e-05
Elapsed: 1934.03s Epoch 40 TrainOpt 2.4363e-01 Valid 4.2642e-02 LR: 9.9911e-05
Elapsed: 1980.13s Epoch 41 TrainOpt 1.4286e-01 Valid skipped LR: 9.9906e-05
Elapsed: 2025.71s Epoch 42 TrainOpt 9.4209e-02 Valid skipped LR: 9.9901e-05
Elapsed: 2071.51s Epoch 43 TrainOpt 1.2118e-01 Valid skipped LR: 9.9896e-05
Elapsed: 2117.27s Epoch 44 TrainOpt 7.3672e-02 Valid skipped LR: 9.9891e-05
Elapsed: 2162.81s Epoch 45 TrainOpt 8.0457e-02 Valid skipped LR: 9.9886e-05
Elapsed: 2207.86s Epoch 46 TrainOpt 8.0476e-02 Valid skipped LR: 9.9880e-05
Elapsed: 2253.36s Epoch 47 TrainOpt 8.8086e-02 Valid skipped LR: 9.9875e-05
Elapsed: 2299.01s Epoch 48 TrainOpt 5.7642e-02 Valid skipped LR: 9.9869e-05
Elapsed: 2344.40s Epoch 49 TrainOpt 8.0247e-02 Valid skipped LR: 9.9863e-05
Elapsed: 2392.99s Epoch 50 TrainOpt 1.0061e-01 Valid 3.7247e-02 LR: 9.9858e-05
Elapsed: 2438.33s Epoch 51 TrainOpt 9.8478e-02 Valid skipped LR: 9.9852e-05
Elapsed: 2483.35s Epoch 52 TrainOpt 9.1568e-02 Valid skipped LR: 9.9845e-05
Elapsed: 2528.71s Epoch 53 TrainOpt 6.8979e-02 Valid skipped LR: 9.9839e-05
Elapsed: 2573.88s Epoch 54 TrainOpt 6.4310e-02 Valid skipped LR: 9.9833e-05
Elapsed: 2619.51s Epoch 55 TrainOpt 5.8546e-02 Valid skipped LR: 9.9826e-05
Elapsed: 2664.60s Epoch 56 TrainOpt 4.9184e-02 Valid skipped LR: 9.9820e-05
Elapsed: 2709.74s Epoch 57 TrainOpt 6.2770e-02 Valid skipped LR: 9.9813e-05
Elapsed: 2754.99s Epoch 58 TrainOpt 9.2326e-02 Valid skipped LR: 9.9806e-05
Elapsed: 2800.29s Epoch 59 TrainOpt 1.1218e-01 Valid skipped LR: 9.9799e-05
Elapsed: 2848.49s Epoch 60 TrainOpt 7.9972e-02 Valid 3.8575e-02 LR: 9.9792e-05
Elapsed: 2893.78s Epoch 61 TrainOpt 6.6489e-02 Valid skipped LR: 9.9785e-05
Elapsed: 2939.17s Epoch 62 TrainOpt 8.6354e-02 Valid skipped LR: 9.9777e-05
Elapsed: 2984.09s Epoch 63 TrainOpt 7.6404e-02 Valid skipped LR: 9.9770e-05
Elapsed: 3029.86s Epoch 64 TrainOpt 5.5747e-02 Valid skipped LR: 9.9762e-05
Elapsed: 3074.88s Epoch 65 TrainOpt 6.2962e-02 Valid skipped LR: 9.9755e-05
Elapsed: 3120.18s Epoch 66 TrainOpt 7.0977e-02 Valid skipped LR: 9.9747e-05
Elapsed: 3165.41s Epoch 67 TrainOpt 7.1037e-02 Valid skipped LR: 9.9739e-05
Elapsed: 3210.42s Epoch 68 TrainOpt 5.7135e-02 Valid skipped LR: 9.9731e-05
Elapsed: 3256.43s Epoch 69 TrainOpt 7.6358e-02 Valid skipped LR: 9.9723e-05
Elapsed: 3304.02s Epoch 70 TrainOpt 7.1877e-02 Valid 4.1147e-02 LR: 9.9714e-05
Elapsed: 3349.64s Epoch 71 TrainOpt 8.1861e-02 Valid skipped LR: 9.9706e-05
Elapsed: 3394.87s Epoch 72 TrainOpt 6.6917e-02 Valid skipped LR: 9.9697e-05
Elapsed: 3440.52s Epoch 73 TrainOpt 5.5039e-02 Valid skipped LR: 9.9688e-05
Elapsed: 3486.02s Epoch 74 TrainOpt 6.5110e-02 Valid skipped LR: 9.9680e-05
Elapsed: 3530.89s Epoch 75 TrainOpt 5.6608e-02 Valid skipped LR: 9.9671e-05
Elapsed: 3576.10s Epoch 76 TrainOpt 6.9722e-02 Valid skipped LR: 9.9662e-05
Elapsed: 3621.33s Epoch 77 TrainOpt 7.1679e-02 Valid skipped LR: 9.9652e-05
Elapsed: 3666.86s Epoch 78 TrainOpt 1.1685e-01 Valid skipped LR: 9.9643e-05
Elapsed: 3713.40s Epoch 79 TrainOpt 9.6321e-02 Valid skipped LR: 9.9634e-05
Elapsed: 3761.28s Epoch 80 TrainOpt 9.4681e-02 Valid 3.6722e-02 LR: 9.9624e-05
Elapsed: 3807.01s Epoch 81 TrainOpt 8.0211e-02 Valid skipped LR: 9.9614e-05
Elapsed: 3852.01s Epoch 82 TrainOpt 6.6418e-02 Valid skipped LR: 9.9605e-05
Elapsed: 3897.25s Epoch 83 TrainOpt 6.2866e-02 Valid skipped LR: 9.9595e-05
Elapsed: 3942.62s Epoch 84 TrainOpt 6.3235e-02 Valid skipped LR: 9.9585e-05
Elapsed: 3988.65s Epoch 85 TrainOpt 5.7612e-02 Valid skipped LR: 9.9574e-05
Elapsed: 4034.76s Epoch 86 TrainOpt 6.1750e-02 Valid skipped LR: 9.9564e-05
Elapsed: 4080.07s Epoch 87 TrainOpt 7.4141e-02 Valid skipped LR: 9.9554e-05
Elapsed: 4126.09s Epoch 88 TrainOpt 5.2916e-02 Valid skipped LR: 9.9543e-05
Elapsed: 4171.56s Epoch 89 TrainOpt 4.7241e-02 Valid skipped LR: 9.9532e-05
Elapsed: 4219.56s Epoch 90 TrainOpt 6.8378e-02 Valid 3.7238e-02 LR: 9.9522e-05
Elapsed: 4265.07s Epoch 91 TrainOpt 5.5838e-02 Valid skipped LR: 9.9511e-05
Elapsed: 4310.40s Epoch 92 TrainOpt 7.2718e-02 Valid skipped LR: 9.9500e-05
Elapsed: 4356.34s Epoch 93 TrainOpt 6.1520e-02 Valid skipped LR: 9.9489e-05
Elapsed: 4401.55s Epoch 94 TrainOpt 5.2806e-02 Valid skipped LR: 9.9477e-05
Elapsed: 4446.71s Epoch 95 TrainOpt 5.2966e-02 Valid skipped LR: 9.9466e-05
Elapsed: 4492.87s Epoch 96 TrainOpt 5.3348e-02 Valid skipped LR: 9.9454e-05
Elapsed: 4537.94s Epoch 97 TrainOpt 5.9586e-02 Valid skipped LR: 9.9443e-05
Elapsed: 4583.17s Epoch 98 TrainOpt 6.0382e-02 Valid skipped LR: 9.9431e-05
Elapsed: 4629.16s Epoch 99 TrainOpt 5.2511e-02 Valid skipped LR: 9.9419e-05
Elapsed: 4677.73s Epoch 100 TrainOpt 5.1875e-02 Valid 3.8878e-02 LR: 9.9407e-05
Elapsed: 4772.14s Epoch 101 TrainOpt 6.2968e-02 Valid skipped LR: 9.9395e-05
Elapsed: 4817.36s Epoch 102 TrainOpt 6.6309e-02 Valid skipped LR: 9.9383e-05
Elapsed: 4863.05s Epoch 103 TrainOpt 6.5482e-02 Valid skipped LR: 9.9370e-05
Elapsed: 4908.91s Epoch 104 TrainOpt 6.8625e-02 Valid skipped LR: 9.9358e-05
Elapsed: 4954.47s Epoch 105 TrainOpt 6.0459e-02 Valid skipped LR: 9.9345e-05
Elapsed: 5000.05s Epoch 106 TrainOpt 4.9539e-02 Valid skipped LR: 9.9332e-05
Elapsed: 5046.01s Epoch 107 TrainOpt 6.0875e-02 Valid skipped LR: 9.9319e-05
Elapsed: 5091.87s Epoch 108 TrainOpt 7.7361e-02 Valid skipped LR: 9.9307e-05
Elapsed: 5137.36s Epoch 109 TrainOpt 7.2284e-02 Valid skipped LR: 9.9293e-05
Elapsed: 5184.88s Epoch 110 TrainOpt 5.9036e-02 Valid 3.6751e-02 LR: 9.9280e-05
Elapsed: 5230.02s Epoch 111 TrainOpt 4.5472e-02 Valid skipped LR: 9.9267e-05
Elapsed: 5275.53s Epoch 112 TrainOpt 5.7730e-02 Valid skipped LR: 9.9253e-05
Elapsed: 5321.03s Epoch 113 TrainOpt 5.0264e-02 Valid skipped LR: 9.9240e-05
Elapsed: 5366.75s Epoch 114 TrainOpt 5.9578e-02 Valid skipped LR: 9.9226e-05
Elapsed: 5411.93s Epoch 115 TrainOpt 6.0250e-02 Valid skipped LR: 9.9212e-05
Elapsed: 5457.54s Epoch 116 TrainOpt 5.6423e-02 Valid skipped LR: 9.9198e-05
Elapsed: 5503.42s Epoch 117 TrainOpt 5.0800e-02 Valid skipped LR: 9.9184e-05
Elapsed: 5548.23s Epoch 118 TrainOpt 5.4973e-02 Valid skipped LR: 9.9170e-05
Elapsed: 5594.29s Epoch 119 TrainOpt 5.5398e-02 Valid skipped LR: 9.9156e-05
Elapsed: 5641.77s Epoch 120 TrainOpt 4.9015e-02 Valid 3.6868e-02 LR: 9.9141e-05
Elapsed: 5686.89s Epoch 121 TrainOpt 6.2689e-02 Valid skipped LR: 9.9126e-05
Elapsed: 5732.93s Epoch 122 TrainOpt 5.8737e-02 Valid skipped LR: 9.9112e-05
Elapsed: 5778.31s Epoch 123 TrainOpt 5.3928e-02 Valid skipped LR: 9.9097e-05
Elapsed: 5823.79s Epoch 124 TrainOpt 5.1836e-02 Valid skipped LR: 9.9082e-05
Elapsed: 5869.57s Epoch 125 TrainOpt 5.0951e-02 Valid skipped LR: 9.9067e-05
Elapsed: 5915.39s Epoch 126 TrainOpt 5.4412e-02 Valid skipped LR: 9.9052e-05
Elapsed: 5961.01s Epoch 127 TrainOpt 4.2106e-02 Valid skipped LR: 9.9036e-05
Elapsed: 6007.11s Epoch 128 TrainOpt 4.8516e-02 Valid skipped LR: 9.9021e-05
Elapsed: 6052.23s Epoch 129 TrainOpt 4.8199e-02 Valid skipped LR: 9.9006e-05
Elapsed: 6100.46s Epoch 130 TrainOpt 5.7450e-02 Valid 3.3748e-02 LR: 9.8990e-05
Elapsed: 6145.88s Epoch 131 TrainOpt 4.9750e-02 Valid skipped LR: 9.8974e-05
Elapsed: 6191.09s Epoch 132 TrainOpt 5.1138e-02 Valid skipped LR: 9.8958e-05
Elapsed: 6236.75s Epoch 133 TrainOpt 5.8427e-02 Valid skipped LR: 9.8942e-05
Elapsed: 6282.12s Epoch 134 TrainOpt 6.4206e-02 Valid skipped LR: 9.8926e-05
Elapsed: 6328.03s Epoch 135 TrainOpt 4.8209e-02 Valid skipped LR: 9.8910e-05
Elapsed: 6373.41s Epoch 136 TrainOpt 4.5059e-02 Valid skipped LR: 9.8893e-05
Elapsed: 6419.02s Epoch 137 TrainOpt 5.4607e-02 Valid skipped LR: 9.8877e-05
Elapsed: 6464.32s Epoch 138 TrainOpt 4.7993e-02 Valid skipped LR: 9.8860e-05
Elapsed: 6510.20s Epoch 139 TrainOpt 4.4738e-02 Valid skipped LR: 9.8843e-05
Elapsed: 6558.29s Epoch 140 TrainOpt 5.4257e-02 Valid 3.1947e-02 LR: 9.8826e-05
Elapsed: 6603.84s Epoch 141 TrainOpt 4.3986e-02 Valid skipped LR: 9.8809e-05
Elapsed: 6649.39s Epoch 142 TrainOpt 5.7751e-02 Valid skipped LR: 9.8792e-05
Elapsed: 6695.50s Epoch 143 TrainOpt 4.3687e-02 Valid skipped LR: 9.8775e-05
Elapsed: 6741.08s Epoch 144 TrainOpt 4.2661e-02 Valid skipped LR: 9.8758e-05
Elapsed: 6786.65s Epoch 145 TrainOpt 3.9116e-02 Valid skipped LR: 9.8740e-05
Elapsed: 6832.22s Epoch 146 TrainOpt 4.1853e-02 Valid skipped LR: 9.8723e-05
Elapsed: 6877.66s Epoch 147 TrainOpt 5.0332e-02 Valid skipped LR: 9.8705e-05
Elapsed: 6922.76s Epoch 148 TrainOpt 4.2363e-02 Valid skipped LR: 9.8687e-05
Elapsed: 6968.11s Epoch 149 TrainOpt 3.9720e-02 Valid skipped LR: 9.8669e-05
Elapsed: 7015.51s Epoch 150 TrainOpt 3.9724e-02 Valid 3.1642e-02 LR: 9.8651e-05
Elapsed: 7061.20s Epoch 151 TrainOpt 3.8943e-02 Valid skipped LR: 9.8633e-05
Elapsed: 7106.27s Epoch 152 TrainOpt 3.4031e-02 Valid skipped LR: 9.8615e-05
Elapsed: 7151.38s Epoch 153 TrainOpt 4.3074e-02 Valid skipped LR: 9.8596e-05
Elapsed: 7196.92s Epoch 154 TrainOpt 5.0209e-02 Valid skipped LR: 9.8577e-05
Elapsed: 7242.26s Epoch 155 TrainOpt 4.1912e-02 Valid skipped LR: 9.8559e-05
Elapsed: 7287.82s Epoch 156 TrainOpt 4.5306e-02 Valid skipped LR: 9.8540e-05
Elapsed: 7333.08s Epoch 157 TrainOpt 4.2366e-02 Valid skipped LR: 9.8521e-05
Elapsed: 7378.24s Epoch 158 TrainOpt 4.0523e-02 Valid skipped LR: 9.8502e-05
Elapsed: 7424.09s Epoch 159 TrainOpt 3.8745e-02 Valid skipped LR: 9.8483e-05
Elapsed: 7471.82s Epoch 160 TrainOpt 3.6673e-02 Valid 2.9988e-02 LR: 9.8464e-05
Elapsed: 7517.22s Epoch 161 TrainOpt 4.7942e-02 Valid skipped LR: 9.8444e-05
Elapsed: 7562.45s Epoch 162 TrainOpt 3.7112e-02 Valid skipped LR: 9.8425e-05
Elapsed: 7608.60s Epoch 163 TrainOpt 4.0559e-02 Valid skipped LR: 9.8405e-05
Elapsed: 7654.09s Epoch 164 TrainOpt 3.5984e-02 Valid skipped LR: 9.8385e-05
Elapsed: 7699.15s Epoch 165 TrainOpt 3.4861e-02 Valid skipped LR: 9.8365e-05
Elapsed: 7744.44s Epoch 166 TrainOpt 3.3732e-02 Valid skipped LR: 9.8345e-05
Elapsed: 7789.43s Epoch 167 TrainOpt 3.4998e-02 Valid skipped LR: 9.8325e-05
Elapsed: 7834.60s Epoch 168 TrainOpt 3.9451e-02 Valid skipped LR: 9.8305e-05
Elapsed: 7879.61s Epoch 169 TrainOpt 3.6786e-02 Valid skipped LR: 9.8285e-05
Elapsed: 7927.62s Epoch 170 TrainOpt 3.0325e-02 Valid 2.8308e-02 LR: 9.8264e-05
Elapsed: 7973.13s Epoch 171 TrainOpt 3.3880e-02 Valid skipped LR: 9.8243e-05
Elapsed: 8018.37s Epoch 172 TrainOpt 3.7699e-02 Valid skipped LR: 9.8223e-05
Elapsed: 8063.38s Epoch 173 TrainOpt 3.3872e-02 Valid skipped LR: 9.8202e-05
Elapsed: 8109.09s Epoch 174 TrainOpt 3.7718e-02 Valid skipped LR: 9.8181e-05
Elapsed: 8154.57s Epoch 175 TrainOpt 4.6433e-02 Valid skipped LR: 9.8160e-05
Elapsed: 8199.71s Epoch 176 TrainOpt 3.5199e-02 Valid skipped LR: 9.8139e-05
Elapsed: 8245.19s Epoch 177 TrainOpt 3.6677e-02 Valid skipped LR: 9.8117e-05
Elapsed: 8290.30s Epoch 178 TrainOpt 3.6895e-02 Valid skipped LR: 9.8096e-05
Elapsed: 8335.45s Epoch 179 TrainOpt 3.1528e-02 Valid skipped LR: 9.8074e-05
Elapsed: 8382.92s Epoch 180 TrainOpt 3.6051e-02 Valid 2.6250e-02 LR: 9.8053e-05
Elapsed: 8428.16s Epoch 181 TrainOpt 4.0277e-02 Valid skipped LR: 9.8031e-05
Elapsed: 8474.25s Epoch 182 TrainOpt 3.5596e-02 Valid skipped LR: 9.8009e-05
Elapsed: 8519.47s Epoch 183 TrainOpt 2.9082e-02 Valid skipped LR: 9.7987e-05
Elapsed: 8564.86s Epoch 184 TrainOpt 3.3151e-02 Valid skipped LR: 9.7965e-05
Elapsed: 8610.43s Epoch 185 TrainOpt 3.3075e-02 Valid skipped LR: 9.7942e-05
Elapsed: 8656.31s Epoch 186 TrainOpt 2.9902e-02 Valid skipped LR: 9.7920e-05
Elapsed: 8701.80s Epoch 187 TrainOpt 3.4013e-02 Valid skipped LR: 9.7898e-05
Elapsed: 8747.03s Epoch 188 TrainOpt 3.2849e-02 Valid skipped LR: 9.7875e-05
Elapsed: 8791.84s Epoch 189 TrainOpt 4.3015e-02 Valid skipped LR: 9.7852e-05
Elapsed: 8839.70s Epoch 190 TrainOpt 3.2922e-02 Valid 2.7626e-02 LR: 9.7829e-05
Elapsed: 8885.18s Epoch 191 TrainOpt 3.3838e-02 Valid skipped LR: 9.7806e-05
Elapsed: 8930.36s Epoch 192 TrainOpt 3.2607e-02 Valid skipped LR: 9.7783e-05
Elapsed: 8975.74s Epoch 193 TrainOpt 2.9196e-02 Valid skipped LR: 9.7760e-05
Elapsed: 9021.23s Epoch 194 TrainOpt 4.0662e-02 Valid skipped LR: 9.7737e-05
Elapsed: 9066.40s Epoch 195 TrainOpt 3.3548e-02 Valid skipped LR: 9.7713e-05
Elapsed: 9112.17s Epoch 196 TrainOpt 3.2119e-02 Valid skipped LR: 9.7690e-05
Elapsed: 9157.57s Epoch 197 TrainOpt 3.0294e-02 Valid skipped LR: 9.7666e-05
Elapsed: 9203.17s Epoch 198 TrainOpt 2.8455e-02 Valid skipped LR: 9.7642e-05
Elapsed: 9248.75s Epoch 199 TrainOpt 3.1373e-02 Valid skipped LR: 9.7618e-05
Elapsed: 9295.80s Epoch 200 TrainOpt 3.2161e-02 Valid 2.3916e-02 LR: 9.7594e-05
Elapsed: 9389.08s Epoch 201 TrainOpt 2.9175e-02 Valid skipped LR: 9.7570e-05
Elapsed: 9434.56s Epoch 202 TrainOpt 2.6457e-02 Valid skipped LR: 9.7546e-05
Elapsed: 9479.61s Epoch 203 TrainOpt 2.7471e-02 Valid skipped LR: 9.7521e-05
Elapsed: 9525.22s Epoch 204 TrainOpt 2.8557e-02 Valid skipped LR: 9.7497e-05
Elapsed: 9570.44s Epoch 205 TrainOpt 3.0445e-02 Valid skipped LR: 9.7472e-05
Elapsed: 9615.52s Epoch 206 TrainOpt 2.6694e-02 Valid skipped LR: 9.7447e-05
Elapsed: 9660.62s Epoch 207 TrainOpt 2.4725e-02 Valid skipped LR: 9.7423e-05
Elapsed: 9705.94s Epoch 208 TrainOpt 3.1666e-02 Valid skipped LR: 9.7398e-05
Elapsed: 9751.82s Epoch 209 TrainOpt 3.1705e-02 Valid skipped LR: 9.7373e-05
Elapsed: 9799.08s Epoch 210 TrainOpt 2.8489e-02 Valid 2.3207e-02 LR: 9.7347e-05
Elapsed: 9844.81s Epoch 211 TrainOpt 2.8976e-02 Valid skipped LR: 9.7322e-05
Elapsed: 9890.61s Epoch 212 TrainOpt 3.0331e-02 Valid skipped LR: 9.7297e-05
Elapsed: 9936.33s Epoch 213 TrainOpt 2.8704e-02 Valid skipped LR: 9.7271e-05
Elapsed: 9981.96s Epoch 214 TrainOpt 2.6871e-02 Valid skipped LR: 9.7245e-05
Elapsed: 10026.67s Epoch 215 TrainOpt 2.5685e-02 Valid skipped LR: 9.7219e-05
Elapsed: 10072.64s Epoch 216 TrainOpt 2.8068e-02 Valid skipped LR: 9.7194e-05
Elapsed: 10118.37s Epoch 217 TrainOpt 4.0464e-02 Valid skipped LR: 9.7167e-05
Elapsed: 10163.15s Epoch 218 TrainOpt 2.9180e-02 Valid skipped LR: 9.7141e-05
Elapsed: 10208.98s Epoch 219 TrainOpt 2.8356e-02 Valid skipped LR: 9.7115e-05
Elapsed: 10256.74s Epoch 220 TrainOpt 2.5258e-02 Valid 2.2857e-02 LR: 9.7089e-05
Elapsed: 10301.47s Epoch 221 TrainOpt 3.2004e-02 Valid skipped LR: 9.7062e-05
Elapsed: 10346.66s Epoch 222 TrainOpt 2.5849e-02 Valid skipped LR: 9.7036e-05
Elapsed: 10392.16s Epoch 223 TrainOpt 2.5400e-02 Valid skipped LR: 9.7009e-05
Elapsed: 10437.26s Epoch 224 TrainOpt 3.3522e-02 Valid skipped LR: 9.6982e-05
Elapsed: 10482.14s Epoch 225 TrainOpt 2.4889e-02 Valid skipped LR: 9.6955e-05
Elapsed: 10527.33s Epoch 226 TrainOpt 2.5727e-02 Valid skipped LR: 9.6928e-05
Elapsed: 10572.80s Epoch 227 TrainOpt 2.7694e-02 Valid skipped LR: 9.6901e-05
Elapsed: 10617.98s Epoch 228 TrainOpt 2.7453e-02 Valid skipped LR: 9.6873e-05
Elapsed: 10663.27s Epoch 229 TrainOpt 2.6849e-02 Valid skipped LR: 9.6846e-05
Elapsed: 10710.90s Epoch 230 TrainOpt 3.0463e-02 Valid 2.1037e-02 LR: 9.6818e-05
Elapsed: 10756.25s Epoch 231 TrainOpt 2.7412e-02 Valid skipped LR: 9.6791e-05
Elapsed: 10801.94s Epoch 232 TrainOpt 3.3404e-02 Valid skipped LR: 9.6763e-05
Elapsed: 10847.38s Epoch 233 TrainOpt 2.4329e-02 Valid skipped LR: 9.6735e-05
Elapsed: 10892.76s Epoch 234 TrainOpt 2.2301e-02 Valid skipped LR: 9.6707e-05
Elapsed: 10938.30s Epoch 235 TrainOpt 2.5472e-02 Valid skipped LR: 9.6679e-05
Elapsed: 10983.61s Epoch 236 TrainOpt 2.3151e-02 Valid skipped LR: 9.6651e-05
Elapsed: 11029.58s Epoch 237 TrainOpt 2.3210e-02 Valid skipped LR: 9.6622e-05
Elapsed: 11075.07s Epoch 238 TrainOpt 2.8799e-02 Valid skipped LR: 9.6594e-05
Elapsed: 11119.93s Epoch 239 TrainOpt 2.4808e-02 Valid skipped LR: 9.6565e-05
Elapsed: 11167.43s Epoch 240 TrainOpt 2.4354e-02 Valid 2.1557e-02 LR: 9.6537e-05
Elapsed: 11213.13s Epoch 241 TrainOpt 2.6985e-02 Valid skipped LR: 9.6508e-05
Elapsed: 11258.89s Epoch 242 TrainOpt 2.5166e-02 Valid skipped LR: 9.6479e-05
Elapsed: 11304.88s Epoch 243 TrainOpt 3.0755e-02 Valid skipped LR: 9.6450e-05
Elapsed: 11350.51s Epoch 244 TrainOpt 3.0419e-02 Valid skipped LR: 9.6421e-05
Elapsed: 11395.87s Epoch 245 TrainOpt 2.5275e-02 Valid skipped LR: 9.6391e-05
Elapsed: 11441.12s Epoch 246 TrainOpt 2.3198e-02 Valid skipped LR: 9.6362e-05
Elapsed: 11487.56s Epoch 247 TrainOpt 2.5896e-02 Valid skipped LR: 9.6332e-05
Elapsed: 11532.68s Epoch 248 TrainOpt 2.8797e-02 Valid skipped LR: 9.6303e-05
Elapsed: 11578.41s Epoch 249 TrainOpt 2.7422e-02 Valid skipped LR: 9.6273e-05
Elapsed: 11626.32s Epoch 250 TrainOpt 2.3648e-02 Valid 2.0911e-02 LR: 9.6243e-05
Elapsed: 11671.66s Epoch 251 TrainOpt 2.3514e-02 Valid skipped LR: 9.6213e-05
Elapsed: 11717.07s Epoch 252 TrainOpt 2.3502e-02 Valid skipped LR: 9.6183e-05
Elapsed: 11763.00s Epoch 253 TrainOpt 2.8636e-02 Valid skipped LR: 9.6153e-05
Elapsed: 11808.31s Epoch 254 TrainOpt 3.2966e-02 Valid skipped LR: 9.6123e-05
Elapsed: 11853.82s Epoch 255 TrainOpt 3.1121e-02 Valid skipped LR: 9.6092e-05
Elapsed: 11899.00s Epoch 256 TrainOpt 2.5328e-02 Valid skipped LR: 9.6062e-05
Elapsed: 11944.34s Epoch 257 TrainOpt 2.4373e-02 Valid skipped LR: 9.6031e-05
Elapsed: 11989.62s Epoch 258 TrainOpt 2.4763e-02 Valid skipped LR: 9.6000e-05
Elapsed: 12035.16s Epoch 259 TrainOpt 2.1687e-02 Valid skipped LR: 9.5969e-05
Elapsed: 12083.13s Epoch 260 TrainOpt 2.0746e-02 Valid 1.8529e-02 LR: 9.5938e-05
Elapsed: 12128.83s Epoch 261 TrainOpt 2.5380e-02 Valid skipped LR: 9.5907e-05
Elapsed: 12174.63s Epoch 262 TrainOpt 3.0542e-02 Valid skipped LR: 9.5876e-05
Elapsed: 12220.50s Epoch 263 TrainOpt 2.4850e-02 Valid skipped LR: 9.5845e-05
Elapsed: 12265.34s Epoch 264 TrainOpt 2.4979e-02 Valid skipped LR: 9.5813e-05
Elapsed: 12309.86s Epoch 265 TrainOpt 2.7430e-02 Valid skipped LR: 9.5782e-05
Elapsed: 12355.58s Epoch 266 TrainOpt 2.5651e-02 Valid skipped LR: 9.5750e-05
Elapsed: 12400.77s Epoch 267 TrainOpt 2.2193e-02 Valid skipped LR: 9.5718e-05
Elapsed: 12446.12s Epoch 268 TrainOpt 2.1816e-02 Valid skipped LR: 9.5686e-05
Elapsed: 12491.47s Epoch 269 TrainOpt 2.4331e-02 Valid skipped LR: 9.5654e-05
Elapsed: 12538.92s Epoch 270 TrainOpt 2.5080e-02 Valid 2.0269e-02 LR: 9.5622e-05
Elapsed: 12583.66s Epoch 271 TrainOpt 2.3451e-02 Valid skipped LR: 9.5590e-05
Elapsed: 12628.88s Epoch 272 TrainOpt 2.0318e-02 Valid skipped LR: 9.5557e-05
Elapsed: 12674.17s Epoch 273 TrainOpt 2.4294e-02 Valid skipped LR: 9.5525e-05
Elapsed: 12719.79s Epoch 274 TrainOpt 2.7273e-02 Valid skipped LR: 9.5492e-05
Elapsed: 12765.12s Epoch 275 TrainOpt 2.3649e-02 Valid skipped LR: 9.5460e-05
Elapsed: 12810.33s Epoch 276 TrainOpt 2.2113e-02 Valid skipped LR: 9.5427e-05
Elapsed: 12855.72s Epoch 277 TrainOpt 2.1671e-02 Valid skipped LR: 9.5394e-05
Elapsed: 12900.86s Epoch 278 TrainOpt 2.1067e-02 Valid skipped LR: 9.5361e-05
Elapsed: 12946.07s Epoch 279 TrainOpt 2.3170e-02 Valid skipped LR: 9.5328e-05
Elapsed: 12994.13s Epoch 280 TrainOpt 2.6342e-02 Valid 1.8401e-02 LR: 9.5295e-05
Elapsed: 13040.03s Epoch 281 TrainOpt 2.2930e-02 Valid skipped LR: 9.5261e-05
Elapsed: 13085.53s Epoch 282 TrainOpt 2.5908e-02 Valid skipped LR: 9.5228e-05
Elapsed: 13130.88s Epoch 283 TrainOpt 2.3315e-02 Valid skipped LR: 9.5194e-05
Elapsed: 13176.11s Epoch 284 TrainOpt 2.3731e-02 Valid skipped LR: 9.5160e-05
Elapsed: 13221.47s Epoch 285 TrainOpt 2.1771e-02 Valid skipped LR: 9.5127e-05
Elapsed: 13267.23s Epoch 286 TrainOpt 2.2444e-02 Valid skipped LR: 9.5093e-05
Elapsed: 13312.38s Epoch 287 TrainOpt 2.3987e-02 Valid skipped LR: 9.5059e-05
Elapsed: 13357.66s Epoch 288 TrainOpt 2.4762e-02 Valid skipped LR: 9.5025e-05
Elapsed: 13402.99s Epoch 289 TrainOpt 2.0582e-02 Valid skipped LR: 9.4990e-05
Elapsed: 13450.91s Epoch 290 TrainOpt 2.2990e-02 Valid 1.9533e-02 LR: 9.4956e-05
Elapsed: 13496.14s Epoch 291 TrainOpt 2.1053e-02 Valid skipped LR: 9.4921e-05
Elapsed: 13541.45s Epoch 292 TrainOpt 2.0597e-02 Valid skipped LR: 9.4887e-05
Elapsed: 13586.90s Epoch 293 TrainOpt 2.2156e-02 Valid skipped LR: 9.4852e-05
Elapsed: 13632.17s Epoch 294 TrainOpt 2.3275e-02 Valid skipped LR: 9.4817e-05
Elapsed: 13677.22s Epoch 295 TrainOpt 2.4177e-02 Valid skipped LR: 9.4782e-05
Elapsed: 13722.01s Epoch 296 TrainOpt 2.2732e-02 Valid skipped LR: 9.4747e-05
Elapsed: 13767.23s Epoch 297 TrainOpt 2.2592e-02 Valid skipped LR: 9.4712e-05
Elapsed: 13812.84s Epoch 298 TrainOpt 2.3546e-02 Valid skipped LR: 9.4677e-05
Elapsed: 13858.00s Epoch 299 TrainOpt 2.0357e-02 Valid skipped LR: 9.4642e-05
Elapsed: 13904.97s Epoch 300 TrainOpt 2.0407e-02 Valid 1.7723e-02 LR: 9.4606e-05
Elapsed: 13995.33s Epoch 301 TrainOpt 2.2615e-02 Valid skipped LR: 9.4570e-05
Elapsed: 14040.25s Epoch 302 TrainOpt 2.4112e-02 Valid skipped LR: 9.4535e-05
Elapsed: 14086.15s Epoch 303 TrainOpt 2.3897e-02 Valid skipped LR: 9.4499e-05
Elapsed: 14131.62s Epoch 304 TrainOpt 2.1493e-02 Valid skipped LR: 9.4463e-05
Elapsed: 14177.21s Epoch 305 TrainOpt 2.0210e-02 Valid skipped LR: 9.4427e-05
Elapsed: 14222.39s Epoch 306 TrainOpt 1.8724e-02 Valid skipped LR: 9.4391e-05
Elapsed: 14267.72s Epoch 307 TrainOpt 2.5162e-02 Valid skipped LR: 9.4355e-05
Elapsed: 14313.21s Epoch 308 TrainOpt 2.5193e-02 Valid skipped LR: 9.4318e-05
Elapsed: 14358.39s Epoch 309 TrainOpt 2.1373e-02 Valid skipped LR: 9.4282e-05
Elapsed: 14405.80s Epoch 310 TrainOpt 2.0641e-02 Valid 1.7096e-02 LR: 9.4245e-05
Elapsed: 14451.55s Epoch 311 TrainOpt 1.9604e-02 Valid skipped LR: 9.4209e-05
Elapsed: 14497.32s Epoch 312 TrainOpt 2.0561e-02 Valid skipped LR: 9.4172e-05
Elapsed: 14542.42s Epoch 313 TrainOpt 2.2113e-02 Valid skipped LR: 9.4135e-05
Elapsed: 14588.13s Epoch 314 TrainOpt 2.5504e-02 Valid skipped LR: 9.4098e-05
Elapsed: 14633.57s Epoch 315 TrainOpt 2.2252e-02 Valid skipped LR: 9.4061e-05
Elapsed: 14679.06s Epoch 316 TrainOpt 2.0302e-02 Valid skipped LR: 9.4023e-05
Elapsed: 14724.53s Epoch 317 TrainOpt 1.8675e-02 Valid skipped LR: 9.3986e-05
Elapsed: 14769.26s Epoch 318 TrainOpt 2.1878e-02 Valid skipped LR: 9.3949e-05
Elapsed: 14814.37s Epoch 319 TrainOpt 2.4395e-02 Valid skipped LR: 9.3911e-05
Elapsed: 14862.34s Epoch 320 TrainOpt 2.0608e-02 Valid 1.8988e-02 LR: 9.3873e-05
Elapsed: 14907.22s Epoch 321 TrainOpt 2.4153e-02 Valid skipped LR: 9.3836e-05
Elapsed: 14953.81s Epoch 322 TrainOpt 2.1557e-02 Valid skipped LR: 9.3798e-05
Elapsed: 14999.13s Epoch 323 TrainOpt 2.0978e-02 Valid skipped LR: 9.3760e-05
Elapsed: 15044.39s Epoch 324 TrainOpt 2.0183e-02 Valid skipped LR: 9.3722e-05
Elapsed: 15090.28s Epoch 325 TrainOpt 2.2267e-02 Valid skipped LR: 9.3683e-05
Elapsed: 15135.67s Epoch 326 TrainOpt 2.3528e-02 Valid skipped LR: 9.3645e-05
Elapsed: 15180.71s Epoch 327 TrainOpt 2.0627e-02 Valid skipped LR: 9.3607e-05
Elapsed: 15226.34s Epoch 328 TrainOpt 2.0265e-02 Valid skipped LR: 9.3568e-05
Elapsed: 15271.79s Epoch 329 TrainOpt 2.3540e-02 Valid skipped LR: 9.3530e-05
Elapsed: 15319.39s Epoch 330 TrainOpt 2.6483e-02 Valid 1.7124e-02 LR: 9.3491e-05
Elapsed: 15365.12s Epoch 331 TrainOpt 2.3360e-02 Valid skipped LR: 9.3452e-05
Elapsed: 15410.56s Epoch 332 TrainOpt 2.2235e-02 Valid skipped LR: 9.3413e-05
Elapsed: 15456.55s Epoch 333 TrainOpt 1.8221e-02 Valid skipped LR: 9.3374e-05
Elapsed: 15502.61s Epoch 334 TrainOpt 2.6201e-02 Valid skipped LR: 9.3335e-05
Elapsed: 15547.93s Epoch 335 TrainOpt 2.0226e-02 Valid skipped LR: 9.3295e-05
Elapsed: 15593.36s Epoch 336 TrainOpt 2.1322e-02 Valid skipped LR: 9.3256e-05
Elapsed: 15638.99s Epoch 337 TrainOpt 1.8862e-02 Valid skipped LR: 9.3216e-05
Elapsed: 15684.26s Epoch 338 TrainOpt 2.2689e-02 Valid skipped LR: 9.3177e-05
Elapsed: 15729.82s Epoch 339 TrainOpt 2.0917e-02 Valid skipped LR: 9.3137e-05
Elapsed: 15777.15s Epoch 340 TrainOpt 2.1768e-02 Valid 1.7232e-02 LR: 9.3097e-05
Elapsed: 15822.38s Epoch 341 TrainOpt 1.9093e-02 Valid skipped LR: 9.3057e-05
Elapsed: 15867.97s Epoch 342 TrainOpt 2.3215e-02 Valid skipped LR: 9.3017e-05
Elapsed: 15913.15s Epoch 343 TrainOpt 1.8391e-02 Valid skipped LR: 9.2977e-05
Elapsed: 15958.50s Epoch 344 TrainOpt 1.8062e-02 Valid skipped LR: 9.2937e-05
Elapsed: 16003.98s Epoch 345 TrainOpt 1.9354e-02 Valid skipped LR: 9.2897e-05
Elapsed: 16049.79s Epoch 346 TrainOpt 1.9094e-02 Valid skipped LR: 9.2856e-05
Elapsed: 16095.47s Epoch 347 TrainOpt 2.1516e-02 Valid skipped LR: 9.2816e-05
Elapsed: 16141.24s Epoch 348 TrainOpt 1.7214e-02 Valid skipped LR: 9.2775e-05
Elapsed: 16186.37s Epoch 349 TrainOpt 2.0495e-02 Valid skipped LR: 9.2734e-05
Elapsed: 16233.89s Epoch 350 TrainOpt 1.9197e-02 Valid 1.5953e-02 LR: 9.2693e-05
Elapsed: 16279.73s Epoch 351 TrainOpt 1.8507e-02 Valid skipped LR: 9.2652e-05
Elapsed: 16324.94s Epoch 352 TrainOpt 1.9142e-02 Valid skipped LR: 9.2611e-05
Elapsed: 16370.09s Epoch 353 TrainOpt 1.9989e-02 Valid skipped LR: 9.2570e-05
Elapsed: 16415.85s Epoch 354 TrainOpt 1.9756e-02 Valid skipped LR: 9.2529e-05
Elapsed: 16460.97s Epoch 355 TrainOpt 2.0904e-02 Valid skipped LR: 9.2487e-05
Elapsed: 16506.18s Epoch 356 TrainOpt 1.8590e-02 Valid skipped LR: 9.2446e-05
Elapsed: 16551.82s Epoch 357 TrainOpt 1.9088e-02 Valid skipped LR: 9.2404e-05
Elapsed: 16597.15s Epoch 358 TrainOpt 1.8830e-02 Valid skipped LR: 9.2362e-05
Elapsed: 16643.02s Epoch 359 TrainOpt 1.9011e-02 Valid skipped LR: 9.2321e-05
Elapsed: 16690.60s Epoch 360 TrainOpt 2.0292e-02 Valid 1.5285e-02 LR: 9.2279e-05
Elapsed: 16735.64s Epoch 361 TrainOpt 1.7618e-02 Valid skipped LR: 9.2237e-05
Elapsed: 16780.67s Epoch 362 TrainOpt 1.9010e-02 Valid skipped LR: 9.2194e-05
Elapsed: 16826.36s Epoch 363 TrainOpt 2.2118e-02 Valid skipped LR: 9.2152e-05
Elapsed: 16871.85s Epoch 364 TrainOpt 1.9500e-02 Valid skipped LR: 9.2110e-05
Elapsed: 16917.67s Epoch 365 TrainOpt 1.8273e-02 Valid skipped LR: 9.2067e-05
Elapsed: 16963.28s Epoch 366 TrainOpt 1.9845e-02 Valid skipped LR: 9.2025e-05
Elapsed: 17008.85s Epoch 367 TrainOpt 2.1797e-02 Valid skipped LR: 9.1982e-05
Elapsed: 17054.10s Epoch 368 TrainOpt 2.1157e-02 Valid skipped LR: 9.1939e-05
Elapsed: 17099.52s Epoch 369 TrainOpt 1.9496e-02 Valid skipped LR: 9.1896e-05
Elapsed: 17147.27s Epoch 370 TrainOpt 1.9343e-02 Valid 1.7070e-02 LR: 9.1853e-05
Elapsed: 17192.98s Epoch 371 TrainOpt 1.9649e-02 Valid skipped LR: 9.1810e-05
Elapsed: 17238.07s Epoch 372 TrainOpt 1.7884e-02 Valid skipped LR: 9.1767e-05
Elapsed: 17283.13s Epoch 373 TrainOpt 1.7943e-02 Valid skipped LR: 9.1724e-05
Elapsed: 17328.60s Epoch 374 TrainOpt 1.8137e-02 Valid skipped LR: 9.1681e-05
Elapsed: 17374.07s Epoch 375 TrainOpt 1.9200e-02 Valid skipped LR: 9.1637e-05
Elapsed: 17419.02s Epoch 376 TrainOpt 1.8124e-02 Valid skipped LR: 9.1593e-05
Elapsed: 17464.50s Epoch 377 TrainOpt 1.9050e-02 Valid skipped LR: 9.1550e-05
Elapsed: 17509.88s Epoch 378 TrainOpt 1.7860e-02 Valid skipped LR: 9.1506e-05
Elapsed: 17555.39s Epoch 379 TrainOpt 1.8643e-02 Valid skipped LR: 9.1462e-05
Elapsed: 17603.27s Epoch 380 TrainOpt 1.9182e-02 Valid 1.5878e-02 LR: 9.1418e-05
Elapsed: 17648.68s Epoch 381 TrainOpt 2.2267e-02 Valid skipped LR: 9.1374e-05
Elapsed: 17694.38s Epoch 382 TrainOpt 2.0385e-02 Valid skipped LR: 9.1330e-05
Elapsed: 17739.90s Epoch 383 TrainOpt 1.9209e-02 Valid skipped LR: 9.1285e-05
Elapsed: 17785.02s Epoch 384 TrainOpt 1.9517e-02 Valid skipped LR: 9.1241e-05
Elapsed: 17830.69s Epoch 385 TrainOpt 1.8896e-02 Valid skipped LR: 9.1196e-05
Elapsed: 17875.75s Epoch 386 TrainOpt 1.9078e-02 Valid skipped LR: 9.1152e-05
Elapsed: 17920.94s Epoch 387 TrainOpt 2.0514e-02 Valid skipped LR: 9.1107e-05
Elapsed: 17966.42s Epoch 388 TrainOpt 1.9099e-02 Valid skipped LR: 9.1062e-05
Elapsed: 18011.49s Epoch 389 TrainOpt 1.9929e-02 Valid skipped LR: 9.1017e-05
Elapsed: 18059.56s Epoch 390 TrainOpt 1.7722e-02 Valid 1.7072e-02 LR: 9.0972e-05
Elapsed: 18105.07s Epoch 391 TrainOpt 1.9155e-02 Valid skipped LR: 9.0927e-05
Elapsed: 18150.88s Epoch 392 TrainOpt 1.9526e-02 Valid skipped LR: 9.0882e-05
Elapsed: 18195.93s Epoch 393 TrainOpt 2.0989e-02 Valid skipped LR: 9.0837e-05
Elapsed: 18240.84s Epoch 394 TrainOpt 1.9365e-02 Valid skipped LR: 9.0791e-05
Elapsed: 18286.02s Epoch 395 TrainOpt 1.9811e-02 Valid skipped LR: 9.0746e-05
Elapsed: 18331.57s Epoch 396 TrainOpt 1.8527e-02 Valid skipped LR: 9.0700e-05
Elapsed: 18377.03s Epoch 397 TrainOpt 1.8942e-02 Valid skipped LR: 9.0654e-05
Elapsed: 18422.72s Epoch 398 TrainOpt 1.9010e-02 Valid skipped LR: 9.0608e-05
Elapsed: 18467.98s Epoch 399 TrainOpt 1.8556e-02 Valid skipped LR: 9.0562e-05
Elapsed: 18515.65s Epoch 400 TrainOpt 1.9024e-02 Valid 1.6425e-02 LR: 9.0516e-05
Elapsed: 18606.24s Epoch 401 TrainOpt 2.0729e-02 Valid skipped LR: 9.0470e-05
Elapsed: 18651.88s Epoch 402 TrainOpt 2.0486e-02 Valid skipped LR: 9.0424e-05
Elapsed: 18697.26s Epoch 403 TrainOpt 1.8496e-02 Valid skipped LR: 9.0378e-05
Elapsed: 18742.94s Epoch 404 TrainOpt 1.7976e-02 Valid skipped LR: 9.0331e-05
Elapsed: 18788.53s Epoch 405 TrainOpt 1.7872e-02 Valid skipped LR: 9.0285e-05
Elapsed: 18833.82s Epoch 406 TrainOpt 2.0971e-02 Valid skipped LR: 9.0238e-05
Elapsed: 18878.81s Epoch 407 TrainOpt 1.7673e-02 Valid skipped LR: 9.0191e-05
Elapsed: 18924.57s Epoch 408 TrainOpt 1.9908e-02 Valid skipped LR: 9.0145e-05
Elapsed: 18969.76s Epoch 409 TrainOpt 1.9892e-02 Valid skipped LR: 9.0098e-05
Elapsed: 19016.88s Epoch 410 TrainOpt 2.0160e-02 Valid 1.7258e-02 LR: 9.0051e-05
Elapsed: 19062.07s Epoch 411 TrainOpt 1.9421e-02 Valid skipped LR: 9.0003e-05
Elapsed: 19107.84s Epoch 412 TrainOpt 2.0007e-02 Valid skipped LR: 8.9956e-05
Elapsed: 19152.54s Epoch 413 TrainOpt 1.9495e-02 Valid skipped LR: 8.9909e-05
Elapsed: 19197.30s Epoch 414 TrainOpt 1.7922e-02 Valid skipped LR: 8.9861e-05
Elapsed: 19243.21s Epoch 415 TrainOpt 2.2383e-02 Valid skipped LR: 8.9814e-05
Elapsed: 19288.24s Epoch 416 TrainOpt 1.9202e-02 Valid skipped LR: 8.9766e-05
Elapsed: 19334.38s Epoch 417 TrainOpt 2.0352e-02 Valid skipped LR: 8.9719e-05
Elapsed: 19379.64s Epoch 418 TrainOpt 2.0455e-02 Valid skipped LR: 8.9671e-05
Elapsed: 19424.93s Epoch 419 TrainOpt 1.9133e-02 Valid skipped LR: 8.9623e-05
Elapsed: 19472.78s Epoch 420 TrainOpt 2.0130e-02 Valid 1.6443e-02 LR: 8.9575e-05
Elapsed: 19518.63s Epoch 421 TrainOpt 1.9020e-02 Valid skipped LR: 8.9527e-05
Elapsed: 19564.57s Epoch 422 TrainOpt 1.7979e-02 Valid skipped LR: 8.9478e-05
Elapsed: 19609.75s Epoch 423 TrainOpt 1.8723e-02 Valid skipped LR: 8.9430e-05
Elapsed: 19655.92s Epoch 424 TrainOpt 1.8959e-02 Valid skipped LR: 8.9382e-05
Elapsed: 19701.16s Epoch 425 TrainOpt 1.6881e-02 Valid skipped LR: 8.9333e-05
Elapsed: 19746.49s Epoch 426 TrainOpt 2.0306e-02 Valid skipped LR: 8.9285e-05
Elapsed: 19792.08s Epoch 427 TrainOpt 1.8704e-02 Valid skipped LR: 8.9236e-05
Elapsed: 19837.20s Epoch 428 TrainOpt 1.8757e-02 Valid skipped LR: 8.9187e-05
Elapsed: 19883.06s Epoch 429 TrainOpt 2.9950e-02 Valid skipped LR: 8.9138e-05
Elapsed: 19930.72s Epoch 430 TrainOpt 2.8890e-02 Valid 2.3427e-02 LR: 8.9089e-05
Elapsed: 19975.75s Epoch 431 TrainOpt 2.2759e-02 Valid skipped LR: 8.9040e-05
Elapsed: 20021.95s Epoch 432 TrainOpt 2.5126e-02 Valid skipped LR: 8.8991e-05
Elapsed: 20067.57s Epoch 433 TrainOpt 2.0689e-02 Valid skipped LR: 8.8942e-05
Elapsed: 20113.04s Epoch 434 TrainOpt 2.0885e-02 Valid skipped LR: 8.8892e-05
Elapsed: 20158.35s Epoch 435 TrainOpt 2.6668e-02 Valid skipped LR: 8.8843e-05
Elapsed: 20203.50s Epoch 436 TrainOpt 2.3025e-02 Valid skipped LR: 8.8793e-05
Elapsed: 20248.63s Epoch 437 TrainOpt 2.4517e-02 Valid skipped LR: 8.8743e-05
Elapsed: 20293.66s Epoch 438 TrainOpt 2.1366e-02 Valid skipped LR: 8.8694e-05
Elapsed: 20339.08s Epoch 439 TrainOpt 2.3944e-02 Valid skipped LR: 8.8644e-05
Elapsed: 20386.59s Epoch 440 TrainOpt 2.2849e-02 Valid 2.0401e-02 LR: 8.8594e-05
Elapsed: 20432.05s Epoch 441 TrainOpt 2.2591e-02 Valid skipped LR: 8.8544e-05
Elapsed: 20477.14s Epoch 442 TrainOpt 2.0394e-02 Valid skipped LR: 8.8494e-05
Elapsed: 20522.64s Epoch 443 TrainOpt 2.2576e-02 Valid skipped LR: 8.8443e-05
Elapsed: 20568.26s Epoch 444 TrainOpt 1.8423e-02 Valid skipped LR: 8.8393e-05
Elapsed: 20613.50s Epoch 445 TrainOpt 2.5087e-02 Valid skipped LR: 8.8343e-05
Elapsed: 20659.28s Epoch 446 TrainOpt 2.1243e-02 Valid skipped LR: 8.8292e-05
Elapsed: 20704.83s Epoch 447 TrainOpt 2.4749e-02 Valid skipped LR: 8.8242e-05
Elapsed: 20750.02s Epoch 448 TrainOpt 2.1675e-02 Valid skipped LR: 8.8191e-05
Elapsed: 20796.21s Epoch 449 TrainOpt 2.0119e-02 Valid skipped LR: 8.8140e-05
Elapsed: 20843.64s Epoch 450 TrainOpt 2.1013e-02 Valid 1.7684e-02 LR: 8.8089e-05
Elapsed: 20889.02s Epoch 451 TrainOpt 2.0235e-02 Valid skipped LR: 8.8038e-05
Elapsed: 20935.01s Epoch 452 TrainOpt 1.9878e-02 Valid skipped LR: 8.7987e-05
Elapsed: 20979.89s Epoch 453 TrainOpt 2.1504e-02 Valid skipped LR: 8.7936e-05
Elapsed: 21025.34s Epoch 454 TrainOpt 1.8971e-02 Valid skipped LR: 8.7885e-05
Elapsed: 21071.09s Epoch 455 TrainOpt 1.7484e-02 Valid skipped LR: 8.7833e-05
Elapsed: 21116.39s Epoch 456 TrainOpt 1.7815e-02 Valid skipped LR: 8.7782e-05
Elapsed: 21162.53s Epoch 457 TrainOpt 1.9940e-02 Valid skipped LR: 8.7730e-05
Elapsed: 21208.04s Epoch 458 TrainOpt 2.0766e-02 Valid skipped LR: 8.7678e-05
Elapsed: 21253.25s Epoch 459 TrainOpt 2.3386e-02 Valid skipped LR: 8.7627e-05
Elapsed: 21301.43s Epoch 460 TrainOpt 2.0207e-02 Valid 1.9301e-02 LR: 8.7575e-05
Elapsed: 21347.13s Epoch 461 TrainOpt 2.2920e-02 Valid skipped LR: 8.7523e-05
Elapsed: 21392.19s Epoch 462 TrainOpt 2.4843e-02 Valid skipped LR: 8.7471e-05
Elapsed: 21437.68s Epoch 463 TrainOpt 2.4707e-02 Valid skipped LR: 8.7419e-05
Elapsed: 21483.15s Epoch 464 TrainOpt 2.4597e-02 Valid skipped LR: 8.7367e-05
Elapsed: 21528.49s Epoch 465 TrainOpt 1.9868e-02 Valid skipped LR: 8.7314e-05
Elapsed: 21574.05s Epoch 466 TrainOpt 2.0147e-02 Valid skipped LR: 8.7262e-05
Elapsed: 21619.56s Epoch 467 TrainOpt 2.1693e-02 Valid skipped LR: 8.7209e-05
Elapsed: 21665.20s Epoch 468 TrainOpt 2.1871e-02 Valid skipped LR: 8.7157e-05
Elapsed: 21710.46s Epoch 469 TrainOpt 1.9914e-02 Valid skipped LR: 8.7104e-05
Elapsed: 21757.95s Epoch 470 TrainOpt 1.8802e-02 Valid 1.7411e-02 LR: 8.7051e-05
Elapsed: 21804.02s Epoch 471 TrainOpt 1.7407e-02 Valid skipped LR: 8.6998e-05
Elapsed: 21849.62s Epoch 472 TrainOpt 1.7377e-02 Valid skipped LR: 8.6946e-05
Elapsed: 21895.18s Epoch 473 TrainOpt 1.8681e-02 Valid skipped LR: 8.6892e-05
Elapsed: 21940.80s Epoch 474 TrainOpt 1.9329e-02 Valid skipped LR: 8.6839e-05
Elapsed: 21985.73s Epoch 475 TrainOpt 2.0324e-02 Valid skipped LR: 8.6786e-05
Elapsed: 22031.74s Epoch 476 TrainOpt 2.0726e-02 Valid skipped LR: 8.6733e-05
Elapsed: 22077.41s Epoch 477 TrainOpt 1.9034e-02 Valid skipped LR: 8.6679e-05
Elapsed: 22122.64s Epoch 478 TrainOpt 1.8327e-02 Valid skipped LR: 8.6626e-05
Elapsed: 22168.45s Epoch 479 TrainOpt 1.9976e-02 Valid skipped LR: 8.6572e-05
Elapsed: 22216.10s Epoch 480 TrainOpt 2.0284e-02 Valid 1.7712e-02 LR: 8.6519e-05
Elapsed: 22261.22s Epoch 481 TrainOpt 2.0358e-02 Valid skipped LR: 8.6465e-05
Elapsed: 22306.48s Epoch 482 TrainOpt 1.8961e-02 Valid skipped LR: 8.6411e-05
Elapsed: 22352.16s Epoch 483 TrainOpt 2.0585e-02 Valid skipped LR: 8.6357e-05
Elapsed: 22398.31s Epoch 484 TrainOpt 1.9231e-02 Valid skipped LR: 8.6303e-05
Elapsed: 22443.75s Epoch 485 TrainOpt 1.9492e-02 Valid skipped LR: 8.6249e-05
Elapsed: 22489.30s Epoch 486 TrainOpt 1.9650e-02 Valid skipped LR: 8.6195e-05
Elapsed: 22535.22s Epoch 487 TrainOpt 1.8250e-02 Valid skipped LR: 8.6140e-05
Elapsed: 22581.22s Epoch 488 TrainOpt 1.8514e-02 Valid skipped LR: 8.6086e-05
Elapsed: 22626.63s Epoch 489 TrainOpt 1.9282e-02 Valid skipped LR: 8.6031e-05
Elapsed: 22674.47s Epoch 490 TrainOpt 2.1069e-02 Valid 1.6288e-02 LR: 8.5977e-05
Elapsed: 22719.83s Epoch 491 TrainOpt 2.1166e-02 Valid skipped LR: 8.5922e-05
Elapsed: 22764.97s Epoch 492 TrainOpt 1.8988e-02 Valid skipped LR: 8.5867e-05
Elapsed: 22810.45s Epoch 493 TrainOpt 2.1384e-02 Valid skipped LR: 8.5813e-05
Elapsed: 22855.83s Epoch 494 TrainOpt 1.8038e-02 Valid skipped LR: 8.5758e-05
Elapsed: 22901.08s Epoch 495 TrainOpt 1.8143e-02 Valid skipped LR: 8.5703e-05
Elapsed: 22946.50s Epoch 496 TrainOpt 1.8207e-02 Valid skipped LR: 8.5648e-05
Elapsed: 22991.87s Epoch 497 TrainOpt 1.8153e-02 Valid skipped LR: 8.5592e-05
Elapsed: 23038.05s Epoch 498 TrainOpt 1.8203e-02 Valid skipped LR: 8.5537e-05
Elapsed: 23084.07s Epoch 499 TrainOpt 1.9204e-02 Valid skipped LR: 8.5482e-05
Elapsed: 23131.63s Epoch 500 TrainOpt 1.7657e-02 Valid 1.6265e-02 LR: 8.5426e-05
Elapsed: 23223.44s Epoch 501 TrainOpt 1.9862e-02 Valid skipped LR: 8.5371e-05
Elapsed: 23269.13s Epoch 502 TrainOpt 1.8162e-02 Valid skipped LR: 8.5315e-05
Elapsed: 23314.81s Epoch 503 TrainOpt 1.9146e-02 Valid skipped LR: 8.5259e-05
Elapsed: 23360.41s Epoch 504 TrainOpt 1.7699e-02 Valid skipped LR: 8.5204e-05
Elapsed: 23406.10s Epoch 505 TrainOpt 1.7770e-02 Valid skipped LR: 8.5148e-05
Elapsed: 23451.80s Epoch 506 TrainOpt 1.7423e-02 Valid skipped LR: 8.5092e-05
Elapsed: 23497.61s Epoch 507 TrainOpt 1.7185e-02 Valid skipped LR: 8.5036e-05
Elapsed: 23543.03s Epoch 508 TrainOpt 1.8637e-02 Valid skipped LR: 8.4979e-05
Elapsed: 23587.73s Epoch 509 TrainOpt 1.8612e-02 Valid skipped LR: 8.4923e-05
Elapsed: 23635.24s Epoch 510 TrainOpt 1.9723e-02 Valid 1.5255e-02 LR: 8.4867e-05
Elapsed: 23680.88s Epoch 511 TrainOpt 2.0326e-02 Valid skipped LR: 8.4810e-05
Elapsed: 23726.58s Epoch 512 TrainOpt 1.9502e-02 Valid skipped LR: 8.4754e-05
Elapsed: 23772.35s Epoch 513 TrainOpt 2.0830e-02 Valid skipped LR: 8.4697e-05
Elapsed: 23817.65s Epoch 514 TrainOpt 2.3512e-02 Valid skipped LR: 8.4641e-05
Elapsed: 23862.80s Epoch 515 TrainOpt 2.0579e-02 Valid skipped LR: 8.4584e-05
Elapsed: 23908.04s Epoch 516 TrainOpt 2.1275e-02 Valid skipped LR: 8.4527e-05
Elapsed: 23953.62s Epoch 517 TrainOpt 2.1319e-02 Valid skipped LR: 8.4470e-05
Elapsed: 23998.91s Epoch 518 TrainOpt 2.2027e-02 Valid skipped LR: 8.4413e-05
Elapsed: 24045.20s Epoch 519 TrainOpt 1.9399e-02 Valid skipped LR: 8.4356e-05
Elapsed: 24092.98s Epoch 520 TrainOpt 1.7595e-02 Valid 1.7274e-02 LR: 8.4299e-05
Elapsed: 24138.12s Epoch 521 TrainOpt 1.9093e-02 Valid skipped LR: 8.4242e-05
Elapsed: 24183.53s Epoch 522 TrainOpt 1.7898e-02 Valid skipped LR: 8.4184e-05
Elapsed: 24228.75s Epoch 523 TrainOpt 1.8039e-02 Valid skipped LR: 8.4127e-05
Elapsed: 24274.64s Epoch 524 TrainOpt 1.8748e-02 Valid skipped LR: 8.4069e-05
Elapsed: 24320.11s Epoch 525 TrainOpt 1.8683e-02 Valid skipped LR: 8.4012e-05
Elapsed: 24365.78s Epoch 526 TrainOpt 1.6660e-02 Valid skipped LR: 8.3954e-05
Elapsed: 24411.71s Epoch 527 TrainOpt 1.8960e-02 Valid skipped LR: 8.3896e-05
Elapsed: 24457.55s Epoch 528 TrainOpt 1.9837e-02 Valid skipped LR: 8.3838e-05
Elapsed: 24503.20s Epoch 529 TrainOpt 1.7517e-02 Valid skipped LR: 8.3780e-05
Elapsed: 24550.95s Epoch 530 TrainOpt 1.7056e-02 Valid 1.6713e-02 LR: 8.3722e-05
Elapsed: 24596.52s Epoch 531 TrainOpt 1.8128e-02 Valid skipped LR: 8.3664e-05
Elapsed: 24642.00s Epoch 532 TrainOpt 1.7346e-02 Valid skipped LR: 8.3606e-05
Elapsed: 24687.26s Epoch 533 TrainOpt 1.8081e-02 Valid skipped LR: 8.3548e-05
Elapsed: 24732.65s Epoch 534 TrainOpt 1.6247e-02 Valid skipped LR: 8.3489e-05
Elapsed: 24778.52s Epoch 535 TrainOpt 1.7949e-02 Valid skipped LR: 8.3431e-05
Elapsed: 24824.10s Epoch 536 TrainOpt 1.7843e-02 Valid skipped LR: 8.3372e-05
Elapsed: 24869.47s Epoch 537 TrainOpt 1.9169e-02 Valid skipped LR: 8.3314e-05
Elapsed: 24914.86s Epoch 538 TrainOpt 1.7724e-02 Valid skipped LR: 8.3255e-05
Elapsed: 24960.34s Epoch 539 TrainOpt 1.9763e-02 Valid skipped LR: 8.3196e-05
Elapsed: 25008.15s Epoch 540 TrainOpt 1.8347e-02 Valid 1.6683e-02 LR: 8.3137e-05
Elapsed: 25054.14s Epoch 541 TrainOpt 1.8308e-02 Valid skipped LR: 8.3078e-05
Elapsed: 25099.12s Epoch 542 TrainOpt 1.9416e-02 Valid skipped LR: 8.3019e-05
Elapsed: 25144.79s Epoch 543 TrainOpt 1.8538e-02 Valid skipped LR: 8.2960e-05
Elapsed: 25190.42s Epoch 544 TrainOpt 1.9956e-02 Valid skipped LR: 8.2901e-05
Elapsed: 25236.22s Epoch 545 TrainOpt 1.6555e-02 Valid skipped LR: 8.2842e-05
Elapsed: 25282.18s Epoch 546 TrainOpt 1.7552e-02 Valid skipped LR: 8.2783e-05
Elapsed: 25327.45s Epoch 547 TrainOpt 1.5184e-02 Valid skipped LR: 8.2723e-05
Elapsed: 25373.17s Epoch 548 TrainOpt 1.7274e-02 Valid skipped LR: 8.2664e-05
Elapsed: 25418.86s Epoch 549 TrainOpt 2.2742e-02 Valid skipped LR: 8.2604e-05
Elapsed: 25466.73s Epoch 550 TrainOpt 1.8404e-02 Valid 1.7721e-02 LR: 8.2544e-05
Elapsed: 25512.36s Epoch 551 TrainOpt 1.8297e-02 Valid skipped LR: 8.2485e-05
Elapsed: 25558.43s Epoch 552 TrainOpt 1.8306e-02 Valid skipped LR: 8.2425e-05
Elapsed: 25603.63s Epoch 553 TrainOpt 1.7259e-02 Valid skipped LR: 8.2365e-05
Elapsed: 25649.01s Epoch 554 TrainOpt 1.7950e-02 Valid skipped LR: 8.2305e-05
Elapsed: 25694.32s Epoch 555 TrainOpt 1.7443e-02 Valid skipped LR: 8.2245e-05
Elapsed: 25740.49s Epoch 556 TrainOpt 1.8116e-02 Valid skipped LR: 8.2185e-05
Elapsed: 25786.12s Epoch 557 TrainOpt 1.8519e-02 Valid skipped LR: 8.2124e-05
Elapsed: 25832.19s Epoch 558 TrainOpt 1.7941e-02 Valid skipped LR: 8.2064e-05
Elapsed: 25877.80s Epoch 559 TrainOpt 1.8222e-02 Valid skipped LR: 8.2004e-05
Elapsed: 25924.99s Epoch 560 TrainOpt 1.7536e-02 Valid 1.6275e-02 LR: 8.1943e-05
Elapsed: 25971.25s Epoch 561 TrainOpt 1.7751e-02 Valid skipped LR: 8.1883e-05
Elapsed: 26016.64s Epoch 562 TrainOpt 1.7995e-02 Valid skipped LR: 8.1822e-05
Elapsed: 26062.05s Epoch 563 TrainOpt 1.7384e-02 Valid skipped LR: 8.1761e-05
Elapsed: 26107.44s Epoch 564 TrainOpt 1.7253e-02 Valid skipped LR: 8.1701e-05
Elapsed: 26152.89s Epoch 565 TrainOpt 1.7561e-02 Valid skipped LR: 8.1640e-05
Elapsed: 26198.14s Epoch 566 TrainOpt 1.9232e-02 Valid skipped LR: 8.1579e-05
Elapsed: 26243.94s Epoch 567 TrainOpt 1.9426e-02 Valid skipped LR: 8.1518e-05
Elapsed: 26289.32s Epoch 568 TrainOpt 1.8349e-02 Valid skipped LR: 8.1457e-05
Elapsed: 26335.07s Epoch 569 TrainOpt 1.6610e-02 Valid skipped LR: 8.1395e-05
Elapsed: 26382.94s Epoch 570 TrainOpt 1.8726e-02 Valid 1.6988e-02 LR: 8.1334e-05
Elapsed: 26428.35s Epoch 571 TrainOpt 1.9210e-02 Valid skipped LR: 8.1273e-05
Elapsed: 26473.78s Epoch 572 TrainOpt 1.8851e-02 Valid skipped LR: 8.1211e-05
Elapsed: 26519.50s Epoch 573 TrainOpt 1.9142e-02 Valid skipped LR: 8.1150e-05
Elapsed: 26565.31s Epoch 574 TrainOpt 1.8839e-02 Valid skipped LR: 8.1088e-05
Elapsed: 26611.49s Epoch 575 TrainOpt 1.8515e-02 Valid skipped LR: 8.1027e-05
Elapsed: 26657.20s Epoch 576 TrainOpt 1.7009e-02 Valid skipped LR: 8.0965e-05
Elapsed: 26702.91s Epoch 577 TrainOpt 1.7722e-02 Valid skipped LR: 8.0903e-05
Elapsed: 26748.45s Epoch 578 TrainOpt 1.8042e-02 Valid skipped LR: 8.0841e-05
Elapsed: 26794.43s Epoch 579 TrainOpt 1.7348e-02 Valid skipped LR: 8.0779e-05
Elapsed: 26841.99s Epoch 580 TrainOpt 1.6796e-02 Valid 1.5617e-02 LR: 8.0717e-05
Elapsed: 26887.07s Epoch 581 TrainOpt 1.6282e-02 Valid skipped LR: 8.0655e-05
Elapsed: 26932.61s Epoch 582 TrainOpt 1.9923e-02 Valid skipped LR: 8.0593e-05
Elapsed: 26978.53s Epoch 583 TrainOpt 1.8185e-02 Valid skipped LR: 8.0531e-05
Elapsed: 27024.35s Epoch 584 TrainOpt 2.0647e-02 Valid skipped LR: 8.0469e-05
Elapsed: 27070.10s Epoch 585 TrainOpt 1.9666e-02 Valid skipped LR: 8.0406e-05
Elapsed: 27115.38s Epoch 586 TrainOpt 1.8015e-02 Valid skipped LR: 8.0344e-05
Elapsed: 27161.32s Epoch 587 TrainOpt 1.7551e-02 Valid skipped LR: 8.0281e-05
Elapsed: 27206.35s Epoch 588 TrainOpt 1.7288e-02 Valid skipped LR: 8.0219e-05
Elapsed: 27252.05s Epoch 589 TrainOpt 2.0192e-02 Valid skipped LR: 8.0156e-05
Elapsed: 27299.27s Epoch 590 TrainOpt 2.1894e-02 Valid 1.7657e-02 LR: 8.0093e-05
Elapsed: 27344.83s Epoch 591 TrainOpt 2.1132e-02 Valid skipped LR: 8.0030e-05
Elapsed: 27390.39s Epoch 592 TrainOpt 1.8869e-02 Valid skipped LR: 7.9967e-05
Elapsed: 27436.65s Epoch 593 TrainOpt 1.9461e-02 Valid skipped LR: 7.9904e-05
Elapsed: 27482.06s Epoch 594 TrainOpt 1.9829e-02 Valid skipped LR: 7.9841e-05
Elapsed: 27527.36s Epoch 595 TrainOpt 1.8351e-02 Valid skipped LR: 7.9778e-05
Elapsed: 27573.06s Epoch 596 TrainOpt 1.9163e-02 Valid skipped LR: 7.9715e-05
Elapsed: 27618.40s Epoch 597 TrainOpt 1.8859e-02 Valid skipped LR: 7.9652e-05
Elapsed: 27664.58s Epoch 598 TrainOpt 1.8963e-02 Valid skipped LR: 7.9588e-05
Elapsed: 27710.24s Epoch 599 TrainOpt 2.1195e-02 Valid skipped LR: 7.9525e-05
Elapsed: 27758.05s Epoch 600 TrainOpt 1.7943e-02 Valid 1.6101e-02 LR: 7.9461e-05
Elapsed: 27850.21s Epoch 601 TrainOpt 1.8060e-02 Valid skipped LR: 7.9398e-05
Elapsed: 27896.10s Epoch 602 TrainOpt 1.8368e-02 Valid skipped LR: 7.9334e-05
Elapsed: 27941.54s Epoch 603 TrainOpt 1.6528e-02 Valid skipped LR: 7.9270e-05
Elapsed: 27987.13s Epoch 604 TrainOpt 1.6305e-02 Valid skipped LR: 7.9206e-05
Elapsed: 28033.02s Epoch 605 TrainOpt 1.8064e-02 Valid skipped LR: 7.9143e-05
Elapsed: 28078.49s Epoch 606 TrainOpt 1.7811e-02 Valid skipped LR: 7.9079e-05
Elapsed: 28123.79s Epoch 607 TrainOpt 1.7566e-02 Valid skipped LR: 7.9015e-05
Elapsed: 28169.26s Epoch 608 TrainOpt 2.0177e-02 Valid skipped LR: 7.8951e-05
Elapsed: 28214.60s Epoch 609 TrainOpt 2.0162e-02 Valid skipped LR: 7.8886e-05
Elapsed: 28262.84s Epoch 610 TrainOpt 1.9500e-02 Valid 1.7137e-02 LR: 7.8822e-05
Elapsed: 28308.22s Epoch 611 TrainOpt 1.8652e-02 Valid skipped LR: 7.8758e-05
Elapsed: 28353.27s Epoch 612 TrainOpt 1.9013e-02 Valid skipped LR: 7.8693e-05
Elapsed: 28398.81s Epoch 613 TrainOpt 1.7784e-02 Valid skipped LR: 7.8629e-05
Elapsed: 28444.48s Epoch 614 TrainOpt 1.9144e-02 Valid skipped LR: 7.8565e-05
Elapsed: 28489.97s Epoch 615 TrainOpt 1.7283e-02 Valid skipped LR: 7.8500e-05
Elapsed: 28535.81s Epoch 616 TrainOpt 1.7927e-02 Valid skipped LR: 7.8435e-05
Elapsed: 28581.11s Epoch 617 TrainOpt 1.6698e-02 Valid skipped LR: 7.8371e-05
Elapsed: 28626.81s Epoch 618 TrainOpt 1.6579e-02 Valid skipped LR: 7.8306e-05
Elapsed: 28672.42s Epoch 619 TrainOpt 1.7290e-02 Valid skipped LR: 7.8241e-05
Elapsed: 28719.92s Epoch 620 TrainOpt 1.7176e-02 Valid 1.5129e-02 LR: 7.8176e-05
Elapsed: 28765.44s Epoch 621 TrainOpt 1.6446e-02 Valid skipped LR: 7.8111e-05
Elapsed: 28811.10s Epoch 622 TrainOpt 1.6227e-02 Valid skipped LR: 7.8046e-05
Elapsed: 28856.76s Epoch 623 TrainOpt 1.6309e-02 Valid skipped LR: 7.7981e-05
Elapsed: 28902.24s Epoch 624 TrainOpt 1.6385e-02 Valid skipped LR: 7.7915e-05
Elapsed: 28947.36s Epoch 625 TrainOpt 1.6862e-02 Valid skipped LR: 7.7850e-05
Elapsed: 28993.13s Epoch 626 TrainOpt 2.0532e-02 Valid skipped LR: 7.7785e-05
Elapsed: 29038.45s Epoch 627 TrainOpt 2.0431e-02 Valid skipped LR: 7.7719e-05
Elapsed: 29084.22s Epoch 628 TrainOpt 1.9599e-02 Valid skipped LR: 7.7654e-05
Elapsed: 29130.00s Epoch 629 TrainOpt 1.8094e-02 Valid skipped LR: 7.7588e-05
Elapsed: 29178.00s Epoch 630 TrainOpt 1.7617e-02 Valid 1.6230e-02 LR: 7.7523e-05
Elapsed: 29224.12s Epoch 631 TrainOpt 1.8092e-02 Valid skipped LR: 7.7457e-05
Elapsed: 29269.60s Epoch 632 TrainOpt 1.8239e-02 Valid skipped LR: 7.7391e-05
Elapsed: 29315.05s Epoch 633 TrainOpt 1.9279e-02 Valid skipped LR: 7.7325e-05
Elapsed: 29360.55s Epoch 634 TrainOpt 1.8353e-02 Valid skipped LR: 7.7260e-05
Elapsed: 29406.11s Epoch 635 TrainOpt 2.4337e-02 Valid skipped LR: 7.7194e-05
Elapsed: 29451.58s Epoch 636 TrainOpt 1.7448e-02 Valid skipped LR: 7.7128e-05
Elapsed: 29497.19s Epoch 637 TrainOpt 1.8467e-02 Valid skipped LR: 7.7061e-05
Elapsed: 29542.78s Epoch 638 TrainOpt 1.7133e-02 Valid skipped LR: 7.6995e-05
Elapsed: 29588.17s Epoch 639 TrainOpt 1.5817e-02 Valid skipped LR: 7.6929e-05
Elapsed: 29636.02s Epoch 640 TrainOpt 1.6905e-02 Valid 1.5667e-02 LR: 7.6863e-05
Elapsed: 29681.71s Epoch 641 TrainOpt 1.6280e-02 Valid skipped LR: 7.6796e-05
Elapsed: 29728.19s Epoch 642 TrainOpt 1.6348e-02 Valid skipped LR: 7.6730e-05
Elapsed: 29773.68s Epoch 643 TrainOpt 1.7327e-02 Valid skipped LR: 7.6663e-05
Elapsed: 29819.44s Epoch 644 TrainOpt 1.6969e-02 Valid skipped LR: 7.6597e-05
Elapsed: 29864.60s Epoch 645 TrainOpt 2.0240e-02 Valid skipped LR: 7.6530e-05
Elapsed: 29909.64s Epoch 646 TrainOpt 1.8673e-02 Valid skipped LR: 7.6463e-05
Elapsed: 29955.15s Epoch 647 TrainOpt 1.8746e-02 Valid skipped LR: 7.6397e-05
Elapsed: 30000.74s Epoch 648 TrainOpt 1.7754e-02 Valid skipped LR: 7.6330e-05
Elapsed: 30046.12s Epoch 649 TrainOpt 1.7811e-02 Valid skipped LR: 7.6263e-05
Elapsed: 30094.58s Epoch 650 TrainOpt 1.8786e-02 Valid 1.6224e-02 LR: 7.6196e-05
Elapsed: 30140.13s Epoch 651 TrainOpt 1.7888e-02 Valid skipped LR: 7.6129e-05
Elapsed: 30185.48s Epoch 652 TrainOpt 1.8776e-02 Valid skipped LR: 7.6062e-05
Elapsed: 30231.57s Epoch 653 TrainOpt 1.8239e-02 Valid skipped LR: 7.5995e-05
Elapsed: 30277.31s Epoch 654 TrainOpt 1.8252e-02 Valid skipped LR: 7.5928e-05
Elapsed: 30322.73s Epoch 655 TrainOpt 1.8351e-02 Valid skipped LR: 7.5860e-05
Elapsed: 30368.28s Epoch 656 TrainOpt 1.8154e-02 Valid skipped LR: 7.5793e-05
Elapsed: 30414.03s Epoch 657 TrainOpt 1.7017e-02 Valid skipped LR: 7.5725e-05
Elapsed: 30459.36s Epoch 658 TrainOpt 1.7360e-02 Valid skipped LR: 7.5658e-05
Elapsed: 30505.06s Epoch 659 TrainOpt 1.9354e-02 Valid skipped LR: 7.5590e-05
Elapsed: 30553.15s Epoch 660 TrainOpt 1.7396e-02 Valid 1.5684e-02 LR: 7.5523e-05
Elapsed: 30598.54s Epoch 661 TrainOpt 1.6614e-02 Valid skipped LR: 7.5455e-05
Elapsed: 30644.08s Epoch 662 TrainOpt 1.6916e-02 Valid skipped LR: 7.5387e-05
Elapsed: 30689.84s Epoch 663 TrainOpt 1.6357e-02 Valid skipped LR: 7.5320e-05
Elapsed: 30735.49s Epoch 664 TrainOpt 1.5628e-02 Valid skipped LR: 7.5252e-05
Elapsed: 30780.64s Epoch 665 TrainOpt 1.8609e-02 Valid skipped LR: 7.5184e-05
Elapsed: 30826.46s Epoch 666 TrainOpt 2.0851e-02 Valid skipped LR: 7.5116e-05
Elapsed: 30871.87s Epoch 667 TrainOpt 2.0064e-02 Valid skipped LR: 7.5048e-05
Elapsed: 30917.19s Epoch 668 TrainOpt 2.1427e-02 Valid skipped LR: 7.4980e-05
Elapsed: 30962.62s Epoch 669 TrainOpt 2.0902e-02 Valid skipped LR: 7.4912e-05
Elapsed: 31010.49s Epoch 670 TrainOpt 2.0354e-02 Valid 1.8515e-02 LR: 7.4843e-05
Elapsed: 31056.18s Epoch 671 TrainOpt 1.7652e-02 Valid skipped LR: 7.4775e-05
Elapsed: 31101.49s Epoch 672 TrainOpt 1.9170e-02 Valid skipped LR: 7.4707e-05
Elapsed: 31147.17s Epoch 673 TrainOpt 1.8239e-02 Valid skipped LR: 7.4638e-05
Elapsed: 31193.14s Epoch 674 TrainOpt 1.9176e-02 Valid skipped LR: 7.4570e-05
Elapsed: 31237.94s Epoch 675 TrainOpt 1.8833e-02 Valid skipped LR: 7.4501e-05
Elapsed: 31283.64s Epoch 676 TrainOpt 2.0669e-02 Valid skipped LR: 7.4433e-05
Elapsed: 31328.87s Epoch 677 TrainOpt 2.2293e-02 Valid skipped LR: 7.4364e-05
Elapsed: 31375.19s Epoch 678 TrainOpt 1.9061e-02 Valid skipped LR: 7.4295e-05
Elapsed: 31421.16s Epoch 679 TrainOpt 1.8026e-02 Valid skipped LR: 7.4227e-05
Elapsed: 31468.49s Epoch 680 TrainOpt 1.8719e-02 Valid 1.7322e-02 LR: 7.4158e-05
Elapsed: 31513.73s Epoch 681 TrainOpt 2.1422e-02 Valid skipped LR: 7.4089e-05
Elapsed: 31559.44s Epoch 682 TrainOpt 1.9587e-02 Valid skipped LR: 7.4020e-05
Elapsed: 31604.90s Epoch 683 TrainOpt 1.9954e-02 Valid skipped LR: 7.3951e-05
Elapsed: 31650.58s Epoch 684 TrainOpt 2.1256e-02 Valid skipped LR: 7.3882e-05
Elapsed: 31695.75s Epoch 685 TrainOpt 2.0494e-02 Valid skipped LR: 7.3813e-05
Elapsed: 31742.03s Epoch 686 TrainOpt 2.1690e-02 Valid skipped LR: 7.3744e-05
Elapsed: 31787.89s Epoch 687 TrainOpt 2.1294e-02 Valid skipped LR: 7.3674e-05
Elapsed: 31833.91s Epoch 688 TrainOpt 2.2298e-02 Valid skipped LR: 7.3605e-05
Elapsed: 31880.03s Epoch 689 TrainOpt 1.9840e-02 Valid skipped LR: 7.3536e-05
Elapsed: 31927.08s Epoch 690 TrainOpt 1.9837e-02 Valid 1.8567e-02 LR: 7.3466e-05
Elapsed: 31972.68s Epoch 691 TrainOpt 1.9477e-02 Valid skipped LR: 7.3397e-05
Elapsed: 32018.40s Epoch 692 TrainOpt 1.8845e-02 Valid skipped LR: 7.3327e-05
Elapsed: 32063.56s Epoch 693 TrainOpt 1.8535e-02 Valid skipped LR: 7.3258e-05
Elapsed: 32109.57s Epoch 694 TrainOpt 1.8524e-02 Valid skipped LR: 7.3188e-05
Elapsed: 32155.16s Epoch 695 TrainOpt 1.8807e-02 Valid skipped LR: 7.3118e-05
Elapsed: 32200.51s Epoch 696 TrainOpt 1.9527e-02 Valid skipped LR: 7.3048e-05
Elapsed: 32245.87s Epoch 697 TrainOpt 1.9612e-02 Valid skipped LR: 7.2979e-05
Elapsed: 32291.17s Epoch 698 TrainOpt 1.7127e-02 Valid skipped LR: 7.2909e-05
Elapsed: 32336.41s Epoch 699 TrainOpt 1.8584e-02 Valid skipped LR: 7.2839e-05
Elapsed: 32384.78s Epoch 700 TrainOpt 2.0941e-02 Valid 1.6807e-02 LR: 7.2769e-05
Elapsed: 32475.13s Epoch 701 TrainOpt 1.8774e-02 Valid skipped LR: 7.2699e-05
Elapsed: 32520.68s Epoch 702 TrainOpt 1.8472e-02 Valid skipped LR: 7.2629e-05
Elapsed: 32566.15s Epoch 703 TrainOpt 1.8550e-02 Valid skipped LR: 7.2558e-05
Elapsed: 32612.08s Epoch 704 TrainOpt 1.9526e-02 Valid skipped LR: 7.2488e-05
Elapsed: 32657.54s Epoch 705 TrainOpt 1.9665e-02 Valid skipped LR: 7.2418e-05
Elapsed: 32703.33s Epoch 706 TrainOpt 1.8249e-02 Valid skipped LR: 7.2348e-05
Elapsed: 32748.39s Epoch 707 TrainOpt 1.8482e-02 Valid skipped LR: 7.2277e-05
Elapsed: 32794.01s Epoch 708 TrainOpt 2.0786e-02 Valid skipped LR: 7.2207e-05
Elapsed: 32839.80s Epoch 709 TrainOpt 1.9819e-02 Valid skipped LR: 7.2136e-05
Elapsed: 32887.44s Epoch 710 TrainOpt 1.9503e-02 Valid 1.8845e-02 LR: 7.2066e-05
Elapsed: 32933.44s Epoch 711 TrainOpt 1.9422e-02 Valid skipped LR: 7.1995e-05
Elapsed: 32979.62s Epoch 712 TrainOpt 1.9234e-02 Valid skipped LR: 7.1925e-05
Elapsed: 33025.48s Epoch 713 TrainOpt 1.9718e-02 Valid skipped LR: 7.1854e-05
Elapsed: 33070.69s Epoch 714 TrainOpt 1.9896e-02 Valid skipped LR: 7.1783e-05
Elapsed: 33116.82s Epoch 715 TrainOpt 1.9943e-02 Valid skipped LR: 7.1712e-05
Elapsed: 33162.26s Epoch 716 TrainOpt 1.8796e-02 Valid skipped LR: 7.1641e-05
Elapsed: 33207.77s Epoch 717 TrainOpt 2.1923e-02 Valid skipped LR: 7.1570e-05
Elapsed: 33252.86s Epoch 718 TrainOpt 1.9683e-02 Valid skipped LR: 7.1499e-05
Elapsed: 33298.86s Epoch 719 TrainOpt 1.8712e-02 Valid skipped LR: 7.1428e-05
Elapsed: 33346.45s Epoch 720 TrainOpt 1.7452e-02 Valid 1.6968e-02 LR: 7.1357e-05
Elapsed: 33391.89s Epoch 721 TrainOpt 1.7202e-02 Valid skipped LR: 7.1286e-05
Elapsed: 33437.69s Epoch 722 TrainOpt 1.8307e-02 Valid skipped LR: 7.1215e-05
Elapsed: 33482.85s Epoch 723 TrainOpt 1.6973e-02 Valid skipped LR: 7.1144e-05
Elapsed: 33528.84s Epoch 724 TrainOpt 1.7259e-02 Valid skipped LR: 7.1072e-05
Elapsed: 33574.35s Epoch 725 TrainOpt 1.8476e-02 Valid skipped LR: 7.1001e-05
Elapsed: 33619.88s Epoch 726 TrainOpt 1.8547e-02 Valid skipped LR: 7.0930e-05
Elapsed: 33665.60s Epoch 727 TrainOpt 1.8130e-02 Valid skipped LR: 7.0858e-05
Elapsed: 33710.78s Epoch 728 TrainOpt 1.8540e-02 Valid skipped LR: 7.0787e-05
Elapsed: 33756.66s Epoch 729 TrainOpt 1.8041e-02 Valid skipped LR: 7.0715e-05
Elapsed: 33804.54s Epoch 730 TrainOpt 1.8272e-02 Valid 1.6830e-02 LR: 7.0644e-05
Elapsed: 33850.01s Epoch 731 TrainOpt 1.8484e-02 Valid skipped LR: 7.0572e-05
Elapsed: 33895.09s Epoch 732 TrainOpt 2.0834e-02 Valid skipped LR: 7.0500e-05
Elapsed: 33940.78s Epoch 733 TrainOpt 1.8929e-02 Valid skipped LR: 7.0428e-05
Elapsed: 33985.95s Epoch 734 TrainOpt 1.8128e-02 Valid skipped LR: 7.0357e-05
Elapsed: 34031.79s Epoch 735 TrainOpt 1.8459e-02 Valid skipped LR: 7.0285e-05
Elapsed: 34076.76s Epoch 736 TrainOpt 1.9079e-02 Valid skipped LR: 7.0213e-05
Elapsed: 34122.33s Epoch 737 TrainOpt 1.8385e-02 Valid skipped LR: 7.0141e-05
Elapsed: 34168.04s Epoch 738 TrainOpt 1.8417e-02 Valid skipped LR: 7.0069e-05
Elapsed: 34213.29s Epoch 739 TrainOpt 1.7967e-02 Valid skipped LR: 6.9997e-05
Elapsed: 34261.51s Epoch 740 TrainOpt 1.7302e-02 Valid 1.6002e-02 LR: 6.9925e-05
Elapsed: 34307.42s Epoch 741 TrainOpt 1.7851e-02 Valid skipped LR: 6.9852e-05
Elapsed: 34353.20s Epoch 742 TrainOpt 1.7343e-02 Valid skipped LR: 6.9780e-05
Elapsed: 34398.39s Epoch 743 TrainOpt 1.7506e-02 Valid skipped LR: 6.9708e-05
Elapsed: 34444.15s Epoch 744 TrainOpt 1.7764e-02 Valid skipped LR: 6.9636e-05
Elapsed: 34489.39s Epoch 745 TrainOpt 1.7492e-02 Valid skipped LR: 6.9563e-05
Elapsed: 34535.00s Epoch 746 TrainOpt 1.6825e-02 Valid skipped LR: 6.9491e-05
Elapsed: 34580.95s Epoch 747 TrainOpt 1.6913e-02 Valid skipped LR: 6.9418e-05
Elapsed: 34627.72s Epoch 748 TrainOpt 1.6910e-02 Valid skipped LR: 6.9346e-05
Elapsed: 34673.51s Epoch 749 TrainOpt 1.6663e-02 Valid skipped LR: 6.9273e-05
Elapsed: 34720.76s Epoch 750 TrainOpt 1.7099e-02 Valid 1.6162e-02 LR: 6.9201e-05
Elapsed: 34766.11s Epoch 751 TrainOpt 1.8384e-02 Valid skipped LR: 6.9128e-05
Elapsed: 34811.11s Epoch 752 TrainOpt 1.7294e-02 Valid skipped LR: 6.9055e-05
Elapsed: 34856.99s Epoch 753 TrainOpt 1.8204e-02 Valid skipped LR: 6.8983e-05
Elapsed: 34902.32s Epoch 754 TrainOpt 1.8061e-02 Valid skipped LR: 6.8910e-05
Elapsed: 34947.97s Epoch 755 TrainOpt 1.8692e-02 Valid skipped LR: 6.8837e-05
Elapsed: 34993.93s Epoch 756 TrainOpt 2.0251e-02 Valid skipped LR: 6.8764e-05
Elapsed: 35039.42s Epoch 757 TrainOpt 2.1112e-02 Valid skipped LR: 6.8691e-05
Elapsed: 35085.00s Epoch 758 TrainOpt 1.8918e-02 Valid skipped LR: 6.8618e-05
Elapsed: 35130.69s Epoch 759 TrainOpt 1.9948e-02 Valid skipped LR: 6.8545e-05
Elapsed: 35178.37s Epoch 760 TrainOpt 1.9460e-02 Valid 1.7909e-02 LR: 6.8472e-05
Elapsed: 35224.43s Epoch 761 TrainOpt 1.9096e-02 Valid skipped LR: 6.8399e-05
Elapsed: 35269.58s Epoch 762 TrainOpt 1.8470e-02 Valid skipped LR: 6.8326e-05
Elapsed: 35314.75s Epoch 763 TrainOpt 1.8305e-02 Valid skipped LR: 6.8253e-05
Elapsed: 35359.84s Epoch 764 TrainOpt 1.8015e-02 Valid skipped LR: 6.8180e-05
Elapsed: 35405.42s Epoch 765 TrainOpt 1.7600e-02 Valid skipped LR: 6.8106e-05
Elapsed: 35450.63s Epoch 766 TrainOpt 1.9003e-02 Valid skipped LR: 6.8033e-05
Elapsed: 35496.11s Epoch 767 TrainOpt 1.8930e-02 Valid skipped LR: 6.7960e-05
Elapsed: 35541.34s Epoch 768 TrainOpt 1.8254e-02 Valid skipped LR: 6.7886e-05
Elapsed: 35586.82s Epoch 769 TrainOpt 1.7862e-02 Valid skipped LR: 6.7813e-05
Elapsed: 35634.95s Epoch 770 TrainOpt 1.7463e-02 Valid 1.6605e-02 LR: 6.7739e-05
Elapsed: 35680.48s Epoch 771 TrainOpt 1.7913e-02 Valid skipped LR: 6.7666e-05
Elapsed: 35725.98s Epoch 772 TrainOpt 1.7112e-02 Valid skipped LR: 6.7592e-05
Elapsed: 35771.77s Epoch 773 TrainOpt 1.8191e-02 Valid skipped LR: 6.7518e-05
Elapsed: 35817.12s Epoch 774 TrainOpt 1.8154e-02 Valid skipped LR: 6.7445e-05
Elapsed: 35862.53s Epoch 775 TrainOpt 1.7279e-02 Valid skipped LR: 6.7371e-05
Elapsed: 35908.37s Epoch 776 TrainOpt 1.8223e-02 Valid skipped LR: 6.7297e-05
Elapsed: 35953.70s Epoch 777 TrainOpt 1.7635e-02 Valid skipped LR: 6.7223e-05
Elapsed: 35999.44s Epoch 778 TrainOpt 1.7701e-02 Valid skipped LR: 6.7149e-05
Elapsed: 36044.52s Epoch 779 TrainOpt 1.7932e-02 Valid skipped LR: 6.7076e-05
Elapsed: 36092.63s Epoch 780 TrainOpt 1.7148e-02 Valid 1.7172e-02 LR: 6.7002e-05
Elapsed: 36138.58s Epoch 781 TrainOpt 1.7214e-02 Valid skipped LR: 6.6928e-05
Elapsed: 36184.16s Epoch 782 TrainOpt 1.7480e-02 Valid skipped LR: 6.6854e-05
Elapsed: 36229.67s Epoch 783 TrainOpt 1.7437e-02 Valid skipped LR: 6.6780e-05
Elapsed: 36275.73s Epoch 784 TrainOpt 1.8597e-02 Valid skipped LR: 6.6705e-05
Elapsed: 36321.37s Epoch 785 TrainOpt 1.7493e-02 Valid skipped LR: 6.6631e-05
Elapsed: 36367.06s Epoch 786 TrainOpt 1.7700e-02 Valid skipped LR: 6.6557e-05
Elapsed: 36412.41s Epoch 787 TrainOpt 1.9021e-02 Valid skipped LR: 6.6483e-05
Elapsed: 36457.96s Epoch 788 TrainOpt 1.8450e-02 Valid skipped LR: 6.6409e-05
Elapsed: 36503.52s Epoch 789 TrainOpt 1.9353e-02 Valid skipped LR: 6.6334e-05
Elapsed: 36551.02s Epoch 790 TrainOpt 1.9478e-02 Valid 1.7008e-02 LR: 6.6260e-05
Elapsed: 36596.18s Epoch 791 TrainOpt 1.9557e-02 Valid skipped LR: 6.6185e-05
Elapsed: 36641.85s Epoch 792 TrainOpt 1.8373e-02 Valid skipped LR: 6.6111e-05
Elapsed: 36687.60s Epoch 793 TrainOpt 1.8138e-02 Valid skipped LR: 6.6037e-05
Elapsed: 36732.98s Epoch 794 TrainOpt 1.7860e-02 Valid skipped LR: 6.5962e-05
Elapsed: 36778.26s Epoch 795 TrainOpt 1.7765e-02 Valid skipped LR: 6.5887e-05
Elapsed: 36823.61s Epoch 796 TrainOpt 1.7325e-02 Valid skipped LR: 6.5813e-05
Elapsed: 36869.32s Epoch 797 TrainOpt 1.7967e-02 Valid skipped LR: 6.5738e-05
Elapsed: 36915.20s Epoch 798 TrainOpt 1.7997e-02 Valid skipped LR: 6.5664e-05
Elapsed: 36960.39s Epoch 799 TrainOpt 1.7958e-02 Valid skipped LR: 6.5589e-05
Elapsed: 37008.46s Epoch 800 TrainOpt 1.8204e-02 Valid 1.6466e-02 LR: 6.5514e-05
Elapsed: 37100.04s Epoch 801 TrainOpt 1.7805e-02 Valid skipped LR: 6.5439e-05
Elapsed: 37145.46s Epoch 802 TrainOpt 1.7685e-02 Valid skipped LR: 6.5365e-05
Elapsed: 37190.73s Epoch 803 TrainOpt 1.7581e-02 Valid skipped LR: 6.5290e-05
Elapsed: 37235.71s Epoch 804 TrainOpt 1.7110e-02 Valid skipped LR: 6.5215e-05
Elapsed: 37281.13s Epoch 805 TrainOpt 1.7444e-02 Valid skipped LR: 6.5140e-05
Elapsed: 37326.70s Epoch 806 TrainOpt 1.8032e-02 Valid skipped LR: 6.5065e-05
Elapsed: 37371.78s Epoch 807 TrainOpt 1.7336e-02 Valid skipped LR: 6.4990e-05
Elapsed: 37418.00s Epoch 808 TrainOpt 1.7857e-02 Valid skipped LR: 6.4915e-05
Elapsed: 37463.36s Epoch 809 TrainOpt 1.6944e-02 Valid skipped LR: 6.4840e-05
Elapsed: 37510.89s Epoch 810 TrainOpt 1.9389e-02 Valid 1.7839e-02 LR: 6.4765e-05
Elapsed: 37556.19s Epoch 811 TrainOpt 1.8844e-02 Valid skipped LR: 6.4689e-05
Elapsed: 37601.60s Epoch 812 TrainOpt 1.7724e-02 Valid skipped LR: 6.4614e-05
Elapsed: 37647.21s Epoch 813 TrainOpt 1.6858e-02 Valid skipped LR: 6.4539e-05
Elapsed: 37692.12s Epoch 814 TrainOpt 1.6461e-02 Valid skipped LR: 6.4464e-05
Elapsed: 37737.61s Epoch 815 TrainOpt 1.6027e-02 Valid skipped LR: 6.4388e-05
Elapsed: 37783.35s Epoch 816 TrainOpt 1.7659e-02 Valid skipped LR: 6.4313e-05
Elapsed: 37829.39s Epoch 817 TrainOpt 1.6730e-02 Valid skipped LR: 6.4238e-05
Elapsed: 37874.90s Epoch 818 TrainOpt 1.6744e-02 Valid skipped LR: 6.4162e-05
Elapsed: 37919.41s Epoch 819 TrainOpt 1.6413e-02 Valid skipped LR: 6.4087e-05
Elapsed: 37967.85s Epoch 820 TrainOpt 1.6701e-02 Valid 1.5445e-02 LR: 6.4011e-05
Elapsed: 38013.20s Epoch 821 TrainOpt 1.6340e-02 Valid skipped LR: 6.3936e-05
Elapsed: 38058.69s Epoch 822 TrainOpt 1.6390e-02 Valid skipped LR: 6.3860e-05
Elapsed: 38104.58s Epoch 823 TrainOpt 1.7916e-02 Valid skipped LR: 6.3785e-05
Elapsed: 38150.20s Epoch 824 TrainOpt 1.6751e-02 Valid skipped LR: 6.3709e-05
Elapsed: 38195.81s Epoch 825 TrainOpt 1.6872e-02 Valid skipped LR: 6.3633e-05
Elapsed: 38241.06s Epoch 826 TrainOpt 1.6555e-02 Valid skipped LR: 6.3558e-05
Elapsed: 38285.78s Epoch 827 TrainOpt 1.6823e-02 Valid skipped LR: 6.3482e-05
Elapsed: 38332.09s Epoch 828 TrainOpt 1.7281e-02 Valid skipped LR: 6.3406e-05
Elapsed: 38377.25s Epoch 829 TrainOpt 1.7332e-02 Valid skipped LR: 6.3330e-05
Elapsed: 38424.29s Epoch 830 TrainOpt 1.8191e-02 Valid 1.8247e-02 LR: 6.3255e-05
Elapsed: 38470.23s Epoch 831 TrainOpt 1.8826e-02 Valid skipped LR: 6.3179e-05
Elapsed: 38516.04s Epoch 832 TrainOpt 1.7056e-02 Valid skipped LR: 6.3103e-05
Elapsed: 38561.09s Epoch 833 TrainOpt 1.8245e-02 Valid skipped LR: 6.3027e-05
Elapsed: 38606.12s Epoch 834 TrainOpt 1.7782e-02 Valid skipped LR: 6.2951e-05
Elapsed: 38650.98s Epoch 835 TrainOpt 1.7848e-02 Valid skipped LR: 6.2875e-05
Elapsed: 38697.49s Epoch 836 TrainOpt 1.7055e-02 Valid skipped LR: 6.2799e-05
Elapsed: 38742.36s Epoch 837 TrainOpt 1.7017e-02 Valid skipped LR: 6.2723e-05
Elapsed: 38787.30s Epoch 838 TrainOpt 1.7029e-02 Valid skipped LR: 6.2647e-05
Elapsed: 38832.93s Epoch 839 TrainOpt 1.6800e-02 Valid skipped LR: 6.2571e-05
Elapsed: 38880.87s Epoch 840 TrainOpt 1.7172e-02 Valid 1.6094e-02 LR: 6.2495e-05
Elapsed: 38926.21s Epoch 841 TrainOpt 1.6786e-02 Valid skipped LR: 6.2418e-05
Elapsed: 38971.64s Epoch 842 TrainOpt 1.7517e-02 Valid skipped LR: 6.2342e-05
Elapsed: 39016.89s Epoch 843 TrainOpt 1.7307e-02 Valid skipped LR: 6.2266e-05
Elapsed: 39062.77s Epoch 844 TrainOpt 1.8415e-02 Valid skipped LR: 6.2190e-05
Elapsed: 39107.97s Epoch 845 TrainOpt 1.8345e-02 Valid skipped LR: 6.2113e-05
Elapsed: 39153.11s Epoch 846 TrainOpt 1.8414e-02 Valid skipped LR: 6.2037e-05
Elapsed: 39198.20s Epoch 847 TrainOpt 1.7718e-02 Valid skipped LR: 6.1961e-05
Elapsed: 39243.88s Epoch 848 TrainOpt 1.7494e-02 Valid skipped LR: 6.1884e-05
Elapsed: 39288.63s Epoch 849 TrainOpt 1.7919e-02 Valid skipped LR: 6.1808e-05
Elapsed: 39336.08s Epoch 850 TrainOpt 1.7536e-02 Valid 1.7157e-02 LR: 6.1732e-05
Elapsed: 39381.60s Epoch 851 TrainOpt 1.7916e-02 Valid skipped LR: 6.1655e-05
Elapsed: 39427.01s Epoch 852 TrainOpt 1.8621e-02 Valid skipped LR: 6.1579e-05
Elapsed: 39472.78s Epoch 853 TrainOpt 1.8286e-02 Valid skipped LR: 6.1502e-05
Elapsed: 39518.65s Epoch 854 TrainOpt 1.7880e-02 Valid skipped LR: 6.1425e-05
Elapsed: 39564.03s Epoch 855 TrainOpt 1.8283e-02 Valid skipped LR: 6.1349e-05
Elapsed: 39609.91s Epoch 856 TrainOpt 1.8337e-02 Valid skipped LR: 6.1272e-05
Elapsed: 39655.62s Epoch 857 TrainOpt 1.7905e-02 Valid skipped LR: 6.1196e-05
Elapsed: 39701.70s Epoch 858 TrainOpt 1.7749e-02 Valid skipped LR: 6.1119e-05
Elapsed: 39747.49s Epoch 859 TrainOpt 1.7681e-02 Valid skipped LR: 6.1042e-05
Elapsed: 39795.11s Epoch 860 TrainOpt 1.8563e-02 Valid 1.7774e-02 LR: 6.0966e-05
Elapsed: 39840.38s Epoch 861 TrainOpt 1.9383e-02 Valid skipped LR: 6.0889e-05
Elapsed: 39885.91s Epoch 862 TrainOpt 2.0110e-02 Valid skipped LR: 6.0812e-05
Elapsed: 39931.83s Epoch 863 TrainOpt 1.8938e-02 Valid skipped LR: 6.0735e-05
Elapsed: 39977.26s Epoch 864 TrainOpt 1.8704e-02 Valid skipped LR: 6.0658e-05
Elapsed: 40023.01s Epoch 865 TrainOpt 1.7897e-02 Valid skipped LR: 6.0582e-05
Elapsed: 40068.75s Epoch 866 TrainOpt 1.8265e-02 Valid skipped LR: 6.0505e-05
Elapsed: 40114.31s Epoch 867 TrainOpt 1.8190e-02 Valid skipped LR: 6.0428e-05
Elapsed: 40159.62s Epoch 868 TrainOpt 1.8387e-02 Valid skipped LR: 6.0351e-05
Elapsed: 40205.29s Epoch 869 TrainOpt 1.8335e-02 Valid skipped LR: 6.0274e-05
Elapsed: 40252.63s Epoch 870 TrainOpt 1.7925e-02 Valid 1.7657e-02 LR: 6.0197e-05
Elapsed: 40298.37s Epoch 871 TrainOpt 1.8465e-02 Valid skipped LR: 6.0120e-05
Elapsed: 40344.42s Epoch 872 TrainOpt 1.8415e-02 Valid skipped LR: 6.0043e-05
Elapsed: 40390.33s Epoch 873 TrainOpt 1.8140e-02 Valid skipped LR: 5.9966e-05
Elapsed: 40435.74s Epoch 874 TrainOpt 1.8534e-02 Valid skipped LR: 5.9889e-05
Elapsed: 40481.29s Epoch 875 TrainOpt 1.8117e-02 Valid skipped LR: 5.9812e-05
Elapsed: 40526.80s Epoch 876 TrainOpt 1.8175e-02 Valid skipped LR: 5.9734e-05
Elapsed: 40572.47s Epoch 877 TrainOpt 1.8460e-02 Valid skipped LR: 5.9657e-05
Elapsed: 40617.23s Epoch 878 TrainOpt 1.7967e-02 Valid skipped LR: 5.9580e-05
Elapsed: 40662.81s Epoch 879 TrainOpt 1.8186e-02 Valid skipped LR: 5.9503e-05
Elapsed: 40710.31s Epoch 880 TrainOpt 1.8412e-02 Valid 1.7583e-02 LR: 5.9426e-05
Elapsed: 40755.81s Epoch 881 TrainOpt 1.8016e-02 Valid skipped LR: 5.9348e-05
Elapsed: 40801.33s Epoch 882 TrainOpt 1.8070e-02 Valid skipped LR: 5.9271e-05
Elapsed: 40847.20s Epoch 883 TrainOpt 1.7607e-02 Valid skipped LR: 5.9194e-05
Elapsed: 40892.47s Epoch 884 TrainOpt 1.8374e-02 Valid skipped LR: 5.9117e-05
Elapsed: 40937.81s Epoch 885 TrainOpt 1.7994e-02 Valid skipped LR: 5.9039e-05
Elapsed: 40983.36s Epoch 886 TrainOpt 1.8548e-02 Valid skipped LR: 5.8962e-05
Elapsed: 41028.38s Epoch 887 TrainOpt 1.8267e-02 Valid skipped LR: 5.8884e-05
Elapsed: 41074.33s Epoch 888 TrainOpt 1.8148e-02 Valid skipped LR: 5.8807e-05
Elapsed: 41119.98s Epoch 889 TrainOpt 1.7997e-02 Valid skipped LR: 5.8730e-05
Elapsed: 41167.16s Epoch 890 TrainOpt 1.8448e-02 Valid 1.8047e-02 LR: 5.8652e-05
Elapsed: 41212.98s Epoch 891 TrainOpt 1.8082e-02 Valid skipped LR: 5.8575e-05
Elapsed: 41258.20s Epoch 892 TrainOpt 1.7904e-02 Valid skipped LR: 5.8497e-05
Elapsed: 41303.79s Epoch 893 TrainOpt 1.9052e-02 Valid skipped LR: 5.8420e-05
Elapsed: 41349.58s Epoch 894 TrainOpt 1.7597e-02 Valid skipped LR: 5.8342e-05
Elapsed: 41394.54s Epoch 895 TrainOpt 1.8472e-02 Valid skipped LR: 5.8265e-05
Elapsed: 41440.49s Epoch 896 TrainOpt 1.8008e-02 Valid skipped LR: 5.8187e-05
Elapsed: 41485.57s Epoch 897 TrainOpt 1.7864e-02 Valid skipped LR: 5.8109e-05
Elapsed: 41530.36s Epoch 898 TrainOpt 1.7951e-02 Valid skipped LR: 5.8032e-05
Elapsed: 41575.87s Epoch 899 TrainOpt 1.8232e-02 Valid skipped LR: 5.7954e-05
Elapsed: 41623.49s Epoch 900 TrainOpt 1.7901e-02 Valid 1.7510e-02 LR: 5.7876e-05
Elapsed: 41716.57s Epoch 901 TrainOpt 1.7726e-02 Valid skipped LR: 5.7799e-05
Elapsed: 41762.37s Epoch 902 TrainOpt 1.7938e-02 Valid skipped LR: 5.7721e-05
Elapsed: 41808.32s Epoch 903 TrainOpt 1.7438e-02 Valid skipped LR: 5.7643e-05
Elapsed: 41854.02s Epoch 904 TrainOpt 1.7639e-02 Valid skipped LR: 5.7566e-05
Elapsed: 41899.26s Epoch 905 TrainOpt 1.7435e-02 Valid skipped LR: 5.7488e-05
Elapsed: 41945.26s Epoch 906 TrainOpt 1.7391e-02 Valid skipped LR: 5.7410e-05
Elapsed: 41990.83s Epoch 907 TrainOpt 1.7346e-02 Valid skipped LR: 5.7332e-05
Elapsed: 42036.68s Epoch 908 TrainOpt 1.7088e-02 Valid skipped LR: 5.7254e-05
Elapsed: 42082.41s Epoch 909 TrainOpt 1.7002e-02 Valid skipped LR: 5.7177e-05
Elapsed: 42129.53s Epoch 910 TrainOpt 1.7198e-02 Valid 1.6901e-02 LR: 5.7099e-05
Elapsed: 42175.00s Epoch 911 TrainOpt 1.7684e-02 Valid skipped LR: 5.7021e-05
Elapsed: 42220.78s Epoch 912 TrainOpt 1.7807e-02 Valid skipped LR: 5.6943e-05
Elapsed: 42265.84s Epoch 913 TrainOpt 1.7633e-02 Valid skipped LR: 5.6865e-05
Elapsed: 42311.50s Epoch 914 TrainOpt 1.8948e-02 Valid skipped LR: 5.6787e-05
Elapsed: 42356.09s Epoch 915 TrainOpt 1.7676e-02 Valid skipped LR: 5.6709e-05
Elapsed: 42401.28s Epoch 916 TrainOpt 1.7738e-02 Valid skipped LR: 5.6631e-05
Elapsed: 42447.12s Epoch 917 TrainOpt 1.7732e-02 Valid skipped LR: 5.6553e-05
Elapsed: 42492.62s Epoch 918 TrainOpt 1.8296e-02 Valid skipped LR: 5.6475e-05
Elapsed: 42538.25s Epoch 919 TrainOpt 1.7533e-02 Valid skipped LR: 5.6397e-05
Elapsed: 42586.01s Epoch 920 TrainOpt 1.6887e-02 Valid 1.6431e-02 LR: 5.6319e-05
Elapsed: 42631.50s Epoch 921 TrainOpt 1.6369e-02 Valid skipped LR: 5.6241e-05
Elapsed: 42676.77s Epoch 922 TrainOpt 1.6657e-02 Valid skipped LR: 5.6163e-05
Elapsed: 42722.27s Epoch 923 TrainOpt 1.6363e-02 Valid skipped LR: 5.6085e-05
Elapsed: 42767.49s Epoch 924 TrainOpt 1.6321e-02 Valid skipped LR: 5.6007e-05
Elapsed: 42813.13s Epoch 925 TrainOpt 1.6039e-02 Valid skipped LR: 5.5929e-05
Elapsed: 42858.39s Epoch 926 TrainOpt 1.6353e-02 Valid skipped LR: 5.5851e-05
Elapsed: 42904.02s Epoch 927 TrainOpt 1.6251e-02 Valid skipped LR: 5.5773e-05
Elapsed: 42949.93s Epoch 928 TrainOpt 1.6593e-02 Valid skipped LR: 5.5695e-05
Elapsed: 42995.31s Epoch 929 TrainOpt 1.6345e-02 Valid skipped LR: 5.5617e-05
Elapsed: 43043.68s Epoch 930 TrainOpt 1.6167e-02 Valid 1.5668e-02 LR: 5.5538e-05
Elapsed: 43089.18s Epoch 931 TrainOpt 1.7100e-02 Valid skipped LR: 5.5460e-05
Elapsed: 43134.80s Epoch 932 TrainOpt 1.6845e-02 Valid skipped LR: 5.5382e-05
Elapsed: 43180.01s Epoch 933 TrainOpt 1.7412e-02 Valid skipped LR: 5.5304e-05
Elapsed: 43225.59s Epoch 934 TrainOpt 1.7043e-02 Valid skipped LR: 5.5226e-05
Elapsed: 43271.15s Epoch 935 TrainOpt 1.6919e-02 Valid skipped LR: 5.5147e-05
Elapsed: 43316.97s Epoch 936 TrainOpt 1.6925e-02 Valid skipped LR: 5.5069e-05
Elapsed: 43362.17s Epoch 937 TrainOpt 1.6968e-02 Valid skipped LR: 5.4991e-05
Elapsed: 43408.12s Epoch 938 TrainOpt 1.8887e-02 Valid skipped LR: 5.4913e-05
Elapsed: 43454.33s Epoch 939 TrainOpt 2.4986e-02 Valid skipped LR: 5.4834e-05
Elapsed: 43501.62s Epoch 940 TrainOpt 1.9525e-02 Valid 2.0673e-02 LR: 5.4756e-05
Elapsed: 43546.50s Epoch 941 TrainOpt 1.8801e-02 Valid skipped LR: 5.4678e-05
Elapsed: 43591.96s Epoch 942 TrainOpt 1.8619e-02 Valid skipped LR: 5.4600e-05
Elapsed: 43637.36s Epoch 943 TrainOpt 1.9248e-02 Valid skipped LR: 5.4521e-05
Elapsed: 43682.69s Epoch 944 TrainOpt 1.9112e-02 Valid skipped LR: 5.4443e-05
Elapsed: 43728.16s Epoch 945 TrainOpt 1.9007e-02 Valid skipped LR: 5.4365e-05
Elapsed: 43773.60s Epoch 946 TrainOpt 1.8669e-02 Valid skipped LR: 5.4286e-05
Elapsed: 43819.96s Epoch 947 TrainOpt 1.8901e-02 Valid skipped LR: 5.4208e-05
Elapsed: 43865.25s Epoch 948 TrainOpt 1.8637e-02 Valid skipped LR: 5.4129e-05
Elapsed: 43910.79s Epoch 949 TrainOpt 1.7051e-02 Valid skipped LR: 5.4051e-05
Elapsed: 43958.85s Epoch 950 TrainOpt 1.6654e-02 Valid 1.6487e-02 LR: 5.3973e-05
Elapsed: 44004.81s Epoch 951 TrainOpt 1.6843e-02 Valid skipped LR: 5.3894e-05
Elapsed: 44050.31s Epoch 952 TrainOpt 1.6834e-02 Valid skipped LR: 5.3816e-05
Elapsed: 44095.43s Epoch 953 TrainOpt 1.6932e-02 Valid skipped LR: 5.3737e-05
Elapsed: 44141.25s Epoch 954 TrainOpt 1.6876e-02 Valid skipped LR: 5.3659e-05
Elapsed: 44186.91s Epoch 955 TrainOpt 1.6771e-02 Valid skipped LR: 5.3581e-05
Elapsed: 44232.75s Epoch 956 TrainOpt 1.6561e-02 Valid skipped LR: 5.3502e-05
Elapsed: 44278.88s Epoch 957 TrainOpt 1.7756e-02 Valid skipped LR: 5.3424e-05
Elapsed: 44324.09s Epoch 958 TrainOpt 1.7272e-02 Valid skipped LR: 5.3345e-05
Elapsed: 44369.43s Epoch 959 TrainOpt 1.6777e-02 Valid skipped LR: 5.3267e-05
Elapsed: 44416.75s Epoch 960 TrainOpt 1.7077e-02 Valid 1.6685e-02 LR: 5.3188e-05
Elapsed: 44462.48s Epoch 961 TrainOpt 1.6886e-02 Valid skipped LR: 5.3110e-05
Elapsed: 44508.16s Epoch 962 TrainOpt 1.7091e-02 Valid skipped LR: 5.3031e-05
Elapsed: 44554.42s Epoch 963 TrainOpt 1.6765e-02 Valid skipped LR: 5.2953e-05
Elapsed: 44599.87s Epoch 964 TrainOpt 1.8223e-02 Valid skipped LR: 5.2874e-05
Elapsed: 44645.13s Epoch 965 TrainOpt 1.8005e-02 Valid skipped LR: 5.2796e-05
Elapsed: 44690.57s Epoch 966 TrainOpt 1.7200e-02 Valid skipped LR: 5.2717e-05
Elapsed: 44735.50s Epoch 967 TrainOpt 1.7096e-02 Valid skipped LR: 5.2639e-05
Elapsed: 44780.86s Epoch 968 TrainOpt 1.7288e-02 Valid skipped LR: 5.2560e-05
Elapsed: 44826.43s Epoch 969 TrainOpt 1.6578e-02 Valid skipped LR: 5.2481e-05
Elapsed: 44873.99s Epoch 970 TrainOpt 1.6628e-02 Valid 1.6697e-02 LR: 5.2403e-05
Elapsed: 44919.77s Epoch 971 TrainOpt 1.6702e-02 Valid skipped LR: 5.2324e-05
Elapsed: 44965.51s Epoch 972 TrainOpt 1.7731e-02 Valid skipped LR: 5.2246e-05
Elapsed: 45010.70s Epoch 973 TrainOpt 1.8351e-02 Valid skipped LR: 5.2167e-05
Elapsed: 45056.33s Epoch 974 TrainOpt 1.7960e-02 Valid skipped LR: 5.2089e-05
Elapsed: 45101.36s Epoch 975 TrainOpt 1.7473e-02 Valid skipped LR: 5.2010e-05
Elapsed: 45146.49s Epoch 976 TrainOpt 1.7191e-02 Valid skipped LR: 5.1931e-05
Elapsed: 45192.27s Epoch 977 TrainOpt 1.6950e-02 Valid skipped LR: 5.1853e-05
Elapsed: 45238.24s Epoch 978 TrainOpt 1.7444e-02 Valid skipped LR: 5.1774e-05
Elapsed: 45283.78s Epoch 979 TrainOpt 1.7263e-02 Valid skipped LR: 5.1696e-05
Elapsed: 45331.74s Epoch 980 TrainOpt 1.7125e-02 Valid 1.6726e-02 LR: 5.1617e-05
Elapsed: 45377.20s Epoch 981 TrainOpt 1.7044e-02 Valid skipped LR: 5.1538e-05
Elapsed: 45423.08s Epoch 982 TrainOpt 1.6866e-02 Valid skipped LR: 5.1460e-05
Elapsed: 45468.44s Epoch 983 TrainOpt 1.6915e-02 Valid skipped LR: 5.1381e-05
Elapsed: 45513.54s Epoch 984 TrainOpt 1.6921e-02 Valid skipped LR: 5.1303e-05
Elapsed: 45559.15s Epoch 985 TrainOpt 2.0663e-02 Valid skipped LR: 5.1224e-05
Elapsed: 45604.79s Epoch 986 TrainOpt 2.0258e-02 Valid skipped LR: 5.1145e-05
Elapsed: 45650.71s Epoch 987 TrainOpt 1.8975e-02 Valid skipped LR: 5.1067e-05
Elapsed: 45696.39s Epoch 988 TrainOpt 1.8864e-02 Valid skipped LR: 5.0988e-05
Elapsed: 45741.99s Epoch 989 TrainOpt 1.8875e-02 Valid skipped LR: 5.0909e-05
Elapsed: 45790.03s Epoch 990 TrainOpt 1.9091e-02 Valid 1.8761e-02 LR: 5.0831e-05
Elapsed: 45835.78s Epoch 991 TrainOpt 1.8929e-02 Valid skipped LR: 5.0752e-05
Elapsed: 45881.33s Epoch 992 TrainOpt 1.9149e-02 Valid skipped LR: 5.0674e-05
Elapsed: 45927.13s Epoch 993 TrainOpt 1.8394e-02 Valid skipped LR: 5.0595e-05
Elapsed: 45972.61s Epoch 994 TrainOpt 1.8085e-02 Valid skipped LR: 5.0516e-05
Elapsed: 46018.63s Epoch 995 TrainOpt 1.7919e-02 Valid skipped LR: 5.0438e-05
Elapsed: 46064.31s Epoch 996 TrainOpt 1.8497e-02 Valid skipped LR: 5.0359e-05
Elapsed: 46109.89s Epoch 997 TrainOpt 1.7620e-02 Valid skipped LR: 5.0280e-05
Elapsed: 46155.35s Epoch 998 TrainOpt 1.9060e-02 Valid skipped LR: 5.0202e-05
Elapsed: 46200.93s Epoch 999 TrainOpt 1.9225e-02 Valid skipped LR: 5.0123e-05
Elapsed: 46249.08s Epoch 1000 TrainOpt 1.8975e-02 Valid 1.8588e-02 LR: 5.0044e-05
Elapsed: 46341.49s Epoch 1001 TrainOpt 1.9249e-02 Valid skipped LR: 4.9966e-05
Elapsed: 46387.30s Epoch 1002 TrainOpt 1.9515e-02 Valid skipped LR: 4.9887e-05
Elapsed: 46432.40s Epoch 1003 TrainOpt 1.8615e-02 Valid skipped LR: 4.9808e-05
Elapsed: 46477.87s Epoch 1004 TrainOpt 1.8431e-02 Valid skipped LR: 4.9730e-05
Elapsed: 46523.67s Epoch 1005 TrainOpt 1.8110e-02 Valid skipped LR: 4.9651e-05
Elapsed: 46568.85s Epoch 1006 TrainOpt 1.8229e-02 Valid skipped LR: 4.9572e-05
Elapsed: 46614.71s Epoch 1007 TrainOpt 1.7933e-02 Valid skipped LR: 4.9494e-05
Elapsed: 46660.04s Epoch 1008 TrainOpt 1.7605e-02 Valid skipped LR: 4.9415e-05
Elapsed: 46705.50s Epoch 1009 TrainOpt 1.7847e-02 Valid skipped LR: 4.9336e-05
Elapsed: 46752.57s Epoch 1010 TrainOpt 1.8798e-02 Valid 1.7961e-02 LR: 4.9258e-05
Elapsed: 46797.74s Epoch 1011 TrainOpt 2.3339e-02 Valid skipped LR: 4.9179e-05
Elapsed: 46843.86s Epoch 1012 TrainOpt 2.1425e-02 Valid skipped LR: 4.9101e-05
Elapsed: 46889.77s Epoch 1013 TrainOpt 1.9836e-02 Valid skipped LR: 4.9022e-05
Elapsed: 46935.44s Epoch 1014 TrainOpt 1.9308e-02 Valid skipped LR: 4.8943e-05
Elapsed: 46981.02s Epoch 1015 TrainOpt 1.9538e-02 Valid skipped LR: 4.8865e-05
Elapsed: 47026.61s Epoch 1016 TrainOpt 1.9040e-02 Valid skipped LR: 4.8786e-05
Elapsed: 47072.48s Epoch 1017 TrainOpt 1.9301e-02 Valid skipped LR: 4.8707e-05
Elapsed: 47118.09s Epoch 1018 TrainOpt 1.8921e-02 Valid skipped LR: 4.8629e-05
Elapsed: 47163.16s Epoch 1019 TrainOpt 1.8454e-02 Valid skipped LR: 4.8550e-05
Elapsed: 47211.20s Epoch 1020 TrainOpt 1.8276e-02 Valid 1.8039e-02 LR: 4.8472e-05
Elapsed: 47257.68s Epoch 1021 TrainOpt 1.8390e-02 Valid skipped LR: 4.8393e-05
Elapsed: 47302.65s Epoch 1022 TrainOpt 1.8483e-02 Valid skipped LR: 4.8314e-05
Elapsed: 47348.13s Epoch 1023 TrainOpt 1.9825e-02 Valid skipped LR: 4.8236e-05
Elapsed: 47393.81s Epoch 1024 TrainOpt 2.0070e-02 Valid skipped LR: 4.8157e-05
Elapsed: 47439.08s Epoch 1025 TrainOpt 1.9336e-02 Valid skipped LR: 4.8079e-05
Elapsed: 47484.53s Epoch 1026 TrainOpt 1.8368e-02 Valid skipped LR: 4.8000e-05
Elapsed: 47530.48s Epoch 1027 TrainOpt 1.7743e-02 Valid skipped LR: 4.7921e-05
Elapsed: 47575.74s Epoch 1028 TrainOpt 1.7161e-02 Valid skipped LR: 4.7843e-05
Elapsed: 47620.98s Epoch 1029 TrainOpt 1.7247e-02 Valid skipped LR: 4.7764e-05
Elapsed: 47668.37s Epoch 1030 TrainOpt 1.6999e-02 Valid 1.6939e-02 LR: 4.7686e-05
Elapsed: 47713.79s Epoch 1031 TrainOpt 1.6941e-02 Valid skipped LR: 4.7607e-05
Elapsed: 47758.74s Epoch 1032 TrainOpt 1.7080e-02 Valid skipped LR: 4.7529e-05
Elapsed: 47804.77s Epoch 1033 TrainOpt 1.7034e-02 Valid skipped LR: 4.7450e-05
Elapsed: 47850.83s Epoch 1034 TrainOpt 1.6917e-02 Valid skipped LR: 4.7371e-05
Elapsed: 47896.08s Epoch 1035 TrainOpt 1.7572e-02 Valid skipped LR: 4.7293e-05
Elapsed: 47941.34s Epoch 1036 TrainOpt 1.7455e-02 Valid skipped LR: 4.7214e-05
Elapsed: 47987.52s Epoch 1037 TrainOpt 1.8047e-02 Valid skipped LR: 4.7136e-05
Elapsed: 48032.61s Epoch 1038 TrainOpt 1.8251e-02 Valid skipped LR: 4.7057e-05
Elapsed: 48077.87s Epoch 1039 TrainOpt 1.8068e-02 Valid skipped LR: 4.6979e-05
Elapsed: 48126.11s Epoch 1040 TrainOpt 1.9029e-02 Valid 1.7808e-02 LR: 4.6900e-05
Elapsed: 48171.86s Epoch 1041 TrainOpt 1.9099e-02 Valid skipped LR: 4.6822e-05
Elapsed: 48217.51s Epoch 1042 TrainOpt 1.8848e-02 Valid skipped LR: 4.6743e-05
Elapsed: 48263.08s Epoch 1043 TrainOpt 1.8656e-02 Valid skipped LR: 4.6665e-05
Elapsed: 48308.52s Epoch 1044 TrainOpt 1.8776e-02 Valid skipped LR: 4.6586e-05
Elapsed: 48353.23s Epoch 1045 TrainOpt 1.8596e-02 Valid skipped LR: 4.6508e-05
Elapsed: 48398.49s Epoch 1046 TrainOpt 1.8698e-02 Valid skipped LR: 4.6429e-05
Elapsed: 48444.20s Epoch 1047 TrainOpt 1.8533e-02 Valid skipped LR: 4.6351e-05
Elapsed: 48489.12s Epoch 1048 TrainOpt 1.8499e-02 Valid skipped LR: 4.6273e-05
Elapsed: 48534.42s Epoch 1049 TrainOpt 1.8407e-02 Valid skipped LR: 4.6194e-05
Elapsed: 48582.21s Epoch 1050 TrainOpt 1.8519e-02 Valid 1.8474e-02 LR: 4.6116e-05
Elapsed: 48628.05s Epoch 1051 TrainOpt 1.8551e-02 Valid skipped LR: 4.6037e-05
Elapsed: 48673.58s Epoch 1052 TrainOpt 1.8747e-02 Valid skipped LR: 4.5959e-05
Elapsed: 48718.96s Epoch 1053 TrainOpt 1.8591e-02 Valid skipped LR: 4.5881e-05
Elapsed: 48764.49s Epoch 1054 TrainOpt 1.8515e-02 Valid skipped LR: 4.5802e-05
Elapsed: 48810.31s Epoch 1055 TrainOpt 1.7962e-02 Valid skipped LR: 4.5724e-05
Elapsed: 48855.92s Epoch 1056 TrainOpt 1.8067e-02 Valid skipped LR: 4.5645e-05
Elapsed: 48901.32s Epoch 1057 TrainOpt 1.9152e-02 Valid skipped LR: 4.5567e-05
Elapsed: 48947.01s Epoch 1058 TrainOpt 1.8047e-02 Valid skipped LR: 4.5489e-05
Elapsed: 48992.46s Epoch 1059 TrainOpt 1.7618e-02 Valid skipped LR: 4.5410e-05
Elapsed: 49040.70s Epoch 1060 TrainOpt 1.8069e-02 Valid 1.7678e-02 LR: 4.5332e-05
Elapsed: 49086.09s Epoch 1061 TrainOpt 1.7524e-02 Valid skipped LR: 4.5254e-05
Elapsed: 49131.71s Epoch 1062 TrainOpt 1.9040e-02 Valid skipped LR: 4.5176e-05
Elapsed: 49177.74s Epoch 1063 TrainOpt 2.1256e-02 Valid skipped LR: 4.5097e-05
Elapsed: 49223.09s Epoch 1064 TrainOpt 1.9057e-02 Valid skipped LR: 4.5019e-05
Elapsed: 49268.48s Epoch 1065 TrainOpt 2.0781e-02 Valid skipped LR: 4.4941e-05
Elapsed: 49314.16s Epoch 1066 TrainOpt 1.8781e-02 Valid skipped LR: 4.4863e-05
Elapsed: 49359.84s Epoch 1067 TrainOpt 1.7873e-02 Valid skipped LR: 4.4784e-05
Elapsed: 49405.74s Epoch 1068 TrainOpt 1.8941e-02 Valid skipped LR: 4.4706e-05
Elapsed: 49451.24s Epoch 1069 TrainOpt 1.9120e-02 Valid skipped LR: 4.4628e-05
Elapsed: 49498.55s Epoch 1070 TrainOpt 1.8597e-02 Valid 1.9078e-02 LR: 4.4550e-05
Elapsed: 49543.98s Epoch 1071 TrainOpt 1.8666e-02 Valid skipped LR: 4.4472e-05
Elapsed: 49589.13s Epoch 1072 TrainOpt 1.8325e-02 Valid skipped LR: 4.4393e-05
Elapsed: 49635.10s Epoch 1073 TrainOpt 1.8481e-02 Valid skipped LR: 4.4315e-05
Elapsed: 49680.72s Epoch 1074 TrainOpt 1.8118e-02 Valid skipped LR: 4.4237e-05
Elapsed: 49725.33s Epoch 1075 TrainOpt 1.8057e-02 Valid skipped LR: 4.4159e-05
Elapsed: 49770.73s Epoch 1076 TrainOpt 1.8220e-02 Valid skipped LR: 4.4081e-05
Elapsed: 49815.70s Epoch 1077 TrainOpt 1.8395e-02 Valid skipped LR: 4.4003e-05
Elapsed: 49861.12s Epoch 1078 TrainOpt 1.8250e-02 Valid skipped LR: 4.3925e-05
Elapsed: 49906.28s Epoch 1079 TrainOpt 1.9242e-02 Valid skipped LR: 4.3847e-05
Elapsed: 49953.69s Epoch 1080 TrainOpt 1.8820e-02 Valid 1.8776e-02 LR: 4.3769e-05
Elapsed: 49999.80s Epoch 1081 TrainOpt 1.8717e-02 Valid skipped LR: 4.3691e-05
Elapsed: 50045.11s Epoch 1082 TrainOpt 1.8158e-02 Valid skipped LR: 4.3613e-05
Elapsed: 50090.18s Epoch 1083 TrainOpt 1.8121e-02 Valid skipped LR: 4.3535e-05
Elapsed: 50136.19s Epoch 1084 TrainOpt 1.7959e-02 Valid skipped LR: 4.3457e-05
Elapsed: 50181.88s Epoch 1085 TrainOpt 1.8113e-02 Valid skipped LR: 4.3379e-05
Elapsed: 50227.38s Epoch 1086 TrainOpt 1.6878e-02 Valid skipped LR: 4.3301e-05
Elapsed: 50273.05s Epoch 1087 TrainOpt 1.7334e-02 Valid skipped LR: 4.3223e-05
Elapsed: 50318.17s Epoch 1088 TrainOpt 1.7555e-02 Valid skipped LR: 4.3145e-05
Elapsed: 50363.69s Epoch 1089 TrainOpt 1.6918e-02 Valid skipped LR: 4.3067e-05
Elapsed: 50411.34s Epoch 1090 TrainOpt 1.6918e-02 Valid 1.6922e-02 LR: 4.2989e-05
Elapsed: 50456.74s Epoch 1091 TrainOpt 1.6670e-02 Valid skipped LR: 4.2911e-05
Elapsed: 50502.70s Epoch 1092 TrainOpt 1.6381e-02 Valid skipped LR: 4.2833e-05
Elapsed: 50548.13s Epoch 1093 TrainOpt 1.6581e-02 Valid skipped LR: 4.2756e-05
Elapsed: 50593.39s Epoch 1094 TrainOpt 1.6654e-02 Valid skipped LR: 4.2678e-05
Elapsed: 50638.71s Epoch 1095 TrainOpt 1.6997e-02 Valid skipped LR: 4.2600e-05
Elapsed: 50684.14s Epoch 1096 TrainOpt 1.6721e-02 Valid skipped LR: 4.2522e-05
Elapsed: 50729.74s Epoch 1097 TrainOpt 1.6798e-02 Valid skipped LR: 4.2444e-05
Elapsed: 50775.50s Epoch 1098 TrainOpt 1.7798e-02 Valid skipped LR: 4.2367e-05
Elapsed: 50820.60s Epoch 1099 TrainOpt 1.7811e-02 Valid skipped LR: 4.2289e-05
Elapsed: 50867.97s Epoch 1100 TrainOpt 1.7367e-02 Valid 1.7733e-02 LR: 4.2211e-05
Elapsed: 50960.44s Epoch 1101 TrainOpt 1.6921e-02 Valid skipped LR: 4.2134e-05
Elapsed: 51006.38s Epoch 1102 TrainOpt 1.6689e-02 Valid skipped LR: 4.2056e-05
Elapsed: 51052.40s Epoch 1103 TrainOpt 1.6695e-02 Valid skipped LR: 4.1978e-05
Elapsed: 51098.21s Epoch 1104 TrainOpt 1.6221e-02 Valid skipped LR: 4.1901e-05
Elapsed: 51143.69s Epoch 1105 TrainOpt 1.6139e-02 Valid skipped LR: 4.1823e-05
Elapsed: 51189.71s Epoch 1106 TrainOpt 1.5786e-02 Valid skipped LR: 4.1745e-05
Elapsed: 51234.89s Epoch 1107 TrainOpt 1.5992e-02 Valid skipped LR: 4.1668e-05
Elapsed: 51279.93s Epoch 1108 TrainOpt 1.6253e-02 Valid skipped LR: 4.1590e-05
Elapsed: 51325.66s Epoch 1109 TrainOpt 1.6109e-02 Valid skipped LR: 4.1513e-05
Elapsed: 51373.71s Epoch 1110 TrainOpt 1.6284e-02 Valid 1.6015e-02 LR: 4.1435e-05
Elapsed: 51419.22s Epoch 1111 TrainOpt 1.5718e-02 Valid skipped LR: 4.1358e-05
Elapsed: 51465.11s Epoch 1112 TrainOpt 1.6009e-02 Valid skipped LR: 4.1280e-05
Elapsed: 51510.90s Epoch 1113 TrainOpt 1.6262e-02 Valid skipped LR: 4.1203e-05
Elapsed: 51556.59s Epoch 1114 TrainOpt 1.6051e-02 Valid skipped LR: 4.1126e-05
Elapsed: 51602.06s Epoch 1115 TrainOpt 1.6443e-02 Valid skipped LR: 4.1048e-05
Elapsed: 51647.39s Epoch 1116 TrainOpt 1.5503e-02 Valid skipped LR: 4.0971e-05
Elapsed: 51692.92s Epoch 1117 TrainOpt 1.5077e-02 Valid skipped LR: 4.0893e-05
Elapsed: 51738.79s Epoch 1118 TrainOpt 1.5172e-02 Valid skipped LR: 4.0816e-05
Elapsed: 51784.22s Epoch 1119 TrainOpt 1.5465e-02 Valid skipped LR: 4.0739e-05
Elapsed: 51831.77s Epoch 1120 TrainOpt 1.5478e-02 Valid 1.5093e-02 LR: 4.0662e-05
Elapsed: 51877.27s Epoch 1121 TrainOpt 1.4967e-02 Valid skipped LR: 4.0584e-05
Elapsed: 51922.93s Epoch 1122 TrainOpt 1.5195e-02 Valid skipped LR: 4.0507e-05
Elapsed: 51968.78s Epoch 1123 TrainOpt 1.5080e-02 Valid skipped LR: 4.0430e-05
Elapsed: 52014.98s Epoch 1124 TrainOpt 1.5428e-02 Valid skipped LR: 4.0353e-05
Elapsed: 52060.35s Epoch 1125 TrainOpt 1.4973e-02 Valid skipped LR: 4.0276e-05
Elapsed: 52105.80s Epoch 1126 TrainOpt 1.4976e-02 Valid skipped LR: 4.0198e-05
Elapsed: 52151.47s Epoch 1127 TrainOpt 1.5090e-02 Valid skipped LR: 4.0121e-05
Elapsed: 52197.42s Epoch 1128 TrainOpt 1.4877e-02 Valid skipped LR: 4.0044e-05
Elapsed: 52243.53s Epoch 1129 TrainOpt 1.5370e-02 Valid skipped LR: 3.9967e-05
Elapsed: 52291.64s Epoch 1130 TrainOpt 1.5467e-02 Valid 1.5035e-02 LR: 3.9890e-05
Elapsed: 52337.10s Epoch 1131 TrainOpt 1.5168e-02 Valid skipped LR: 3.9813e-05
Elapsed: 52382.46s Epoch 1132 TrainOpt 1.5805e-02 Valid skipped LR: 3.9736e-05
Elapsed: 52427.85s Epoch 1133 TrainOpt 1.6068e-02 Valid skipped LR: 3.9659e-05
Elapsed: 52473.68s Epoch 1134 TrainOpt 1.6485e-02 Valid skipped LR: 3.9582e-05
Elapsed: 52519.89s Epoch 1135 TrainOpt 1.6497e-02 Valid skipped LR: 3.9505e-05
Elapsed: 52565.39s Epoch 1136 TrainOpt 1.6612e-02 Valid skipped LR: 3.9428e-05
Elapsed: 52610.59s Epoch 1137 TrainOpt 1.6962e-02 Valid skipped LR: 3.9352e-05
Elapsed: 52656.32s Epoch 1138 TrainOpt 1.6944e-02 Valid skipped LR: 3.9275e-05
Elapsed: 52701.59s Epoch 1139 TrainOpt 1.6597e-02 Valid skipped LR: 3.9198e-05
Elapsed: 52749.60s Epoch 1140 TrainOpt 1.6528e-02 Valid 1.6338e-02 LR: 3.9121e-05
Elapsed: 52794.85s Epoch 1141 TrainOpt 1.7773e-02 Valid skipped LR: 3.9044e-05
Elapsed: 52840.64s Epoch 1142 TrainOpt 1.6763e-02 Valid skipped LR: 3.8968e-05
Elapsed: 52886.05s Epoch 1143 TrainOpt 1.6349e-02 Valid skipped LR: 3.8891e-05
Elapsed: 52931.61s Epoch 1144 TrainOpt 1.6852e-02 Valid skipped LR: 3.8814e-05
Elapsed: 52977.52s Epoch 1145 TrainOpt 1.6455e-02 Valid skipped LR: 3.8738e-05
Elapsed: 53023.05s Epoch 1146 TrainOpt 1.5890e-02 Valid skipped LR: 3.8661e-05
Elapsed: 53068.24s Epoch 1147 TrainOpt 1.5903e-02 Valid skipped LR: 3.8585e-05
Elapsed: 53114.24s Epoch 1148 TrainOpt 1.5774e-02 Valid skipped LR: 3.8508e-05
Elapsed: 53159.75s Epoch 1149 TrainOpt 1.5666e-02 Valid skipped LR: 3.8431e-05
Elapsed: 53206.93s Epoch 1150 TrainOpt 1.5788e-02 Valid 1.5698e-02 LR: 3.8355e-05
Elapsed: 53252.19s Epoch 1151 TrainOpt 1.5797e-02 Valid skipped LR: 3.8278e-05
Elapsed: 53297.85s Epoch 1152 TrainOpt 1.5861e-02 Valid skipped LR: 3.8202e-05
Elapsed: 53342.63s Epoch 1153 TrainOpt 1.5433e-02 Valid skipped LR: 3.8126e-05
Elapsed: 53388.12s Epoch 1154 TrainOpt 1.5558e-02 Valid skipped LR: 3.8049e-05
Elapsed: 53433.69s Epoch 1155 TrainOpt 1.5375e-02 Valid skipped LR: 3.7973e-05
Elapsed: 53479.01s Epoch 1156 TrainOpt 1.5450e-02 Valid skipped LR: 3.7897e-05
Elapsed: 53524.42s Epoch 1157 TrainOpt 1.5499e-02 Valid skipped LR: 3.7820e-05
Elapsed: 53569.39s Epoch 1158 TrainOpt 1.5447e-02 Valid skipped LR: 3.7744e-05
Elapsed: 53614.84s Epoch 1159 TrainOpt 1.5574e-02 Valid skipped LR: 3.7668e-05
Elapsed: 53662.95s Epoch 1160 TrainOpt 1.5604e-02 Valid 1.5450e-02 LR: 3.7592e-05
Elapsed: 53708.40s Epoch 1161 TrainOpt 1.5955e-02 Valid skipped LR: 3.7515e-05
Elapsed: 53753.95s Epoch 1162 TrainOpt 1.5847e-02 Valid skipped LR: 3.7439e-05
Elapsed: 53799.23s Epoch 1163 TrainOpt 1.5866e-02 Valid skipped LR: 3.7363e-05
Elapsed: 53844.48s Epoch 1164 TrainOpt 1.5675e-02 Valid skipped LR: 3.7287e-05
Elapsed: 53890.24s Epoch 1165 TrainOpt 1.5675e-02 Valid skipped LR: 3.7211e-05
Elapsed: 53935.43s Epoch 1166 TrainOpt 1.5583e-02 Valid skipped LR: 3.7135e-05
Elapsed: 53980.72s Epoch 1167 TrainOpt 1.5677e-02 Valid skipped LR: 3.7059e-05
Elapsed: 54025.74s Epoch 1168 TrainOpt 1.5785e-02 Valid skipped LR: 3.6983e-05
Elapsed: 54071.55s Epoch 1169 TrainOpt 1.9130e-02 Valid skipped LR: 3.6907e-05
Elapsed: 54118.89s Epoch 1170 TrainOpt 1.8216e-02 Valid 1.7719e-02 LR: 3.6831e-05
Elapsed: 54164.71s Epoch 1171 TrainOpt 1.7379e-02 Valid skipped LR: 3.6755e-05
Elapsed: 54209.73s Epoch 1172 TrainOpt 1.6963e-02 Valid skipped LR: 3.6680e-05
Elapsed: 54255.70s Epoch 1173 TrainOpt 1.7467e-02 Valid skipped LR: 3.6604e-05
Elapsed: 54301.01s Epoch 1174 TrainOpt 1.8313e-02 Valid skipped LR: 3.6528e-05
Elapsed: 54346.26s Epoch 1175 TrainOpt 1.8131e-02 Valid skipped LR: 3.6452e-05
Elapsed: 54391.75s Epoch 1176 TrainOpt 1.7744e-02 Valid skipped LR: 3.6377e-05
Elapsed: 54436.86s Epoch 1177 TrainOpt 1.7702e-02 Valid skipped LR: 3.6301e-05
Elapsed: 54482.63s Epoch 1178 TrainOpt 1.6764e-02 Valid skipped LR: 3.6225e-05
Elapsed: 54527.54s Epoch 1179 TrainOpt 1.6705e-02 Valid skipped LR: 3.6150e-05
Elapsed: 54575.49s Epoch 1180 TrainOpt 1.6462e-02 Valid 1.6745e-02 LR: 3.6074e-05
Elapsed: 54620.51s Epoch 1181 TrainOpt 1.6465e-02 Valid skipped LR: 3.5999e-05
Elapsed: 54665.99s Epoch 1182 TrainOpt 1.6437e-02 Valid skipped LR: 3.5923e-05
Elapsed: 54711.89s Epoch 1183 TrainOpt 1.6188e-02 Valid skipped LR: 3.5848e-05
Elapsed: 54757.36s Epoch 1184 TrainOpt 1.6242e-02 Valid skipped LR: 3.5772e-05
Elapsed: 54803.16s Epoch 1185 TrainOpt 1.6737e-02 Valid skipped LR: 3.5697e-05
Elapsed: 54848.40s Epoch 1186 TrainOpt 1.6415e-02 Valid skipped LR: 3.5622e-05
Elapsed: 54893.24s Epoch 1187 TrainOpt 1.6211e-02 Valid skipped LR: 3.5546e-05
Elapsed: 54938.82s Epoch 1188 TrainOpt 1.6552e-02 Valid skipped LR: 3.5471e-05
Elapsed: 54984.15s Epoch 1189 TrainOpt 1.6224e-02 Valid skipped LR: 3.5396e-05
Elapsed: 55031.73s Epoch 1190 TrainOpt 1.6206e-02 Valid 1.5899e-02 LR: 3.5321e-05
Elapsed: 55077.69s Epoch 1191 TrainOpt 1.6327e-02 Valid skipped LR: 3.5245e-05
Elapsed: 55123.46s Epoch 1192 TrainOpt 1.6373e-02 Valid skipped LR: 3.5170e-05
Elapsed: 55168.47s Epoch 1193 TrainOpt 1.6328e-02 Valid skipped LR: 3.5095e-05
Elapsed: 55214.00s Epoch 1194 TrainOpt 1.6051e-02 Valid skipped LR: 3.5020e-05
Elapsed: 55258.98s Epoch 1195 TrainOpt 1.5957e-02 Valid skipped LR: 3.4945e-05
Elapsed: 55304.66s Epoch 1196 TrainOpt 1.5827e-02 Valid skipped LR: 3.4870e-05
Elapsed: 55349.28s Epoch 1197 TrainOpt 1.5906e-02 Valid skipped LR: 3.4795e-05
Elapsed: 55394.87s Epoch 1198 TrainOpt 1.5822e-02 Valid skipped LR: 3.4720e-05
Elapsed: 55440.26s Epoch 1199 TrainOpt 1.5790e-02 Valid skipped LR: 3.4645e-05
Elapsed: 55487.62s Epoch 1200 TrainOpt 1.5624e-02 Valid 1.5580e-02 LR: 3.4571e-05
Elapsed: 55579.25s Epoch 1201 TrainOpt 1.5862e-02 Valid skipped LR: 3.4496e-05
Elapsed: 55624.81s Epoch 1202 TrainOpt 1.5852e-02 Valid skipped LR: 3.4421e-05
Elapsed: 55670.39s Epoch 1203 TrainOpt 1.5849e-02 Valid skipped LR: 3.4346e-05
Elapsed: 55715.90s Epoch 1204 TrainOpt 1.6147e-02 Valid skipped LR: 3.4272e-05
Elapsed: 55762.28s Epoch 1205 TrainOpt 1.6525e-02 Valid skipped LR: 3.4197e-05
Elapsed: 55807.81s Epoch 1206 TrainOpt 1.6323e-02 Valid skipped LR: 3.4123e-05
Elapsed: 55853.14s Epoch 1207 TrainOpt 1.6508e-02 Valid skipped LR: 3.4048e-05
Elapsed: 55898.64s Epoch 1208 TrainOpt 1.7054e-02 Valid skipped LR: 3.3973e-05
Elapsed: 55943.87s Epoch 1209 TrainOpt 1.6900e-02 Valid skipped LR: 3.3899e-05
Elapsed: 55992.03s Epoch 1210 TrainOpt 1.6854e-02 Valid 1.6528e-02 LR: 3.3825e-05
Elapsed: 56038.01s Epoch 1211 TrainOpt 1.7226e-02 Valid skipped LR: 3.3750e-05
Elapsed: 56082.79s Epoch 1212 TrainOpt 1.7325e-02 Valid skipped LR: 3.3676e-05
Elapsed: 56128.77s Epoch 1213 TrainOpt 1.7701e-02 Valid skipped LR: 3.3601e-05
Elapsed: 56174.81s Epoch 1214 TrainOpt 1.6847e-02 Valid skipped LR: 3.3527e-05
Elapsed: 56219.89s Epoch 1215 TrainOpt 1.7317e-02 Valid skipped LR: 3.3453e-05
Elapsed: 56265.43s Epoch 1216 TrainOpt 1.7526e-02 Valid skipped LR: 3.3379e-05
Elapsed: 56310.86s Epoch 1217 TrainOpt 1.7207e-02 Valid skipped LR: 3.3305e-05
Elapsed: 56356.09s Epoch 1218 TrainOpt 1.7170e-02 Valid skipped LR: 3.3230e-05
Elapsed: 56401.68s Epoch 1219 TrainOpt 1.7231e-02 Valid skipped LR: 3.3156e-05
Elapsed: 56448.93s Epoch 1220 TrainOpt 1.9138e-02 Valid 1.8791e-02 LR: 3.3082e-05
Elapsed: 56494.90s Epoch 1221 TrainOpt 2.0201e-02 Valid skipped LR: 3.3008e-05
Elapsed: 56540.15s Epoch 1222 TrainOpt 1.8421e-02 Valid skipped LR: 3.2934e-05
Elapsed: 56585.55s Epoch 1223 TrainOpt 1.8083e-02 Valid skipped LR: 3.2861e-05
Elapsed: 56630.51s Epoch 1224 TrainOpt 1.7224e-02 Valid skipped LR: 3.2787e-05
Elapsed: 56675.56s Epoch 1225 TrainOpt 1.7127e-02 Valid skipped LR: 3.2713e-05
Elapsed: 56720.51s Epoch 1226 TrainOpt 1.7183e-02 Valid skipped LR: 3.2639e-05
Elapsed: 56765.63s Epoch 1227 TrainOpt 1.7939e-02 Valid skipped LR: 3.2565e-05
Elapsed: 56811.49s Epoch 1228 TrainOpt 1.7625e-02 Valid skipped LR: 3.2492e-05
Elapsed: 56856.16s Epoch 1229 TrainOpt 1.7560e-02 Valid skipped LR: 3.2418e-05
Elapsed: 56903.68s Epoch 1230 TrainOpt 1.7075e-02 Valid 1.7254e-02 LR: 3.2344e-05
Elapsed: 56948.43s Epoch 1231 TrainOpt 1.7090e-02 Valid skipped LR: 3.2271e-05
Elapsed: 56994.54s Epoch 1232 TrainOpt 1.7029e-02 Valid skipped LR: 3.2197e-05
Elapsed: 57039.98s Epoch 1233 TrainOpt 1.6327e-02 Valid skipped LR: 3.2124e-05
Elapsed: 57084.79s Epoch 1234 TrainOpt 1.6267e-02 Valid skipped LR: 3.2050e-05
Elapsed: 57130.28s Epoch 1235 TrainOpt 1.6134e-02 Valid skipped LR: 3.1977e-05
Elapsed: 57175.78s Epoch 1236 TrainOpt 1.6371e-02 Valid skipped LR: 3.1904e-05
Elapsed: 57221.50s Epoch 1237 TrainOpt 1.6092e-02 Valid skipped LR: 3.1830e-05
Elapsed: 57267.18s Epoch 1238 TrainOpt 1.6055e-02 Valid skipped LR: 3.1757e-05
Elapsed: 57313.09s Epoch 1239 TrainOpt 1.6251e-02 Valid skipped LR: 3.1684e-05
Elapsed: 57361.10s Epoch 1240 TrainOpt 1.5981e-02 Valid 1.6332e-02 LR: 3.1611e-05
Elapsed: 57406.32s Epoch 1241 TrainOpt 1.5926e-02 Valid skipped LR: 3.1538e-05
Elapsed: 57451.82s Epoch 1242 TrainOpt 1.5639e-02 Valid skipped LR: 3.1465e-05
Elapsed: 57497.79s Epoch 1243 TrainOpt 1.5842e-02 Valid skipped LR: 3.1392e-05
Elapsed: 57543.46s Epoch 1244 TrainOpt 1.5516e-02 Valid skipped LR: 3.1319e-05
Elapsed: 57588.37s Epoch 1245 TrainOpt 1.5611e-02 Valid skipped LR: 3.1246e-05
Elapsed: 57634.25s Epoch 1246 TrainOpt 1.5417e-02 Valid skipped LR: 3.1173e-05
Elapsed: 57679.21s Epoch 1247 TrainOpt 1.5236e-02 Valid skipped LR: 3.1100e-05
Elapsed: 57724.76s Epoch 1248 TrainOpt 1.4991e-02 Valid skipped LR: 3.1027e-05
Elapsed: 57770.33s Epoch 1249 TrainOpt 1.5359e-02 Valid skipped LR: 3.0955e-05
Elapsed: 57817.81s Epoch 1250 TrainOpt 1.5625e-02 Valid 1.5282e-02 LR: 3.0882e-05
Elapsed: 57863.32s Epoch 1251 TrainOpt 1.5210e-02 Valid skipped LR: 3.0809e-05
Elapsed: 57909.10s Epoch 1252 TrainOpt 1.4970e-02 Valid skipped LR: 3.0737e-05
Elapsed: 57954.14s Epoch 1253 TrainOpt 1.5898e-02 Valid skipped LR: 3.0664e-05
Elapsed: 57999.75s Epoch 1254 TrainOpt 1.5313e-02 Valid skipped LR: 3.0592e-05
Elapsed: 58045.70s Epoch 1255 TrainOpt 1.5300e-02 Valid skipped LR: 3.0519e-05
Elapsed: 58091.20s Epoch 1256 TrainOpt 1.5066e-02 Valid skipped LR: 3.0447e-05
Elapsed: 58136.96s Epoch 1257 TrainOpt 1.4928e-02 Valid skipped LR: 3.0374e-05
Elapsed: 58182.19s Epoch 1258 TrainOpt 1.4880e-02 Valid skipped LR: 3.0302e-05
Elapsed: 58227.45s Epoch 1259 TrainOpt 1.4916e-02 Valid skipped LR: 3.0230e-05
Elapsed: 58275.19s Epoch 1260 TrainOpt 1.5032e-02 Valid 1.5384e-02 LR: 3.0158e-05
Elapsed: 58320.58s Epoch 1261 TrainOpt 1.5605e-02 Valid skipped LR: 3.0085e-05
Elapsed: 58366.83s Epoch 1262 TrainOpt 1.5391e-02 Valid skipped LR: 3.0013e-05
Elapsed: 58412.75s Epoch 1263 TrainOpt 1.6492e-02 Valid skipped LR: 2.9941e-05
Elapsed: 58458.12s Epoch 1264 TrainOpt 1.6442e-02 Valid skipped LR: 2.9869e-05
Elapsed: 58503.86s Epoch 1265 TrainOpt 1.6519e-02 Valid skipped LR: 2.9797e-05
Elapsed: 58549.45s Epoch 1266 TrainOpt 1.6349e-02 Valid skipped LR: 2.9725e-05
Elapsed: 58594.94s Epoch 1267 TrainOpt 1.6526e-02 Valid skipped LR: 2.9653e-05
Elapsed: 58640.77s Epoch 1268 TrainOpt 1.6536e-02 Valid skipped LR: 2.9582e-05
Elapsed: 58686.33s Epoch 1269 TrainOpt 1.6324e-02 Valid skipped LR: 2.9510e-05
Elapsed: 58734.86s Epoch 1270 TrainOpt 1.6228e-02 Valid 1.6681e-02 LR: 2.9438e-05
Elapsed: 58780.85s Epoch 1271 TrainOpt 1.6104e-02 Valid skipped LR: 2.9366e-05
Elapsed: 58826.37s Epoch 1272 TrainOpt 1.5498e-02 Valid skipped LR: 2.9295e-05
Elapsed: 58872.07s Epoch 1273 TrainOpt 1.6541e-02 Valid skipped LR: 2.9223e-05
Elapsed: 58917.80s Epoch 1274 TrainOpt 1.8424e-02 Valid skipped LR: 2.9152e-05
Elapsed: 58963.27s Epoch 1275 TrainOpt 1.7577e-02 Valid skipped LR: 2.9080e-05
Elapsed: 59008.35s Epoch 1276 TrainOpt 1.6925e-02 Valid skipped LR: 2.9009e-05
Elapsed: 59053.70s Epoch 1277 TrainOpt 1.6492e-02 Valid skipped LR: 2.8938e-05
Elapsed: 59099.60s Epoch 1278 TrainOpt 1.6231e-02 Valid skipped LR: 2.8866e-05
Elapsed: 59145.13s Epoch 1279 TrainOpt 1.6473e-02 Valid skipped LR: 2.8795e-05
Elapsed: 59193.61s Epoch 1280 TrainOpt 1.6053e-02 Valid 1.6028e-02 LR: 2.8724e-05
Elapsed: 59239.60s Epoch 1281 TrainOpt 1.6004e-02 Valid skipped LR: 2.8653e-05
Elapsed: 59285.31s Epoch 1282 TrainOpt 1.5927e-02 Valid skipped LR: 2.8582e-05
Elapsed: 59331.74s Epoch 1283 TrainOpt 1.5815e-02 Valid skipped LR: 2.8511e-05
Elapsed: 59377.77s Epoch 1284 TrainOpt 1.5997e-02 Valid skipped LR: 2.8440e-05
Elapsed: 59423.01s Epoch 1285 TrainOpt 1.6113e-02 Valid skipped LR: 2.8369e-05
Elapsed: 59468.39s Epoch 1286 TrainOpt 1.6396e-02 Valid skipped LR: 2.8298e-05
Elapsed: 59513.53s Epoch 1287 TrainOpt 1.5893e-02 Valid skipped LR: 2.8227e-05
Elapsed: 59558.84s Epoch 1288 TrainOpt 1.6559e-02 Valid skipped LR: 2.8156e-05
Elapsed: 59604.48s Epoch 1289 TrainOpt 1.5949e-02 Valid skipped LR: 2.8085e-05
Elapsed: 59652.47s Epoch 1290 TrainOpt 1.6789e-02 Valid 1.6436e-02 LR: 2.8015e-05
Elapsed: 59698.24s Epoch 1291 TrainOpt 1.6266e-02 Valid skipped LR: 2.7944e-05
Elapsed: 59743.58s Epoch 1292 TrainOpt 1.6142e-02 Valid skipped LR: 2.7874e-05
Elapsed: 59788.66s Epoch 1293 TrainOpt 1.6025e-02 Valid skipped LR: 2.7803e-05
Elapsed: 59834.01s Epoch 1294 TrainOpt 1.6057e-02 Valid skipped LR: 2.7733e-05
Elapsed: 59879.93s Epoch 1295 TrainOpt 1.6222e-02 Valid skipped LR: 2.7662e-05
Elapsed: 59925.38s Epoch 1296 TrainOpt 1.6070e-02 Valid skipped LR: 2.7592e-05
Elapsed: 59971.02s Epoch 1297 TrainOpt 1.5998e-02 Valid skipped LR: 2.7522e-05
Elapsed: 60016.84s Epoch 1298 TrainOpt 1.6047e-02 Valid skipped LR: 2.7452e-05
Elapsed: 60062.72s Epoch 1299 TrainOpt 1.6488e-02 Valid skipped LR: 2.7381e-05
Elapsed: 60110.65s Epoch 1300 TrainOpt 1.6358e-02 Valid 1.6509e-02 LR: 2.7311e-05
Elapsed: 60203.31s Epoch 1301 TrainOpt 1.6507e-02 Valid skipped LR: 2.7241e-05
Elapsed: 60248.82s Epoch 1302 TrainOpt 1.6246e-02 Valid skipped LR: 2.7171e-05
Elapsed: 60294.24s Epoch 1303 TrainOpt 1.6306e-02 Valid skipped LR: 2.7101e-05
Elapsed: 60340.45s Epoch 1304 TrainOpt 1.6312e-02 Valid skipped LR: 2.7031e-05
Elapsed: 60385.98s Epoch 1305 TrainOpt 1.6384e-02 Valid skipped LR: 2.6962e-05
Elapsed: 60431.89s Epoch 1306 TrainOpt 1.6158e-02 Valid skipped LR: 2.6892e-05
Elapsed: 60477.37s Epoch 1307 TrainOpt 1.6376e-02 Valid skipped LR: 2.6822e-05
Elapsed: 60523.78s Epoch 1308 TrainOpt 1.6330e-02 Valid skipped LR: 2.6752e-05
Elapsed: 60569.32s Epoch 1309 TrainOpt 1.5979e-02 Valid skipped LR: 2.6683e-05
Elapsed: 60616.81s Epoch 1310 TrainOpt 1.5972e-02 Valid 1.6284e-02 LR: 2.6613e-05
Elapsed: 60662.86s Epoch 1311 TrainOpt 1.6247e-02 Valid skipped LR: 2.6544e-05
Elapsed: 60708.52s Epoch 1312 TrainOpt 1.5680e-02 Valid skipped LR: 2.6474e-05
Elapsed: 60753.76s Epoch 1313 TrainOpt 1.5879e-02 Valid skipped LR: 2.6405e-05
Elapsed: 60799.24s Epoch 1314 TrainOpt 1.5965e-02 Valid skipped LR: 2.6336e-05
Elapsed: 60845.05s Epoch 1315 TrainOpt 1.5771e-02 Valid skipped LR: 2.6266e-05
Elapsed: 60890.91s Epoch 1316 TrainOpt 1.5921e-02 Valid skipped LR: 2.6197e-05
Elapsed: 60936.00s Epoch 1317 TrainOpt 1.5730e-02 Valid skipped LR: 2.6128e-05
Elapsed: 60981.48s Epoch 1318 TrainOpt 1.5746e-02 Valid skipped LR: 2.6059e-05
Elapsed: 61027.28s Epoch 1319 TrainOpt 1.6437e-02 Valid skipped LR: 2.5990e-05
Elapsed: 61075.18s Epoch 1320 TrainOpt 1.6238e-02 Valid 1.6285e-02 LR: 2.5921e-05
Elapsed: 61120.72s Epoch 1321 TrainOpt 1.5923e-02 Valid skipped LR: 2.5852e-05
Elapsed: 61165.72s Epoch 1322 TrainOpt 1.5878e-02 Valid skipped LR: 2.5783e-05
Elapsed: 61211.66s Epoch 1323 TrainOpt 1.5809e-02 Valid skipped LR: 2.5715e-05
Elapsed: 61257.88s Epoch 1324 TrainOpt 1.5673e-02 Valid skipped LR: 2.5646e-05
Elapsed: 61303.17s Epoch 1325 TrainOpt 1.5645e-02 Valid skipped LR: 2.5577e-05
Elapsed: 61348.95s Epoch 1326 TrainOpt 1.5588e-02 Valid skipped LR: 2.5509e-05
Elapsed: 61393.91s Epoch 1327 TrainOpt 1.5718e-02 Valid skipped LR: 2.5440e-05
Elapsed: 61439.49s Epoch 1328 TrainOpt 1.5856e-02 Valid skipped LR: 2.5372e-05
Elapsed: 61484.69s Epoch 1329 TrainOpt 1.5826e-02 Valid skipped LR: 2.5303e-05
Elapsed: 61532.18s Epoch 1330 TrainOpt 1.5915e-02 Valid 1.5950e-02 LR: 2.5235e-05
Elapsed: 61578.25s Epoch 1331 TrainOpt 1.5846e-02 Valid skipped LR: 2.5167e-05
Elapsed: 61623.24s Epoch 1332 TrainOpt 1.5946e-02 Valid skipped LR: 2.5098e-05
Elapsed: 61668.77s Epoch 1333 TrainOpt 1.5884e-02 Valid skipped LR: 2.5030e-05
Elapsed: 61714.65s Epoch 1334 TrainOpt 1.5791e-02 Valid skipped LR: 2.4962e-05
Elapsed: 61760.18s Epoch 1335 TrainOpt 1.5756e-02 Valid skipped LR: 2.4894e-05
Elapsed: 61805.58s Epoch 1336 TrainOpt 1.6003e-02 Valid skipped LR: 2.4826e-05
Elapsed: 61851.15s Epoch 1337 TrainOpt 1.5758e-02 Valid skipped LR: 2.4758e-05
Elapsed: 61896.68s Epoch 1338 TrainOpt 1.5831e-02 Valid skipped LR: 2.4690e-05
Elapsed: 61942.69s Epoch 1339 TrainOpt 1.5900e-02 Valid skipped LR: 2.4623e-05
Elapsed: 61989.72s Epoch 1340 TrainOpt 1.6010e-02 Valid 1.6111e-02 LR: 2.4555e-05
Elapsed: 62035.23s Epoch 1341 TrainOpt 1.6021e-02 Valid skipped LR: 2.4487e-05
Elapsed: 62080.78s Epoch 1342 TrainOpt 1.5760e-02 Valid skipped LR: 2.4420e-05
Elapsed: 62126.20s Epoch 1343 TrainOpt 1.5911e-02 Valid skipped LR: 2.4352e-05
Elapsed: 62171.84s Epoch 1344 TrainOpt 1.6042e-02 Valid skipped LR: 2.4285e-05
Elapsed: 62217.36s Epoch 1345 TrainOpt 1.5710e-02 Valid skipped LR: 2.4217e-05
Elapsed: 62263.22s Epoch 1346 TrainOpt 1.5695e-02 Valid skipped LR: 2.4150e-05
Elapsed: 62309.08s Epoch 1347 TrainOpt 1.6017e-02 Valid skipped LR: 2.4082e-05
Elapsed: 62354.80s Epoch 1348 TrainOpt 1.5984e-02 Valid skipped LR: 2.4015e-05
Elapsed: 62400.53s Epoch 1349 TrainOpt 1.5621e-02 Valid skipped LR: 2.3948e-05
Elapsed: 62448.72s Epoch 1350 TrainOpt 1.6107e-02 Valid 1.6277e-02 LR: 2.3881e-05
Elapsed: 62494.40s Epoch 1351 TrainOpt 1.6238e-02 Valid skipped LR: 2.3814e-05
Elapsed: 62539.68s Epoch 1352 TrainOpt 1.6294e-02 Valid skipped LR: 2.3747e-05
Elapsed: 62584.77s Epoch 1353 TrainOpt 1.6004e-02 Valid skipped LR: 2.3680e-05
Elapsed: 62630.04s Epoch 1354 TrainOpt 1.5863e-02 Valid skipped LR: 2.3613e-05
Elapsed: 62675.83s Epoch 1355 TrainOpt 1.5662e-02 Valid skipped LR: 2.3547e-05
Elapsed: 62721.21s Epoch 1356 TrainOpt 1.5546e-02 Valid skipped LR: 2.3480e-05
Elapsed: 62766.70s Epoch 1357 TrainOpt 1.5753e-02 Valid skipped LR: 2.3413e-05
Elapsed: 62812.12s Epoch 1358 TrainOpt 1.5888e-02 Valid skipped LR: 2.3347e-05
Elapsed: 62857.77s Epoch 1359 TrainOpt 1.5836e-02 Valid skipped LR: 2.3280e-05
Elapsed: 62905.65s Epoch 1360 TrainOpt 1.5943e-02 Valid 1.6271e-02 LR: 2.3214e-05
Elapsed: 62951.15s Epoch 1361 TrainOpt 1.6027e-02 Valid skipped LR: 2.3147e-05
Elapsed: 62996.95s Epoch 1362 TrainOpt 1.6081e-02 Valid skipped LR: 2.3081e-05
Elapsed: 63042.41s Epoch 1363 TrainOpt 1.5921e-02 Valid skipped LR: 2.3015e-05
Elapsed: 63087.98s Epoch 1364 TrainOpt 1.5901e-02 Valid skipped LR: 2.2949e-05
Elapsed: 63133.23s Epoch 1365 TrainOpt 1.5970e-02 Valid skipped LR: 2.2882e-05
Elapsed: 63178.80s Epoch 1366 TrainOpt 1.6110e-02 Valid skipped LR: 2.2816e-05
Elapsed: 63224.25s Epoch 1367 TrainOpt 1.5946e-02 Valid skipped LR: 2.2750e-05
Elapsed: 63269.65s Epoch 1368 TrainOpt 1.6057e-02 Valid skipped LR: 2.2685e-05
Elapsed: 63315.01s Epoch 1369 TrainOpt 1.6005e-02 Valid skipped LR: 2.2619e-05
Elapsed: 63362.55s Epoch 1370 TrainOpt 1.5608e-02 Valid 1.6221e-02 LR: 2.2553e-05
Elapsed: 63407.35s Epoch 1371 TrainOpt 1.5700e-02 Valid skipped LR: 2.2487e-05
Elapsed: 63452.21s Epoch 1372 TrainOpt 1.5646e-02 Valid skipped LR: 2.2422e-05
Elapsed: 63497.67s Epoch 1373 TrainOpt 1.5710e-02 Valid skipped LR: 2.2356e-05
Elapsed: 63542.66s Epoch 1374 TrainOpt 1.5541e-02 Valid skipped LR: 2.2291e-05
Elapsed: 63587.54s Epoch 1375 TrainOpt 1.5712e-02 Valid skipped LR: 2.2225e-05
Elapsed: 63632.50s Epoch 1376 TrainOpt 1.5674e-02 Valid skipped LR: 2.2160e-05
Elapsed: 63677.07s Epoch 1377 TrainOpt 1.5444e-02 Valid skipped LR: 2.2095e-05
Elapsed: 63722.35s Epoch 1378 TrainOpt 1.5532e-02 Valid skipped LR: 2.2029e-05
Elapsed: 63767.35s Epoch 1379 TrainOpt 1.7199e-02 Valid skipped LR: 2.1964e-05
Elapsed: 63814.98s Epoch 1380 TrainOpt 1.6700e-02 Valid 1.6945e-02 LR: 2.1899e-05
Elapsed: 63860.05s Epoch 1381 TrainOpt 1.6561e-02 Valid skipped LR: 2.1834e-05
Elapsed: 63904.93s Epoch 1382 TrainOpt 1.6546e-02 Valid skipped LR: 2.1769e-05
Elapsed: 63950.00s Epoch 1383 TrainOpt 1.6611e-02 Valid skipped LR: 2.1704e-05
Elapsed: 63995.09s Epoch 1384 TrainOpt 1.6439e-02 Valid skipped LR: 2.1639e-05
Elapsed: 64039.97s Epoch 1385 TrainOpt 1.6239e-02 Valid skipped LR: 2.1575e-05
Elapsed: 64084.86s Epoch 1386 TrainOpt 1.6269e-02 Valid skipped LR: 2.1510e-05
Elapsed: 64129.63s Epoch 1387 TrainOpt 1.5765e-02 Valid skipped LR: 2.1445e-05
Elapsed: 64173.91s Epoch 1388 TrainOpt 1.6241e-02 Valid skipped LR: 2.1381e-05
Elapsed: 64218.36s Epoch 1389 TrainOpt 1.5817e-02 Valid skipped LR: 2.1317e-05
Elapsed: 64264.99s Epoch 1390 TrainOpt 1.5575e-02 Valid 1.5851e-02 LR: 2.1252e-05
Elapsed: 64309.59s Epoch 1391 TrainOpt 1.5819e-02 Valid skipped LR: 2.1188e-05
Elapsed: 64353.80s Epoch 1392 TrainOpt 1.5499e-02 Valid skipped LR: 2.1124e-05
Elapsed: 64398.59s Epoch 1393 TrainOpt 1.5449e-02 Valid skipped LR: 2.1059e-05
Elapsed: 64443.13s Epoch 1394 TrainOpt 1.5258e-02 Valid skipped LR: 2.0995e-05
Elapsed: 64487.29s Epoch 1395 TrainOpt 1.5344e-02 Valid skipped LR: 2.0931e-05
Elapsed: 64532.25s Epoch 1396 TrainOpt 1.5227e-02 Valid skipped LR: 2.0867e-05
Elapsed: 64576.66s Epoch 1397 TrainOpt 1.5355e-02 Valid skipped LR: 2.0804e-05
Elapsed: 64620.90s Epoch 1398 TrainOpt 1.5245e-02 Valid skipped LR: 2.0740e-05
Elapsed: 64665.56s Epoch 1399 TrainOpt 1.5220e-02 Valid skipped LR: 2.0676e-05
Elapsed: 64712.15s Epoch 1400 TrainOpt 1.5006e-02 Valid 1.5445e-02 LR: 2.0612e-05
Elapsed: 64795.40s Epoch 1401 TrainOpt 1.5308e-02 Valid skipped LR: 2.0549e-05
Elapsed: 64839.99s Epoch 1402 TrainOpt 1.4988e-02 Valid skipped LR: 2.0485e-05
Elapsed: 64885.18s Epoch 1403 TrainOpt 1.4985e-02 Valid skipped LR: 2.0422e-05
Elapsed: 64929.72s Epoch 1404 TrainOpt 1.4935e-02 Valid skipped LR: 2.0358e-05
Elapsed: 64974.27s Epoch 1405 TrainOpt 1.4850e-02 Valid skipped LR: 2.0295e-05
Elapsed: 65018.72s Epoch 1406 TrainOpt 1.4819e-02 Valid skipped LR: 2.0232e-05
Elapsed: 65063.21s Epoch 1407 TrainOpt 1.4938e-02 Valid skipped LR: 2.0169e-05
Elapsed: 65107.35s Epoch 1408 TrainOpt 1.5003e-02 Valid skipped LR: 2.0106e-05
Elapsed: 65152.24s Epoch 1409 TrainOpt 1.4960e-02 Valid skipped LR: 2.0043e-05
Elapsed: 65199.17s Epoch 1410 TrainOpt 1.4704e-02 Valid 1.5415e-02 LR: 1.9980e-05
Elapsed: 65243.89s Epoch 1411 TrainOpt 1.4690e-02 Valid skipped LR: 1.9917e-05
Elapsed: 65288.40s Epoch 1412 TrainOpt 1.4796e-02 Valid skipped LR: 1.9854e-05
Elapsed: 65332.65s Epoch 1413 TrainOpt 1.5013e-02 Valid skipped LR: 1.9791e-05
Elapsed: 65377.33s Epoch 1414 TrainOpt 1.4875e-02 Valid skipped LR: 1.9729e-05
Elapsed: 65422.19s Epoch 1415 TrainOpt 1.4948e-02 Valid skipped LR: 1.9666e-05
Elapsed: 65466.41s Epoch 1416 TrainOpt 1.4478e-02 Valid skipped LR: 1.9604e-05
Elapsed: 65511.18s Epoch 1417 TrainOpt 1.4479e-02 Valid skipped LR: 1.9541e-05
Elapsed: 65555.73s Epoch 1418 TrainOpt 1.4478e-02 Valid skipped LR: 1.9479e-05
Elapsed: 65600.01s Epoch 1419 TrainOpt 1.4382e-02 Valid skipped LR: 1.9417e-05
Elapsed: 65646.54s Epoch 1420 TrainOpt 1.4270e-02 Valid 1.4857e-02 LR: 1.9355e-05
Elapsed: 65691.29s Epoch 1421 TrainOpt 1.4453e-02 Valid skipped LR: 1.9293e-05
Elapsed: 65735.67s Epoch 1422 TrainOpt 1.4286e-02 Valid skipped LR: 1.9231e-05
Elapsed: 65780.64s Epoch 1423 TrainOpt 1.4213e-02 Valid skipped LR: 1.9169e-05
Elapsed: 65825.15s Epoch 1424 TrainOpt 1.4242e-02 Valid skipped LR: 1.9107e-05
Elapsed: 65869.66s Epoch 1425 TrainOpt 1.4121e-02 Valid skipped LR: 1.9045e-05
Elapsed: 65914.24s Epoch 1426 TrainOpt 1.6295e-02 Valid skipped LR: 1.8983e-05
Elapsed: 65958.40s Epoch 1427 TrainOpt 1.4852e-02 Valid skipped LR: 1.8922e-05
Elapsed: 66003.18s Epoch 1428 TrainOpt 1.4228e-02 Valid skipped LR: 1.8860e-05
Elapsed: 66047.61s Epoch 1429 TrainOpt 1.4418e-02 Valid skipped LR: 1.8799e-05
Elapsed: 66094.03s Epoch 1430 TrainOpt 1.4139e-02 Valid 1.4741e-02 LR: 1.8737e-05
Elapsed: 66138.29s Epoch 1431 TrainOpt 1.4110e-02 Valid skipped LR: 1.8676e-05
Elapsed: 66182.84s Epoch 1432 TrainOpt 1.3846e-02 Valid skipped LR: 1.8615e-05
Elapsed: 66227.41s Epoch 1433 TrainOpt 1.4058e-02 Valid skipped LR: 1.8553e-05
Elapsed: 66271.73s Epoch 1434 TrainOpt 1.3983e-02 Valid skipped LR: 1.8492e-05
Elapsed: 66316.38s Epoch 1435 TrainOpt 1.3880e-02 Valid skipped LR: 1.8431e-05
Elapsed: 66360.85s Epoch 1436 TrainOpt 1.3929e-02 Valid skipped LR: 1.8370e-05
Elapsed: 66405.68s Epoch 1437 TrainOpt 1.3894e-02 Valid skipped LR: 1.8309e-05
Elapsed: 66450.25s Epoch 1438 TrainOpt 1.3959e-02 Valid skipped LR: 1.8249e-05
Elapsed: 66495.00s Epoch 1439 TrainOpt 1.3914e-02 Valid skipped LR: 1.8188e-05
Elapsed: 66541.42s Epoch 1440 TrainOpt 1.3822e-02 Valid 1.4607e-02 LR: 1.8127e-05
Elapsed: 66586.19s Epoch 1441 TrainOpt 1.3701e-02 Valid skipped LR: 1.8067e-05
Elapsed: 66630.48s Epoch 1442 TrainOpt 1.3790e-02 Valid skipped LR: 1.8006e-05
Elapsed: 66675.03s Epoch 1443 TrainOpt 1.3676e-02 Valid skipped LR: 1.7946e-05
Elapsed: 66719.15s Epoch 1444 TrainOpt 1.3758e-02 Valid skipped LR: 1.7886e-05
Elapsed: 66763.75s Epoch 1445 TrainOpt 1.3909e-02 Valid skipped LR: 1.7825e-05
Elapsed: 66808.18s Epoch 1446 TrainOpt 1.4361e-02 Valid skipped LR: 1.7765e-05
Elapsed: 66852.92s Epoch 1447 TrainOpt 1.4134e-02 Valid skipped LR: 1.7705e-05
Elapsed: 66897.37s Epoch 1448 TrainOpt 1.4089e-02 Valid skipped LR: 1.7645e-05
Elapsed: 66941.97s Epoch 1449 TrainOpt 1.3977e-02 Valid skipped LR: 1.7585e-05
Elapsed: 66988.44s Epoch 1450 TrainOpt 1.3865e-02 Valid 1.4783e-02 LR: 1.7525e-05
Elapsed: 67032.79s Epoch 1451 TrainOpt 1.3780e-02 Valid skipped LR: 1.7466e-05
Elapsed: 67077.02s Epoch 1452 TrainOpt 1.3937e-02 Valid skipped LR: 1.7406e-05
Elapsed: 67121.57s Epoch 1453 TrainOpt 1.3811e-02 Valid skipped LR: 1.7346e-05
Elapsed: 67166.08s Epoch 1454 TrainOpt 1.3873e-02 Valid skipped LR: 1.7287e-05
Elapsed: 67210.16s Epoch 1455 TrainOpt 1.3720e-02 Valid skipped LR: 1.7227e-05
Elapsed: 67254.64s Epoch 1456 TrainOpt 1.3884e-02 Valid skipped LR: 1.7168e-05
Elapsed: 67299.01s Epoch 1457 TrainOpt 1.3817e-02 Valid skipped LR: 1.7109e-05
Elapsed: 67343.33s Epoch 1458 TrainOpt 1.3761e-02 Valid skipped LR: 1.7050e-05
Elapsed: 67387.72s Epoch 1459 TrainOpt 1.3734e-02 Valid skipped LR: 1.6991e-05
Elapsed: 67433.89s Epoch 1460 TrainOpt 1.3621e-02 Valid 1.4577e-02 LR: 1.6932e-05
Elapsed: 67478.84s Epoch 1461 TrainOpt 1.3810e-02 Valid skipped LR: 1.6873e-05
Elapsed: 67523.42s Epoch 1462 TrainOpt 1.3641e-02 Valid skipped LR: 1.6814e-05
Elapsed: 67567.82s Epoch 1463 TrainOpt 1.3657e-02 Valid skipped LR: 1.6755e-05
Elapsed: 67612.32s Epoch 1464 TrainOpt 1.3970e-02 Valid skipped LR: 1.6696e-05
Elapsed: 67656.56s Epoch 1465 TrainOpt 1.3950e-02 Valid skipped LR: 1.6638e-05
Elapsed: 67700.79s Epoch 1466 TrainOpt 1.3775e-02 Valid skipped LR: 1.6579e-05
Elapsed: 67745.02s Epoch 1467 TrainOpt 1.3598e-02 Valid skipped LR: 1.6521e-05
Elapsed: 67788.92s Epoch 1468 TrainOpt 1.3563e-02 Valid skipped LR: 1.6462e-05
Elapsed: 67832.98s Epoch 1469 TrainOpt 1.3882e-02 Valid skipped LR: 1.6404e-05
Elapsed: 67878.82s Epoch 1470 TrainOpt 1.3736e-02 Valid 1.4710e-02 LR: 1.6346e-05
Elapsed: 67922.48s Epoch 1471 TrainOpt 1.3637e-02 Valid skipped LR: 1.6288e-05
Elapsed: 67966.37s Epoch 1472 TrainOpt 1.3723e-02 Valid skipped LR: 1.6230e-05
Elapsed: 68010.26s Epoch 1473 TrainOpt 1.3846e-02 Valid skipped LR: 1.6172e-05
Elapsed: 68054.38s Epoch 1474 TrainOpt 1.3886e-02 Valid skipped LR: 1.6114e-05
Elapsed: 68098.15s Epoch 1475 TrainOpt 1.3717e-02 Valid skipped LR: 1.6056e-05
Elapsed: 68142.32s Epoch 1476 TrainOpt 1.3742e-02 Valid skipped LR: 1.5998e-05
Elapsed: 68186.26s Epoch 1477 TrainOpt 1.3739e-02 Valid skipped LR: 1.5941e-05
Elapsed: 68230.28s Epoch 1478 TrainOpt 1.3628e-02 Valid skipped LR: 1.5883e-05
Elapsed: 68274.44s Epoch 1479 TrainOpt 1.3826e-02 Valid skipped LR: 1.5826e-05
Elapsed: 68320.57s Epoch 1480 TrainOpt 1.3761e-02 Valid 1.4609e-02 LR: 1.5768e-05
Elapsed: 68364.31s Epoch 1481 TrainOpt 1.3724e-02 Valid skipped LR: 1.5711e-05
Elapsed: 68407.84s Epoch 1482 TrainOpt 1.3652e-02 Valid skipped LR: 1.5654e-05
Elapsed: 68451.62s Epoch 1483 TrainOpt 1.3784e-02 Valid skipped LR: 1.5597e-05
Elapsed: 68495.65s Epoch 1484 TrainOpt 1.3707e-02 Valid skipped LR: 1.5540e-05
Elapsed: 68539.43s Epoch 1485 TrainOpt 1.3718e-02 Valid skipped LR: 1.5483e-05
Elapsed: 68583.24s Epoch 1486 TrainOpt 1.3742e-02 Valid skipped LR: 1.5426e-05
Elapsed: 68627.50s Epoch 1487 TrainOpt 1.3643e-02 Valid skipped LR: 1.5369e-05
Elapsed: 68671.20s Epoch 1488 TrainOpt 1.3754e-02 Valid skipped LR: 1.5313e-05
Elapsed: 68715.19s Epoch 1489 TrainOpt 1.3684e-02 Valid skipped LR: 1.5256e-05
Elapsed: 68761.62s Epoch 1490 TrainOpt 1.3627e-02 Valid 1.4625e-02 LR: 1.5200e-05
Elapsed: 68805.61s Epoch 1491 TrainOpt 1.3665e-02 Valid skipped LR: 1.5143e-05
Elapsed: 68849.56s Epoch 1492 TrainOpt 1.3559e-02 Valid skipped LR: 1.5087e-05
Elapsed: 68893.69s Epoch 1493 TrainOpt 1.3457e-02 Valid skipped LR: 1.5031e-05
Elapsed: 68937.67s Epoch 1494 TrainOpt 1.5520e-02 Valid skipped LR: 1.4974e-05
Elapsed: 68981.62s Epoch 1495 TrainOpt 1.5501e-02 Valid skipped LR: 1.4918e-05
Elapsed: 69025.65s Epoch 1496 TrainOpt 1.4661e-02 Valid skipped LR: 1.4862e-05
Elapsed: 69069.45s Epoch 1497 TrainOpt 1.4768e-02 Valid skipped LR: 1.4806e-05
Elapsed: 69113.41s Epoch 1498 TrainOpt 1.4534e-02 Valid skipped LR: 1.4751e-05
Elapsed: 69157.68s Epoch 1499 TrainOpt 1.4442e-02 Valid skipped LR: 1.4695e-05
Elapsed: 69203.67s Epoch 1500 TrainOpt 1.4513e-02 Valid 1.5155e-02 LR: 1.4639e-05
Elapsed: 69283.09s Epoch 1501 TrainOpt 1.4600e-02 Valid skipped LR: 1.4584e-05
Elapsed: 69326.95s Epoch 1502 TrainOpt 1.4465e-02 Valid skipped LR: 1.4528e-05
Elapsed: 69370.79s Epoch 1503 TrainOpt 1.4325e-02 Valid skipped LR: 1.4473e-05
Elapsed: 69414.82s Epoch 1504 TrainOpt 1.4496e-02 Valid skipped LR: 1.4418e-05
Elapsed: 69458.71s Epoch 1505 TrainOpt 1.4168e-02 Valid skipped LR: 1.4362e-05
Elapsed: 69502.64s Epoch 1506 TrainOpt 1.4293e-02 Valid skipped LR: 1.4307e-05
Elapsed: 69546.60s Epoch 1507 TrainOpt 1.4063e-02 Valid skipped LR: 1.4252e-05
Elapsed: 69590.39s Epoch 1508 TrainOpt 1.4042e-02 Valid skipped LR: 1.4197e-05
Elapsed: 69634.22s Epoch 1509 TrainOpt 1.4255e-02 Valid skipped LR: 1.4143e-05
Elapsed: 69680.37s Epoch 1510 TrainOpt 1.4384e-02 Valid 1.4932e-02 LR: 1.4088e-05
Elapsed: 69724.31s Epoch 1511 TrainOpt 1.4232e-02 Valid skipped LR: 1.4033e-05
Elapsed: 69768.29s Epoch 1512 TrainOpt 1.4118e-02 Valid skipped LR: 1.3979e-05
Elapsed: 69812.60s Epoch 1513 TrainOpt 1.4003e-02 Valid skipped LR: 1.3924e-05
Elapsed: 69856.41s Epoch 1514 TrainOpt 1.4034e-02 Valid skipped LR: 1.3870e-05
Elapsed: 69900.34s Epoch 1515 TrainOpt 1.4437e-02 Valid skipped LR: 1.3815e-05
Elapsed: 69944.54s Epoch 1516 TrainOpt 1.6340e-02 Valid skipped LR: 1.3761e-05
Elapsed: 69988.29s Epoch 1517 TrainOpt 1.5472e-02 Valid skipped LR: 1.3707e-05
Elapsed: 70032.39s Epoch 1518 TrainOpt 1.5405e-02 Valid skipped LR: 1.3653e-05
Elapsed: 70076.28s Epoch 1519 TrainOpt 1.5269e-02 Valid skipped LR: 1.3599e-05
Elapsed: 70122.42s Epoch 1520 TrainOpt 1.4952e-02 Valid 1.5887e-02 LR: 1.3545e-05
Elapsed: 70166.44s Epoch 1521 TrainOpt 1.4663e-02 Valid skipped LR: 1.3491e-05
Elapsed: 70210.03s Epoch 1522 TrainOpt 1.4748e-02 Valid skipped LR: 1.3438e-05
Elapsed: 70253.82s Epoch 1523 TrainOpt 1.4912e-02 Valid skipped LR: 1.3384e-05
Elapsed: 70297.78s Epoch 1524 TrainOpt 1.4989e-02 Valid skipped LR: 1.3331e-05
Elapsed: 70341.73s Epoch 1525 TrainOpt 1.5061e-02 Valid skipped LR: 1.3277e-05
Elapsed: 70385.33s Epoch 1526 TrainOpt 1.4821e-02 Valid skipped LR: 1.3224e-05
Elapsed: 70429.11s Epoch 1527 TrainOpt 1.4932e-02 Valid skipped LR: 1.3171e-05
Elapsed: 70472.69s Epoch 1528 TrainOpt 1.4689e-02 Valid skipped LR: 1.3118e-05
Elapsed: 70516.62s Epoch 1529 TrainOpt 1.4632e-02 Valid skipped LR: 1.3064e-05
Elapsed: 70562.70s Epoch 1530 TrainOpt 1.4464e-02 Valid 1.5220e-02 LR: 1.3012e-05
Elapsed: 70606.54s Epoch 1531 TrainOpt 1.4684e-02 Valid skipped LR: 1.2959e-05
Elapsed: 70650.72s Epoch 1532 TrainOpt 1.4508e-02 Valid skipped LR: 1.2906e-05
Elapsed: 70694.78s Epoch 1533 TrainOpt 1.4256e-02 Valid skipped LR: 1.2853e-05
Elapsed: 70738.75s Epoch 1534 TrainOpt 1.4230e-02 Valid skipped LR: 1.2801e-05
Elapsed: 70782.44s Epoch 1535 TrainOpt 1.4563e-02 Valid skipped LR: 1.2748e-05
Elapsed: 70826.49s Epoch 1536 TrainOpt 1.4516e-02 Valid skipped LR: 1.2696e-05
Elapsed: 70870.26s Epoch 1537 TrainOpt 1.4444e-02 Valid skipped LR: 1.2643e-05
Elapsed: 70914.58s Epoch 1538 TrainOpt 1.4387e-02 Valid skipped LR: 1.2591e-05
Elapsed: 70958.85s Epoch 1539 TrainOpt 1.4287e-02 Valid skipped LR: 1.2539e-05
Elapsed: 71005.01s Epoch 1540 TrainOpt 1.4575e-02 Valid 1.5490e-02 LR: 1.2487e-05
Elapsed: 71048.86s Epoch 1541 TrainOpt 1.4696e-02 Valid skipped LR: 1.2435e-05
Elapsed: 71093.19s Epoch 1542 TrainOpt 1.4632e-02 Valid skipped LR: 1.2383e-05
Elapsed: 71137.22s Epoch 1543 TrainOpt 1.4723e-02 Valid skipped LR: 1.2332e-05
Elapsed: 71181.20s Epoch 1544 TrainOpt 1.4836e-02 Valid skipped LR: 1.2280e-05
Elapsed: 71225.22s Epoch 1545 TrainOpt 1.4846e-02 Valid skipped LR: 1.2228e-05
Elapsed: 71269.41s Epoch 1546 TrainOpt 1.4788e-02 Valid skipped LR: 1.2177e-05
Elapsed: 71313.26s Epoch 1547 TrainOpt 1.4521e-02 Valid skipped LR: 1.2125e-05
Elapsed: 71356.97s Epoch 1548 TrainOpt 1.4456e-02 Valid skipped LR: 1.2074e-05
Elapsed: 71400.92s Epoch 1549 TrainOpt 1.4328e-02 Valid skipped LR: 1.2023e-05
Elapsed: 71447.15s Epoch 1550 TrainOpt 1.4217e-02 Valid 1.5301e-02 LR: 1.1972e-05
Elapsed: 71491.15s Epoch 1551 TrainOpt 1.4328e-02 Valid skipped LR: 1.1921e-05
Elapsed: 71535.25s Epoch 1552 TrainOpt 1.4115e-02 Valid skipped LR: 1.1870e-05
Elapsed: 71579.47s Epoch 1553 TrainOpt 1.4127e-02 Valid skipped LR: 1.1819e-05
Elapsed: 71623.11s Epoch 1554 TrainOpt 1.4209e-02 Valid skipped LR: 1.1768e-05
Elapsed: 71667.03s Epoch 1555 TrainOpt 1.4515e-02 Valid skipped LR: 1.1718e-05
Elapsed: 71711.26s Epoch 1556 TrainOpt 1.4274e-02 Valid skipped LR: 1.1667e-05
Elapsed: 71755.25s Epoch 1557 TrainOpt 1.4099e-02 Valid skipped LR: 1.1617e-05
Elapsed: 71799.12s Epoch 1558 TrainOpt 1.4027e-02 Valid skipped LR: 1.1567e-05
Elapsed: 71842.96s Epoch 1559 TrainOpt 1.4087e-02 Valid skipped LR: 1.1516e-05
Elapsed: 71889.09s Epoch 1560 TrainOpt 1.4174e-02 Valid 1.4955e-02 LR: 1.1466e-05
Elapsed: 71932.84s Epoch 1561 TrainOpt 1.4061e-02 Valid skipped LR: 1.1416e-05
Elapsed: 71976.93s Epoch 1562 TrainOpt 1.4109e-02 Valid skipped LR: 1.1366e-05
Elapsed: 72020.86s Epoch 1563 TrainOpt 1.4146e-02 Valid skipped LR: 1.1316e-05
Elapsed: 72064.84s Epoch 1564 TrainOpt 1.4282e-02 Valid skipped LR: 1.1267e-05
Elapsed: 72108.83s Epoch 1565 TrainOpt 1.4327e-02 Valid skipped LR: 1.1217e-05
Elapsed: 72152.85s Epoch 1566 TrainOpt 1.4022e-02 Valid skipped LR: 1.1167e-05
Elapsed: 72196.96s Epoch 1567 TrainOpt 1.4040e-02 Valid skipped LR: 1.1118e-05
Elapsed: 72241.18s Epoch 1568 TrainOpt 1.4030e-02 Valid skipped LR: 1.1068e-05
Elapsed: 72284.86s Epoch 1569 TrainOpt 1.4334e-02 Valid skipped LR: 1.1019e-05
Elapsed: 72331.14s Epoch 1570 TrainOpt 1.4207e-02 Valid 1.5263e-02 LR: 1.0970e-05
Elapsed: 72375.25s Epoch 1571 TrainOpt 1.4011e-02 Valid skipped LR: 1.0921e-05
Elapsed: 72419.22s Epoch 1572 TrainOpt 1.4045e-02 Valid skipped LR: 1.0872e-05
Elapsed: 72463.27s Epoch 1573 TrainOpt 1.3961e-02 Valid skipped LR: 1.0823e-05
Elapsed: 72507.12s Epoch 1574 TrainOpt 1.4046e-02 Valid skipped LR: 1.0774e-05
Elapsed: 72551.46s Epoch 1575 TrainOpt 1.4020e-02 Valid skipped LR: 1.0725e-05
Elapsed: 72595.43s Epoch 1576 TrainOpt 1.4101e-02 Valid skipped LR: 1.0677e-05
Elapsed: 72639.20s Epoch 1577 TrainOpt 1.4103e-02 Valid skipped LR: 1.0628e-05
Elapsed: 72683.16s Epoch 1578 TrainOpt 1.4405e-02 Valid skipped LR: 1.0580e-05
Elapsed: 72727.63s Epoch 1579 TrainOpt 1.4257e-02 Valid skipped LR: 1.0532e-05
Elapsed: 72773.41s Epoch 1580 TrainOpt 1.4216e-02 Valid 1.5260e-02 LR: 1.0483e-05
Elapsed: 72817.58s Epoch 1581 TrainOpt 1.4117e-02 Valid skipped LR: 1.0435e-05
Elapsed: 72861.69s Epoch 1582 TrainOpt 1.4075e-02 Valid skipped LR: 1.0387e-05
Elapsed: 72905.71s Epoch 1583 TrainOpt 1.4275e-02 Valid skipped LR: 1.0339e-05
Elapsed: 72949.66s Epoch 1584 TrainOpt 1.4158e-02 Valid skipped LR: 1.0291e-05
Elapsed: 72993.76s Epoch 1585 TrainOpt 1.4043e-02 Valid skipped LR: 1.0244e-05
Elapsed: 73037.48s Epoch 1586 TrainOpt 1.3981e-02 Valid skipped LR: 1.0196e-05
Elapsed: 73081.35s Epoch 1587 TrainOpt 1.3876e-02 Valid skipped LR: 1.0149e-05
Elapsed: 73125.10s Epoch 1588 TrainOpt 1.3878e-02 Valid skipped LR: 1.0101e-05
Elapsed: 73169.20s Epoch 1589 TrainOpt 1.3872e-02 Valid skipped LR: 1.0054e-05
Elapsed: 73215.62s Epoch 1590 TrainOpt 1.3905e-02 Valid 1.5070e-02 LR: 1.0007e-05
Elapsed: 73259.46s Epoch 1591 TrainOpt 1.3938e-02 Valid skipped LR: 9.9595e-06
Elapsed: 73303.16s Epoch 1592 TrainOpt 1.3900e-02 Valid skipped LR: 9.9124e-06
Elapsed: 73347.28s Epoch 1593 TrainOpt 1.4011e-02 Valid skipped LR: 9.8655e-06
Elapsed: 73391.13s Epoch 1594 TrainOpt 1.3963e-02 Valid skipped LR: 9.8186e-06
Elapsed: 73435.15s Epoch 1595 TrainOpt 1.3966e-02 Valid skipped LR: 9.7719e-06
Elapsed: 73479.37s Epoch 1596 TrainOpt 1.4075e-02 Valid skipped LR: 9.7253e-06
Elapsed: 73523.18s Epoch 1597 TrainOpt 1.4006e-02 Valid skipped LR: 9.6787e-06
Elapsed: 73567.08s Epoch 1598 TrainOpt 1.3953e-02 Valid skipped LR: 9.6323e-06
Elapsed: 73611.16s Epoch 1599 TrainOpt 1.3976e-02 Valid skipped LR: 9.5860e-06
Elapsed: 73657.24s Epoch 1600 TrainOpt 1.3938e-02 Valid 1.5233e-02 LR: 9.5397e-06
Elapsed: 73736.55s Epoch 1601 TrainOpt 1.3838e-02 Valid skipped LR: 9.4936e-06
Elapsed: 73780.66s Epoch 1602 TrainOpt 1.3848e-02 Valid skipped LR: 9.4475e-06
Elapsed: 73824.31s Epoch 1603 TrainOpt 1.3866e-02 Valid skipped LR: 9.4016e-06
Elapsed: 73868.43s Epoch 1604 TrainOpt 1.4130e-02 Valid skipped LR: 9.3558e-06
Elapsed: 73912.41s Epoch 1605 TrainOpt 1.4378e-02 Valid skipped LR: 9.3100e-06
Elapsed: 73956.16s Epoch 1606 TrainOpt 1.4151e-02 Valid skipped LR: 9.2644e-06
Elapsed: 73999.93s Epoch 1607 TrainOpt 1.3983e-02 Valid skipped LR: 9.2188e-06
Elapsed: 74043.93s Epoch 1608 TrainOpt 1.3912e-02 Valid skipped LR: 9.1734e-06
Elapsed: 74087.83s Epoch 1609 TrainOpt 1.4137e-02 Valid skipped LR: 9.1281e-06
Elapsed: 74134.39s Epoch 1610 TrainOpt 1.4131e-02 Valid 1.5376e-02 LR: 9.0828e-06
Elapsed: 74178.67s Epoch 1611 TrainOpt 1.4014e-02 Valid skipped LR: 9.0377e-06
Elapsed: 74222.81s Epoch 1612 TrainOpt 1.4116e-02 Valid skipped LR: 8.9927e-06
Elapsed: 74266.88s Epoch 1613 TrainOpt 1.3963e-02 Valid skipped LR: 8.9478e-06
Elapsed: 74310.94s Epoch 1614 TrainOpt 1.3816e-02 Valid skipped LR: 8.9029e-06
Elapsed: 74354.86s Epoch 1615 TrainOpt 1.4014e-02 Valid skipped LR: 8.8582e-06
Elapsed: 74399.16s Epoch 1616 TrainOpt 1.4113e-02 Valid skipped LR: 8.8136e-06
Elapsed: 74443.47s Epoch 1617 TrainOpt 1.4180e-02 Valid skipped LR: 8.7691e-06
Elapsed: 74487.40s Epoch 1618 TrainOpt 1.4246e-02 Valid skipped LR: 8.7246e-06
Elapsed: 74531.33s Epoch 1619 TrainOpt 1.4075e-02 Valid skipped LR: 8.6803e-06
Elapsed: 74577.39s Epoch 1620 TrainOpt 1.4086e-02 Valid 1.5612e-02 LR: 8.6361e-06
Elapsed: 74621.64s Epoch 1621 TrainOpt 1.4227e-02 Valid skipped LR: 8.5920e-06
Elapsed: 74665.63s Epoch 1622 TrainOpt 1.4051e-02 Valid skipped LR: 8.5480e-06
Elapsed: 74709.64s Epoch 1623 TrainOpt 1.4093e-02 Valid skipped LR: 8.5041e-06
Elapsed: 74753.60s Epoch 1624 TrainOpt 1.3882e-02 Valid skipped LR: 8.4603e-06
Elapsed: 74797.52s Epoch 1625 TrainOpt 1.4124e-02 Valid skipped LR: 8.4166e-06
Elapsed: 74841.35s Epoch 1626 TrainOpt 1.4244e-02 Valid skipped LR: 8.3730e-06
Elapsed: 74885.17s Epoch 1627 TrainOpt 1.4441e-02 Valid skipped LR: 8.3295e-06
Elapsed: 74929.18s Epoch 1628 TrainOpt 1.4263e-02 Valid skipped LR: 8.2861e-06
Elapsed: 74972.98s Epoch 1629 TrainOpt 1.4138e-02 Valid skipped LR: 8.2428e-06
Elapsed: 75019.36s Epoch 1630 TrainOpt 1.4113e-02 Valid 1.5646e-02 LR: 8.1996e-06
Elapsed: 75063.28s Epoch 1631 TrainOpt 1.4287e-02 Valid skipped LR: 8.1565e-06
Elapsed: 75107.41s Epoch 1632 TrainOpt 1.4425e-02 Valid skipped LR: 8.1135e-06
Elapsed: 75151.47s Epoch 1633 TrainOpt 1.4235e-02 Valid skipped LR: 8.0707e-06
Elapsed: 75195.50s Epoch 1634 TrainOpt 1.4136e-02 Valid skipped LR: 8.0279e-06
Elapsed: 75239.78s Epoch 1635 TrainOpt 1.3901e-02 Valid skipped LR: 7.9852e-06
Elapsed: 75283.79s Epoch 1636 TrainOpt 1.3859e-02 Valid skipped LR: 7.9427e-06
Elapsed: 75327.86s Epoch 1637 TrainOpt 1.3815e-02 Valid skipped LR: 7.9002e-06
Elapsed: 75372.39s Epoch 1638 TrainOpt 1.3891e-02 Valid skipped LR: 7.8578e-06
Elapsed: 75416.50s Epoch 1639 TrainOpt 1.3964e-02 Valid skipped LR: 7.8156e-06
Elapsed: 75462.61s Epoch 1640 TrainOpt 1.4086e-02 Valid 1.5487e-02 LR: 7.7735e-06
Elapsed: 75506.74s Epoch 1641 TrainOpt 1.3959e-02 Valid skipped LR: 7.7314e-06
Elapsed: 75550.79s Epoch 1642 TrainOpt 1.3922e-02 Valid skipped LR: 7.6895e-06
Elapsed: 75594.79s Epoch 1643 TrainOpt 1.3876e-02 Valid skipped LR: 7.6476e-06
Elapsed: 75638.87s Epoch 1644 TrainOpt 1.3928e-02 Valid skipped LR: 7.6059e-06
Elapsed: 75683.20s Epoch 1645 TrainOpt 1.3814e-02 Valid skipped LR: 7.5643e-06
Elapsed: 75727.29s Epoch 1646 TrainOpt 1.3785e-02 Valid skipped LR: 7.5228e-06
Elapsed: 75771.42s Epoch 1647 TrainOpt 1.3695e-02 Valid skipped LR: 7.4814e-06
Elapsed: 75815.61s Epoch 1648 TrainOpt 1.3619e-02 Valid skipped LR: 7.4400e-06
Elapsed: 75859.62s Epoch 1649 TrainOpt 1.3665e-02 Valid skipped LR: 7.3988e-06
Elapsed: 75906.04s Epoch 1650 TrainOpt 1.3664e-02 Valid 1.4853e-02 LR: 7.3577e-06
Elapsed: 75950.21s Epoch 1651 TrainOpt 1.3580e-02 Valid skipped LR: 7.3168e-06
Elapsed: 75994.29s Epoch 1652 TrainOpt 1.3687e-02 Valid skipped LR: 7.2759e-06
Elapsed: 76038.46s Epoch 1653 TrainOpt 1.3701e-02 Valid skipped LR: 7.2351e-06
Elapsed: 76082.52s Epoch 1654 TrainOpt 1.3607e-02 Valid skipped LR: 7.1944e-06
Elapsed: 76126.39s Epoch 1655 TrainOpt 1.3669e-02 Valid skipped LR: 7.1538e-06
Elapsed: 76170.27s Epoch 1656 TrainOpt 1.3600e-02 Valid skipped LR: 7.1134e-06
Elapsed: 76214.29s Epoch 1657 TrainOpt 1.3604e-02 Valid skipped LR: 7.0730e-06
Elapsed: 76258.35s Epoch 1658 TrainOpt 1.3592e-02 Valid skipped LR: 7.0328e-06
Elapsed: 76302.26s Epoch 1659 TrainOpt 1.3615e-02 Valid skipped LR: 6.9926e-06
Elapsed: 76348.36s Epoch 1660 TrainOpt 1.3756e-02 Valid 1.5089e-02 LR: 6.9526e-06
Elapsed: 76392.39s Epoch 1661 TrainOpt 1.3700e-02 Valid skipped LR: 6.9127e-06
Elapsed: 76436.15s Epoch 1662 TrainOpt 1.3725e-02 Valid skipped LR: 6.8728e-06
Elapsed: 76479.97s Epoch 1663 TrainOpt 1.3606e-02 Valid skipped LR: 6.8331e-06
Elapsed: 76523.88s Epoch 1664 TrainOpt 1.3598e-02 Valid skipped LR: 6.7935e-06
Elapsed: 76567.76s Epoch 1665 TrainOpt 1.3563e-02 Valid skipped LR: 6.7540e-06
Elapsed: 76611.54s Epoch 1666 TrainOpt 1.3700e-02 Valid skipped LR: 6.7146e-06
Elapsed: 76655.82s Epoch 1667 TrainOpt 1.3762e-02 Valid skipped LR: 6.6753e-06
Elapsed: 76699.51s Epoch 1668 TrainOpt 1.3643e-02 Valid skipped LR: 6.6361e-06
Elapsed: 76743.44s Epoch 1669 TrainOpt 1.3722e-02 Valid skipped LR: 6.5971e-06
Elapsed: 76789.93s Epoch 1670 TrainOpt 1.3644e-02 Valid 1.5000e-02 LR: 6.5581e-06
Elapsed: 76833.91s Epoch 1671 TrainOpt 1.3627e-02 Valid skipped LR: 6.5192e-06
Elapsed: 76877.94s Epoch 1672 TrainOpt 1.3633e-02 Valid skipped LR: 6.4805e-06
Elapsed: 76921.67s Epoch 1673 TrainOpt 1.3727e-02 Valid skipped LR: 6.4418e-06
Elapsed: 76965.72s Epoch 1674 TrainOpt 1.3618e-02 Valid skipped LR: 6.4033e-06
Elapsed: 77009.82s Epoch 1675 TrainOpt 1.3588e-02 Valid skipped LR: 6.3649e-06
Elapsed: 77053.97s Epoch 1676 TrainOpt 1.3575e-02 Valid skipped LR: 6.3266e-06
Elapsed: 77097.84s Epoch 1677 TrainOpt 1.3567e-02 Valid skipped LR: 6.2883e-06
Elapsed: 77142.70s Epoch 1678 TrainOpt 1.3667e-02 Valid skipped LR: 6.2502e-06
Elapsed: 77186.64s Epoch 1679 TrainOpt 1.3637e-02 Valid skipped LR: 6.2122e-06
Elapsed: 77232.53s Epoch 1680 TrainOpt 1.3572e-02 Valid 1.5112e-02 LR: 6.1744e-06
Elapsed: 77276.53s Epoch 1681 TrainOpt 1.3632e-02 Valid skipped LR: 6.1366e-06
Elapsed: 77320.69s Epoch 1682 TrainOpt 1.3522e-02 Valid skipped LR: 6.0989e-06
Elapsed: 77364.58s Epoch 1683 TrainOpt 1.3599e-02 Valid skipped LR: 6.0613e-06
Elapsed: 77408.45s Epoch 1684 TrainOpt 1.3527e-02 Valid skipped LR: 6.0239e-06
Elapsed: 77452.19s Epoch 1685 TrainOpt 1.3445e-02 Valid skipped LR: 5.9865e-06
Elapsed: 77496.32s Epoch 1686 TrainOpt 1.3554e-02 Valid skipped LR: 5.9493e-06
Elapsed: 77540.65s Epoch 1687 TrainOpt 1.3488e-02 Valid skipped LR: 5.9122e-06
Elapsed: 77584.59s Epoch 1688 TrainOpt 1.3479e-02 Valid skipped LR: 5.8752e-06
Elapsed: 77628.49s Epoch 1689 TrainOpt 1.3509e-02 Valid skipped LR: 5.8383e-06
Elapsed: 77674.72s Epoch 1690 TrainOpt 1.3493e-02 Valid 1.5019e-02 LR: 5.8015e-06
Elapsed: 77718.59s Epoch 1691 TrainOpt 1.3565e-02 Valid skipped LR: 5.7648e-06
Elapsed: 77762.66s Epoch 1692 TrainOpt 1.3509e-02 Valid skipped LR: 5.7282e-06
Elapsed: 77806.83s Epoch 1693 TrainOpt 1.3526e-02 Valid skipped LR: 5.6917e-06
Elapsed: 77850.69s Epoch 1694 TrainOpt 1.3485e-02 Valid skipped LR: 5.6554e-06
Elapsed: 77894.79s Epoch 1695 TrainOpt 1.3601e-02 Valid skipped LR: 5.6191e-06
Elapsed: 77939.06s Epoch 1696 TrainOpt 1.3578e-02 Valid skipped LR: 5.5830e-06
Elapsed: 77982.75s Epoch 1697 TrainOpt 1.3575e-02 Valid skipped LR: 5.5469e-06
Elapsed: 78027.35s Epoch 1698 TrainOpt 1.3511e-02 Valid skipped LR: 5.5110e-06
Elapsed: 78071.14s Epoch 1699 TrainOpt 1.3471e-02 Valid skipped LR: 5.4752e-06
Elapsed: 78117.28s Epoch 1700 TrainOpt 1.3485e-02 Valid 1.5032e-02 LR: 5.4395e-06
Elapsed: 78198.83s Epoch 1701 TrainOpt 1.3444e-02 Valid skipped LR: 5.4039e-06
Elapsed: 78243.20s Epoch 1702 TrainOpt 1.3422e-02 Valid skipped LR: 5.3684e-06
Elapsed: 78287.26s Epoch 1703 TrainOpt 1.3472e-02 Valid skipped LR: 5.3331e-06
Elapsed: 78331.51s Epoch 1704 TrainOpt 1.3456e-02 Valid skipped LR: 5.2978e-06
Elapsed: 78375.49s Epoch 1705 TrainOpt 1.3421e-02 Valid skipped LR: 5.2627e-06
Elapsed: 78419.41s Epoch 1706 TrainOpt 1.3413e-02 Valid skipped LR: 5.2276e-06
Elapsed: 78463.50s Epoch 1707 TrainOpt 1.3446e-02 Valid skipped LR: 5.1927e-06
Elapsed: 78507.44s Epoch 1708 TrainOpt 1.3362e-02 Valid skipped LR: 5.1579e-06
Elapsed: 78551.37s Epoch 1709 TrainOpt 1.3350e-02 Valid skipped LR: 5.1232e-06
Elapsed: 78597.64s Epoch 1710 TrainOpt 1.3354e-02 Valid 1.4871e-02 LR: 5.0886e-06
Elapsed: 78641.60s Epoch 1711 TrainOpt 1.3439e-02 Valid skipped LR: 5.0541e-06
Elapsed: 78685.65s Epoch 1712 TrainOpt 1.3397e-02 Valid skipped LR: 5.0197e-06
Elapsed: 78729.92s Epoch 1713 TrainOpt 1.3358e-02 Valid skipped LR: 4.9855e-06
Elapsed: 78774.07s Epoch 1714 TrainOpt 1.3386e-02 Valid skipped LR: 4.9513e-06
Elapsed: 78817.98s Epoch 1715 TrainOpt 1.3386e-02 Valid skipped LR: 4.9173e-06
Elapsed: 78861.90s Epoch 1716 TrainOpt 1.3352e-02 Valid skipped LR: 4.8834e-06
Elapsed: 78906.02s Epoch 1717 TrainOpt 1.3356e-02 Valid skipped LR: 4.8495e-06
Elapsed: 78950.04s Epoch 1718 TrainOpt 1.3341e-02 Valid skipped LR: 4.8158e-06
Elapsed: 78994.24s Epoch 1719 TrainOpt 1.3342e-02 Valid skipped LR: 4.7822e-06
Elapsed: 79040.17s Epoch 1720 TrainOpt 1.3361e-02 Valid 1.4975e-02 LR: 4.7488e-06
Elapsed: 79084.17s Epoch 1721 TrainOpt 1.3325e-02 Valid skipped LR: 4.7154e-06
Elapsed: 79128.53s Epoch 1722 TrainOpt 1.3446e-02 Valid skipped LR: 4.6821e-06
Elapsed: 79172.31s Epoch 1723 TrainOpt 1.3494e-02 Valid skipped LR: 4.6490e-06
Elapsed: 79216.48s Epoch 1724 TrainOpt 1.3418e-02 Valid skipped LR: 4.6160e-06
Elapsed: 79260.63s Epoch 1725 TrainOpt 1.3416e-02 Valid skipped LR: 4.5831e-06
Elapsed: 79304.52s Epoch 1726 TrainOpt 1.3446e-02 Valid skipped LR: 4.5503e-06
Elapsed: 79348.68s Epoch 1727 TrainOpt 1.3366e-02 Valid skipped LR: 4.5176e-06
Elapsed: 79392.42s Epoch 1728 TrainOpt 1.3370e-02 Valid skipped LR: 4.4850e-06
Elapsed: 79436.53s Epoch 1729 TrainOpt 1.3327e-02 Valid skipped LR: 4.4525e-06
Elapsed: 79483.10s Epoch 1730 TrainOpt 1.3329e-02 Valid 1.5076e-02 LR: 4.4202e-06
Elapsed: 79527.06s Epoch 1731 TrainOpt 1.3318e-02 Valid skipped LR: 4.3879e-06
Elapsed: 79571.17s Epoch 1732 TrainOpt 1.3395e-02 Valid skipped LR: 4.3558e-06
Elapsed: 79615.39s Epoch 1733 TrainOpt 1.3312e-02 Valid skipped LR: 4.3238e-06
Elapsed: 79659.40s Epoch 1734 TrainOpt 1.3281e-02 Valid skipped LR: 4.2919e-06
Elapsed: 79703.42s Epoch 1735 TrainOpt 1.3291e-02 Valid skipped LR: 4.2601e-06
Elapsed: 79747.33s Epoch 1736 TrainOpt 1.3310e-02 Valid skipped LR: 4.2284e-06
Elapsed: 79791.29s Epoch 1737 TrainOpt 1.3299e-02 Valid skipped LR: 4.1968e-06
Elapsed: 79835.09s Epoch 1738 TrainOpt 1.3302e-02 Valid skipped LR: 4.1654e-06
Elapsed: 79879.11s Epoch 1739 TrainOpt 1.3433e-02 Valid skipped LR: 4.1340e-06
Elapsed: 79925.18s Epoch 1740 TrainOpt 1.3344e-02 Valid 1.5049e-02 LR: 4.1028e-06
Elapsed: 79969.45s Epoch 1741 TrainOpt 1.3313e-02 Valid skipped LR: 4.0717e-06
Elapsed: 80013.35s Epoch 1742 TrainOpt 1.3325e-02 Valid skipped LR: 4.0407e-06
Elapsed: 80057.23s Epoch 1743 TrainOpt 1.3359e-02 Valid skipped LR: 4.0098e-06
Elapsed: 80101.18s Epoch 1744 TrainOpt 1.3345e-02 Valid skipped LR: 3.9791e-06
Elapsed: 80145.30s Epoch 1745 TrainOpt 1.3304e-02 Valid skipped LR: 3.9484e-06
Elapsed: 80188.90s Epoch 1746 TrainOpt 1.3278e-02 Valid skipped LR: 3.9179e-06
Elapsed: 80232.83s Epoch 1747 TrainOpt 1.3281e-02 Valid skipped LR: 3.8874e-06
Elapsed: 80276.72s Epoch 1748 TrainOpt 1.3380e-02 Valid skipped LR: 3.8571e-06
Elapsed: 80320.86s Epoch 1749 TrainOpt 1.3367e-02 Valid skipped LR: 3.8269e-06
Elapsed: 80367.17s Epoch 1750 TrainOpt 1.3319e-02 Valid 1.5018e-02 LR: 3.7969e-06
Elapsed: 80411.34s Epoch 1751 TrainOpt 1.3371e-02 Valid skipped LR: 3.7669e-06
Elapsed: 80455.56s Epoch 1752 TrainOpt 1.3521e-02 Valid skipped LR: 3.7370e-06
Elapsed: 80499.65s Epoch 1753 TrainOpt 1.3456e-02 Valid skipped LR: 3.7073e-06
Elapsed: 80543.44s Epoch 1754 TrainOpt 1.3453e-02 Valid skipped LR: 3.6777e-06
Elapsed: 80587.48s Epoch 1755 TrainOpt 1.3501e-02 Valid skipped LR: 3.6482e-06
Elapsed: 80631.56s Epoch 1756 TrainOpt 1.3437e-02 Valid skipped LR: 3.6188e-06
Elapsed: 80675.51s Epoch 1757 TrainOpt 1.3421e-02 Valid skipped LR: 3.5895e-06
Elapsed: 80719.58s Epoch 1758 TrainOpt 1.3376e-02 Valid skipped LR: 3.5603e-06
Elapsed: 80763.51s Epoch 1759 TrainOpt 1.3392e-02 Valid skipped LR: 3.5313e-06
Elapsed: 80809.70s Epoch 1760 TrainOpt 1.3413e-02 Valid 1.5098e-02 LR: 3.5023e-06
Elapsed: 80853.82s Epoch 1761 TrainOpt 1.3420e-02 Valid skipped LR: 3.4735e-06
Elapsed: 80897.96s Epoch 1762 TrainOpt 1.3361e-02 Valid skipped LR: 3.4448e-06
Elapsed: 80941.50s Epoch 1763 TrainOpt 1.3389e-02 Valid skipped LR: 3.4162e-06
Elapsed: 80985.52s Epoch 1764 TrainOpt 1.3352e-02 Valid skipped LR: 3.3877e-06
Elapsed: 81029.51s Epoch 1765 TrainOpt 1.3386e-02 Valid skipped LR: 3.3594e-06
Elapsed: 81073.98s Epoch 1766 TrainOpt 1.3378e-02 Valid skipped LR: 3.3311e-06
Elapsed: 81117.88s Epoch 1767 TrainOpt 1.3378e-02 Valid skipped LR: 3.3030e-06
Elapsed: 81162.07s Epoch 1768 TrainOpt 1.3368e-02 Valid skipped LR: 3.2750e-06
Elapsed: 81206.40s Epoch 1769 TrainOpt 1.3311e-02 Valid skipped LR: 3.2471e-06
Elapsed: 81252.80s Epoch 1770 TrainOpt 1.3362e-02 Valid 1.4997e-02 LR: 3.2193e-06
Elapsed: 81296.98s Epoch 1771 TrainOpt 1.3358e-02 Valid skipped LR: 3.1916e-06
Elapsed: 81341.41s Epoch 1772 TrainOpt 1.3381e-02 Valid skipped LR: 3.1641e-06
Elapsed: 81385.52s Epoch 1773 TrainOpt 1.3388e-02 Valid skipped LR: 3.1366e-06
Elapsed: 81429.48s Epoch 1774 TrainOpt 1.3317e-02 Valid skipped LR: 3.1093e-06
Elapsed: 81473.63s Epoch 1775 TrainOpt 1.3377e-02 Valid skipped LR: 3.0821e-06
Elapsed: 81517.54s Epoch 1776 TrainOpt 1.3368e-02 Valid skipped LR: 3.0550e-06
Elapsed: 81561.43s Epoch 1777 TrainOpt 1.3315e-02 Valid skipped LR: 3.0281e-06
Elapsed: 81605.63s Epoch 1778 TrainOpt 1.3259e-02 Valid skipped LR: 3.0012e-06
Elapsed: 81649.47s Epoch 1779 TrainOpt 1.3238e-02 Valid skipped LR: 2.9745e-06
Elapsed: 81695.70s Epoch 1780 TrainOpt 1.3243e-02 Valid 1.4979e-02 LR: 2.9478e-06
Elapsed: 81739.71s Epoch 1781 TrainOpt 1.3274e-02 Valid skipped LR: 2.9213e-06
Elapsed: 81783.83s Epoch 1782 TrainOpt 1.3263e-02 Valid skipped LR: 2.8949e-06
Elapsed: 81827.95s Epoch 1783 TrainOpt 1.3283e-02 Valid skipped LR: 2.8687e-06
Elapsed: 81872.13s Epoch 1784 TrainOpt 1.3304e-02 Valid skipped LR: 2.8425e-06
Elapsed: 81916.34s Epoch 1785 TrainOpt 1.3303e-02 Valid skipped LR: 2.8165e-06
Elapsed: 81960.50s Epoch 1786 TrainOpt 1.3309e-02 Valid skipped LR: 2.7906e-06
Elapsed: 82005.03s Epoch 1787 TrainOpt 1.3337e-02 Valid skipped LR: 2.7648e-06
Elapsed: 82049.27s Epoch 1788 TrainOpt 1.3320e-02 Valid skipped LR: 2.7391e-06
Elapsed: 82093.17s Epoch 1789 TrainOpt 1.3303e-02 Valid skipped LR: 2.7135e-06
Elapsed: 82139.35s Epoch 1790 TrainOpt 1.3275e-02 Valid 1.5024e-02 LR: 2.6880e-06
Elapsed: 82183.05s Epoch 1791 TrainOpt 1.3224e-02 Valid skipped LR: 2.6627e-06
Elapsed: 82227.13s Epoch 1792 TrainOpt 1.3256e-02 Valid skipped LR: 2.6375e-06
Elapsed: 82271.24s Epoch 1793 TrainOpt 1.3281e-02 Valid skipped LR: 2.6124e-06
Elapsed: 82315.36s Epoch 1794 TrainOpt 1.3306e-02 Valid skipped LR: 2.5874e-06
Elapsed: 82359.66s Epoch 1795 TrainOpt 1.3307e-02 Valid skipped LR: 2.5625e-06
Elapsed: 82403.74s Epoch 1796 TrainOpt 1.3281e-02 Valid skipped LR: 2.5378e-06
Elapsed: 82447.79s Epoch 1797 TrainOpt 1.3232e-02 Valid skipped LR: 2.5131e-06
Elapsed: 82492.09s Epoch 1798 TrainOpt 1.3259e-02 Valid skipped LR: 2.4886e-06
Elapsed: 82536.19s Epoch 1799 TrainOpt 1.3239e-02 Valid skipped LR: 2.4642e-06
Elapsed: 82582.88s Epoch 1800 TrainOpt 1.3237e-02 Valid 1.4928e-02 LR: 2.4399e-06
Elapsed: 82663.72s Epoch 1801 TrainOpt 1.3313e-02 Valid skipped LR: 2.4158e-06
Elapsed: 82707.81s Epoch 1802 TrainOpt 1.3428e-02 Valid skipped LR: 2.3917e-06
Elapsed: 82751.93s Epoch 1803 TrainOpt 1.3354e-02 Valid skipped LR: 2.3678e-06
Elapsed: 82795.99s Epoch 1804 TrainOpt 1.3372e-02 Valid skipped LR: 2.3440e-06
Elapsed: 82840.21s Epoch 1805 TrainOpt 1.3325e-02 Valid skipped LR: 2.3203e-06
Elapsed: 82884.30s Epoch 1806 TrainOpt 1.3329e-02 Valid skipped LR: 2.2967e-06
Elapsed: 82928.10s Epoch 1807 TrainOpt 1.3315e-02 Valid skipped LR: 2.2733e-06
Elapsed: 82972.40s Epoch 1808 TrainOpt 1.3317e-02 Valid skipped LR: 2.2499e-06
Elapsed: 83016.61s Epoch 1809 TrainOpt 1.3290e-02 Valid skipped LR: 2.2267e-06
Elapsed: 83062.89s Epoch 1810 TrainOpt 1.3240e-02 Valid 1.5001e-02 LR: 2.2036e-06
Elapsed: 83106.92s Epoch 1811 TrainOpt 1.3273e-02 Valid skipped LR: 2.1806e-06
Elapsed: 83151.30s Epoch 1812 TrainOpt 1.3286e-02 Valid skipped LR: 2.1578e-06
Elapsed: 83195.41s Epoch 1813 TrainOpt 1.3298e-02 Valid skipped LR: 2.1350e-06
Elapsed: 83239.63s Epoch 1814 TrainOpt 1.3259e-02 Valid skipped LR: 2.1124e-06
Elapsed: 83283.93s Epoch 1815 TrainOpt 1.3259e-02 Valid skipped LR: 2.0899e-06
Elapsed: 83327.97s Epoch 1816 TrainOpt 1.3269e-02 Valid skipped LR: 2.0675e-06
Elapsed: 83372.11s Epoch 1817 TrainOpt 1.3233e-02 Valid skipped LR: 2.0452e-06
Elapsed: 83416.33s Epoch 1818 TrainOpt 1.3208e-02 Valid skipped LR: 2.0231e-06
Elapsed: 83460.31s Epoch 1819 TrainOpt 1.3216e-02 Valid skipped LR: 2.0010e-06
Elapsed: 83506.47s Epoch 1820 TrainOpt 1.3251e-02 Valid 1.5045e-02 LR: 1.9791e-06
Elapsed: 83550.26s Epoch 1821 TrainOpt 1.3221e-02 Valid skipped LR: 1.9573e-06
Elapsed: 83594.23s Epoch 1822 TrainOpt 1.3218e-02 Valid skipped LR: 1.9357e-06
Elapsed: 83638.23s Epoch 1823 TrainOpt 1.3197e-02 Valid skipped LR: 1.9141e-06
Elapsed: 83682.09s Epoch 1824 TrainOpt 1.3190e-02 Valid skipped LR: 1.8927e-06
Elapsed: 83726.01s Epoch 1825 TrainOpt 1.3203e-02 Valid skipped LR: 1.8713e-06
Elapsed: 83770.20s Epoch 1826 TrainOpt 1.3144e-02 Valid skipped LR: 1.8501e-06
Elapsed: 83814.09s Epoch 1827 TrainOpt 1.3172e-02 Valid skipped LR: 1.8291e-06
Elapsed: 83858.30s Epoch 1828 TrainOpt 1.3132e-02 Valid skipped LR: 1.8081e-06
Elapsed: 83902.62s Epoch 1829 TrainOpt 1.3165e-02 Valid skipped LR: 1.7872e-06
Elapsed: 83948.81s Epoch 1830 TrainOpt 1.3137e-02 Valid 1.5028e-02 LR: 1.7665e-06
Elapsed: 83993.15s Epoch 1831 TrainOpt 1.3149e-02 Valid skipped LR: 1.7459e-06
Elapsed: 84037.11s Epoch 1832 TrainOpt 1.3113e-02 Valid skipped LR: 1.7254e-06
Elapsed: 84081.29s Epoch 1833 TrainOpt 1.3112e-02 Valid skipped LR: 1.7051e-06
Elapsed: 84125.48s Epoch 1834 TrainOpt 1.3101e-02 Valid skipped LR: 1.6848e-06
Elapsed: 84169.37s Epoch 1835 TrainOpt 1.3093e-02 Valid skipped LR: 1.6647e-06
Elapsed: 84213.31s Epoch 1836 TrainOpt 1.3139e-02 Valid skipped LR: 1.6447e-06
Elapsed: 84257.36s Epoch 1837 TrainOpt 1.3129e-02 Valid skipped LR: 1.6248e-06
Elapsed: 84301.43s Epoch 1838 TrainOpt 1.3162e-02 Valid skipped LR: 1.6050e-06
Elapsed: 84345.66s Epoch 1839 TrainOpt 1.3140e-02 Valid skipped LR: 1.5854e-06
Elapsed: 84392.20s Epoch 1840 TrainOpt 1.3159e-02 Valid 1.5027e-02 LR: 1.5659e-06
Elapsed: 84436.01s Epoch 1841 TrainOpt 1.3145e-02 Valid skipped LR: 1.5464e-06
Elapsed: 84480.34s Epoch 1842 TrainOpt 1.3141e-02 Valid skipped LR: 1.5272e-06
Elapsed: 84524.41s Epoch 1843 TrainOpt 1.3150e-02 Valid skipped LR: 1.5080e-06
Elapsed: 84568.44s Epoch 1844 TrainOpt 1.3133e-02 Valid skipped LR: 1.4889e-06
Elapsed: 84612.62s Epoch 1845 TrainOpt 1.3162e-02 Valid skipped LR: 1.4700e-06
Elapsed: 84656.60s Epoch 1846 TrainOpt 1.3122e-02 Valid skipped LR: 1.4512e-06
Elapsed: 84700.45s Epoch 1847 TrainOpt 1.3112e-02 Valid skipped LR: 1.4325e-06
Elapsed: 84744.58s Epoch 1848 TrainOpt 1.3127e-02 Valid skipped LR: 1.4139e-06
Elapsed: 84788.59s Epoch 1849 TrainOpt 1.3183e-02 Valid skipped LR: 1.3955e-06
Elapsed: 84835.19s Epoch 1850 TrainOpt 1.3155e-02 Valid 1.5013e-02 LR: 1.3772e-06
Elapsed: 84879.25s Epoch 1851 TrainOpt 1.3169e-02 Valid skipped LR: 1.3590e-06
Elapsed: 84922.99s Epoch 1852 TrainOpt 1.3164e-02 Valid skipped LR: 1.3409e-06
Elapsed: 84967.25s Epoch 1853 TrainOpt 1.3142e-02 Valid skipped LR: 1.3229e-06
Elapsed: 85011.17s Epoch 1854 TrainOpt 1.3122e-02 Valid skipped LR: 1.3051e-06
Elapsed: 85055.31s Epoch 1855 TrainOpt 1.3109e-02 Valid skipped LR: 1.2873e-06
Elapsed: 85099.60s Epoch 1856 TrainOpt 1.3142e-02 Valid skipped LR: 1.2697e-06
Elapsed: 85143.38s Epoch 1857 TrainOpt 1.3130e-02 Valid skipped LR: 1.2523e-06
Elapsed: 85187.10s Epoch 1858 TrainOpt 1.3126e-02 Valid skipped LR: 1.2349e-06
Elapsed: 85231.34s Epoch 1859 TrainOpt 1.3111e-02 Valid skipped LR: 1.2176e-06
Elapsed: 85277.68s Epoch 1860 TrainOpt 1.3107e-02 Valid 1.5017e-02 LR: 1.2005e-06
Elapsed: 85321.63s Epoch 1861 TrainOpt 1.3106e-02 Valid skipped LR: 1.1835e-06
Elapsed: 85366.08s Epoch 1862 TrainOpt 1.3091e-02 Valid skipped LR: 1.1666e-06
Elapsed: 85410.28s Epoch 1863 TrainOpt 1.3095e-02 Valid skipped LR: 1.1499e-06
Elapsed: 85454.00s Epoch 1864 TrainOpt 1.3154e-02 Valid skipped LR: 1.1332e-06
Elapsed: 85497.65s Epoch 1865 TrainOpt 1.3125e-02 Valid skipped LR: 1.1167e-06
Elapsed: 85541.56s Epoch 1866 TrainOpt 1.3116e-02 Valid skipped LR: 1.1003e-06
Elapsed: 85585.67s Epoch 1867 TrainOpt 1.3114e-02 Valid skipped LR: 1.0841e-06
Elapsed: 85629.67s Epoch 1868 TrainOpt 1.3105e-02 Valid skipped LR: 1.0679e-06
Elapsed: 85673.52s Epoch 1869 TrainOpt 1.3093e-02 Valid skipped LR: 1.0519e-06
Elapsed: 85719.67s Epoch 1870 TrainOpt 1.3111e-02 Valid 1.5025e-02 LR: 1.0360e-06
Elapsed: 85763.95s Epoch 1871 TrainOpt 1.3088e-02 Valid skipped LR: 1.0202e-06
Elapsed: 85807.85s Epoch 1872 TrainOpt 1.3093e-02 Valid skipped LR: 1.0045e-06
Elapsed: 85851.88s Epoch 1873 TrainOpt 1.3062e-02 Valid skipped LR: 9.8895e-07
Elapsed: 85896.02s Epoch 1874 TrainOpt 1.3072e-02 Valid skipped LR: 9.7352e-07
Elapsed: 85939.95s Epoch 1875 TrainOpt 1.3051e-02 Valid skipped LR: 9.5821e-07
Elapsed: 85983.97s Epoch 1876 TrainOpt 1.3060e-02 Valid skipped LR: 9.4303e-07
Elapsed: 86028.07s Epoch 1877 TrainOpt 1.3072e-02 Valid skipped LR: 9.2797e-07
Elapsed: 86072.27s Epoch 1878 TrainOpt 1.3047e-02 Valid skipped LR: 9.1302e-07
Elapsed: 86116.40s Epoch 1879 TrainOpt 1.3047e-02 Valid skipped LR: 8.9820e-07
Elapsed: 86162.68s Epoch 1880 TrainOpt 1.3057e-02 Valid 1.4967e-02 LR: 8.8350e-07
Elapsed: 86206.82s Epoch 1881 TrainOpt 1.3048e-02 Valid skipped LR: 8.6893e-07
Elapsed: 86250.78s Epoch 1882 TrainOpt 1.3050e-02 Valid skipped LR: 8.5447e-07
Elapsed: 86294.78s Epoch 1883 TrainOpt 1.3050e-02 Valid skipped LR: 8.4014e-07
Elapsed: 86338.88s Epoch 1884 TrainOpt 1.3058e-02 Valid skipped LR: 8.2593e-07
Elapsed: 86382.71s Epoch 1885 TrainOpt 1.3064e-02 Valid skipped LR: 8.1184e-07
Elapsed: 86426.53s Epoch 1886 TrainOpt 1.3037e-02 Valid skipped LR: 7.9787e-07
Elapsed: 86470.60s Epoch 1887 TrainOpt 1.3064e-02 Valid skipped LR: 7.8402e-07
Elapsed: 86514.87s Epoch 1888 TrainOpt 1.3052e-02 Valid skipped LR: 7.7030e-07
Elapsed: 86559.05s Epoch 1889 TrainOpt 1.3056e-02 Valid skipped LR: 7.5669e-07
Elapsed: 86605.39s Epoch 1890 TrainOpt 1.3059e-02 Valid 1.4992e-02 LR: 7.4321e-07
Elapsed: 86649.66s Epoch 1891 TrainOpt 1.3046e-02 Valid skipped LR: 7.2985e-07
Elapsed: 86693.71s Epoch 1892 TrainOpt 1.3067e-02 Valid skipped LR: 7.1661e-07
Elapsed: 86737.71s Epoch 1893 TrainOpt 1.3066e-02 Valid skipped LR: 7.0350e-07
Elapsed: 86781.59s Epoch 1894 TrainOpt 1.3081e-02 Valid skipped LR: 6.9050e-07
Elapsed: 86825.62s Epoch 1895 TrainOpt 1.3057e-02 Valid skipped LR: 6.7763e-07
Elapsed: 86869.59s Epoch 1896 TrainOpt 1.3054e-02 Valid skipped LR: 6.6488e-07
Elapsed: 86913.95s Epoch 1897 TrainOpt 1.3063e-02 Valid skipped LR: 6.5226e-07
Elapsed: 86957.90s Epoch 1898 TrainOpt 1.3047e-02 Valid skipped LR: 6.3975e-07
Elapsed: 87001.84s Epoch 1899 TrainOpt 1.3049e-02 Valid skipped LR: 6.2737e-07
Elapsed: 87047.87s Epoch 1900 TrainOpt 1.3043e-02 Valid 1.5002e-02 LR: 6.1511e-07
Elapsed: 87129.76s Epoch 1901 TrainOpt 1.3024e-02 Valid skipped LR: 6.0297e-07
Elapsed: 87173.63s Epoch 1902 TrainOpt 1.3046e-02 Valid skipped LR: 5.9095e-07
Elapsed: 87217.72s Epoch 1903 TrainOpt 1.3067e-02 Valid skipped LR: 5.7906e-07
Elapsed: 87261.76s Epoch 1904 TrainOpt 1.3069e-02 Valid skipped LR: 5.6729e-07
Elapsed: 87305.74s Epoch 1905 TrainOpt 1.3064e-02 Valid skipped LR: 5.5564e-07
Elapsed: 87350.02s Epoch 1906 TrainOpt 1.3047e-02 Valid skipped LR: 5.4411e-07
Elapsed: 87394.16s Epoch 1907 TrainOpt 1.3063e-02 Valid skipped LR: 5.3271e-07
Elapsed: 87438.09s Epoch 1908 TrainOpt 1.3043e-02 Valid skipped LR: 5.2142e-07
Elapsed: 87482.38s Epoch 1909 TrainOpt 1.3055e-02 Valid skipped LR: 5.1026e-07
Elapsed: 87528.68s Epoch 1910 TrainOpt 1.3046e-02 Valid 1.5030e-02 LR: 4.9923e-07
Elapsed: 87572.68s Epoch 1911 TrainOpt 1.3042e-02 Valid skipped LR: 4.8831e-07
Elapsed: 87616.68s Epoch 1912 TrainOpt 1.3027e-02 Valid skipped LR: 4.7752e-07
Elapsed: 87660.59s Epoch 1913 TrainOpt 1.3045e-02 Valid skipped LR: 4.6685e-07
Elapsed: 87704.27s Epoch 1914 TrainOpt 1.3033e-02 Valid skipped LR: 4.5630e-07
Elapsed: 87748.10s Epoch 1915 TrainOpt 1.3046e-02 Valid skipped LR: 4.4588e-07
Elapsed: 87792.00s Epoch 1916 TrainOpt 1.3031e-02 Valid skipped LR: 4.3558e-07
Elapsed: 87836.11s Epoch 1917 TrainOpt 1.3013e-02 Valid skipped LR: 4.2540e-07
Elapsed: 87880.16s Epoch 1918 TrainOpt 1.3040e-02 Valid skipped LR: 4.1534e-07
Elapsed: 87924.07s Epoch 1919 TrainOpt 1.3010e-02 Valid skipped LR: 4.0541e-07
Elapsed: 87970.34s Epoch 1920 TrainOpt 1.3036e-02 Valid 1.5008e-02 LR: 3.9560e-07
Elapsed: 88014.14s Epoch 1921 TrainOpt 1.3022e-02 Valid skipped LR: 3.8591e-07
Elapsed: 88058.40s Epoch 1922 TrainOpt 1.3025e-02 Valid skipped LR: 3.7635e-07
Elapsed: 88102.59s Epoch 1923 TrainOpt 1.3012e-02 Valid skipped LR: 3.6690e-07
Elapsed: 88146.82s Epoch 1924 TrainOpt 1.3022e-02 Valid skipped LR: 3.5758e-07
Elapsed: 88190.89s Epoch 1925 TrainOpt 1.3028e-02 Valid skipped LR: 3.4839e-07
Elapsed: 88234.73s Epoch 1926 TrainOpt 1.3028e-02 Valid skipped LR: 3.3931e-07
Elapsed: 88278.66s Epoch 1927 TrainOpt 1.3022e-02 Valid skipped LR: 3.3036e-07
Elapsed: 88322.50s Epoch 1928 TrainOpt 1.3025e-02 Valid skipped LR: 3.2153e-07
Elapsed: 88366.64s Epoch 1929 TrainOpt 1.3001e-02 Valid skipped LR: 3.1283e-07
Elapsed: 88413.11s Epoch 1930 TrainOpt 1.3014e-02 Valid 1.4995e-02 LR: 3.0425e-07
Elapsed: 88457.11s Epoch 1931 TrainOpt 1.3009e-02 Valid skipped LR: 2.9579e-07
Elapsed: 88500.93s Epoch 1932 TrainOpt 1.3019e-02 Valid skipped LR: 2.8745e-07
Elapsed: 88544.84s Epoch 1933 TrainOpt 1.2992e-02 Valid skipped LR: 2.7924e-07
Elapsed: 88588.61s Epoch 1934 TrainOpt 1.3014e-02 Valid skipped LR: 2.7115e-07
Elapsed: 88632.58s Epoch 1935 TrainOpt 1.3011e-02 Valid skipped LR: 2.6318e-07
Elapsed: 88676.33s Epoch 1936 TrainOpt 1.3013e-02 Valid skipped LR: 2.5534e-07
Elapsed: 88719.93s Epoch 1937 TrainOpt 1.3009e-02 Valid skipped LR: 2.4762e-07
Elapsed: 88764.01s Epoch 1938 TrainOpt 1.3016e-02 Valid skipped LR: 2.4002e-07
Elapsed: 88807.82s Epoch 1939 TrainOpt 1.3011e-02 Valid skipped LR: 2.3255e-07
Elapsed: 88853.79s Epoch 1940 TrainOpt 1.3005e-02 Valid 1.5001e-02 LR: 2.2520e-07
Elapsed: 88897.85s Epoch 1941 TrainOpt 1.2996e-02 Valid skipped LR: 2.1797e-07
Elapsed: 88941.99s Epoch 1942 TrainOpt 1.3011e-02 Valid skipped LR: 2.1086e-07
Elapsed: 88986.03s Epoch 1943 TrainOpt 1.3014e-02 Valid skipped LR: 2.0388e-07
Elapsed: 89029.96s Epoch 1944 TrainOpt 1.3003e-02 Valid skipped LR: 1.9702e-07
Elapsed: 89073.71s Epoch 1945 TrainOpt 1.3001e-02 Valid skipped LR: 1.9029e-07
Elapsed: 89117.45s Epoch 1946 TrainOpt 1.2999e-02 Valid skipped LR: 1.8368e-07
Elapsed: 89161.76s Epoch 1947 TrainOpt 1.3011e-02 Valid skipped LR: 1.7719e-07
Elapsed: 89205.84s Epoch 1948 TrainOpt 1.2992e-02 Valid skipped LR: 1.7082e-07
Elapsed: 89249.76s Epoch 1949 TrainOpt 1.2994e-02 Valid skipped LR: 1.6458e-07
Elapsed: 89296.15s Epoch 1950 TrainOpt 1.2991e-02 Valid 1.4984e-02 LR: 1.5846e-07
Elapsed: 89340.36s Epoch 1951 TrainOpt 1.3006e-02 Valid skipped LR: 1.5247e-07
Elapsed: 89384.50s Epoch 1952 TrainOpt 1.2992e-02 Valid skipped LR: 1.4660e-07
Elapsed: 89428.75s Epoch 1953 TrainOpt 1.3000e-02 Valid skipped LR: 1.4085e-07
Elapsed: 89472.55s Epoch 1954 TrainOpt 1.3001e-02 Valid skipped LR: 1.3522e-07
Elapsed: 89516.41s Epoch 1955 TrainOpt 1.2981e-02 Valid skipped LR: 1.2972e-07
Elapsed: 89560.50s Epoch 1956 TrainOpt 1.3007e-02 Valid skipped LR: 1.2434e-07
Elapsed: 89604.29s Epoch 1957 TrainOpt 1.2998e-02 Valid skipped LR: 1.1909e-07
Elapsed: 89648.14s Epoch 1958 TrainOpt 1.2991e-02 Valid skipped LR: 1.1396e-07
Elapsed: 89692.04s Epoch 1959 TrainOpt 1.3006e-02 Valid skipped LR: 1.0895e-07
Elapsed: 89738.22s Epoch 1960 TrainOpt 1.3008e-02 Valid 1.4997e-02 LR: 1.0407e-07
Elapsed: 89782.51s Epoch 1961 TrainOpt 1.3001e-02 Valid skipped LR: 9.9305e-08
Elapsed: 89826.25s Epoch 1962 TrainOpt 1.3005e-02 Valid skipped LR: 9.4668e-08
Elapsed: 89870.69s Epoch 1963 TrainOpt 1.2991e-02 Valid skipped LR: 9.0155e-08
Elapsed: 89914.62s Epoch 1964 TrainOpt 1.2988e-02 Valid skipped LR: 8.5765e-08
Elapsed: 89958.63s Epoch 1965 TrainOpt 1.2989e-02 Valid skipped LR: 8.1498e-08
Elapsed: 90002.71s Epoch 1966 TrainOpt 1.2988e-02 Valid skipped LR: 7.7355e-08
Elapsed: 90046.60s Epoch 1967 TrainOpt 1.3007e-02 Valid skipped LR: 7.3336e-08
Elapsed: 90090.61s Epoch 1968 TrainOpt 1.2997e-02 Valid skipped LR: 6.9440e-08
Elapsed: 90134.40s Epoch 1969 TrainOpt 1.3002e-02 Valid skipped LR: 6.5668e-08
Elapsed: 90180.65s Epoch 1970 TrainOpt 1.3011e-02 Valid 1.4994e-02 LR: 6.2019e-08
Elapsed: 90224.32s Epoch 1971 TrainOpt 1.2991e-02 Valid skipped LR: 5.8494e-08
Elapsed: 90268.41s Epoch 1972 TrainOpt 1.2984e-02 Valid skipped LR: 5.5092e-08
Elapsed: 90312.27s Epoch 1973 TrainOpt 1.2996e-02 Valid skipped LR: 5.1814e-08
Elapsed: 90356.35s Epoch 1974 TrainOpt 1.2987e-02 Valid skipped LR: 4.8660e-08
Elapsed: 90400.33s Epoch 1975 TrainOpt 1.2988e-02 Valid skipped LR: 4.5630e-08
Elapsed: 90444.33s Epoch 1976 TrainOpt 1.2983e-02 Valid skipped LR: 4.2723e-08
Elapsed: 90488.48s Epoch 1977 TrainOpt 1.3002e-02 Valid skipped LR: 3.9939e-08
Elapsed: 90532.34s Epoch 1978 TrainOpt 1.2974e-02 Valid skipped LR: 3.7280e-08
Elapsed: 90576.13s Epoch 1979 TrainOpt 1.2987e-02 Valid skipped LR: 3.4744e-08
Elapsed: 90622.06s Epoch 1980 TrainOpt 1.2984e-02 Valid 1.4988e-02 LR: 3.2331e-08
Elapsed: 90666.18s Epoch 1981 TrainOpt 1.2994e-02 Valid skipped LR: 3.0043e-08
Elapsed: 90709.91s Epoch 1982 TrainOpt 1.2988e-02 Valid skipped LR: 2.7878e-08
Elapsed: 90753.86s Epoch 1983 TrainOpt 1.2990e-02 Valid skipped LR: 2.5836e-08
Elapsed: 90797.81s Epoch 1984 TrainOpt 1.2972e-02 Valid skipped LR: 2.3919e-08
Elapsed: 90841.87s Epoch 1985 TrainOpt 1.2985e-02 Valid skipped LR: 2.2125e-08
Elapsed: 90886.03s Epoch 1986 TrainOpt 1.2996e-02 Valid skipped LR: 2.0455e-08
Elapsed: 90929.96s Epoch 1987 TrainOpt 1.2975e-02 Valid skipped LR: 1.8908e-08
Elapsed: 90973.89s Epoch 1988 TrainOpt 1.2992e-02 Valid skipped LR: 1.7485e-08
Elapsed: 91018.00s Epoch 1989 TrainOpt 1.2983e-02 Valid skipped LR: 1.6186e-08
Elapsed: 91064.19s Epoch 1990 TrainOpt 1.2989e-02 Valid 1.4996e-02 LR: 1.5011e-08
Elapsed: 91108.51s Epoch 1991 TrainOpt 1.2983e-02 Valid skipped LR: 1.3959e-08
Elapsed: 91152.65s Epoch 1992 TrainOpt 1.2986e-02 Valid skipped LR: 1.3031e-08
Elapsed: 91196.36s Epoch 1993 TrainOpt 1.2993e-02 Valid skipped LR: 1.2227e-08
Elapsed: 91240.26s Epoch 1994 TrainOpt 1.2993e-02 Valid skipped LR: 1.1547e-08
Elapsed: 91284.28s Epoch 1995 TrainOpt 1.2988e-02 Valid skipped LR: 1.0990e-08
Elapsed: 91328.22s Epoch 1996 TrainOpt 1.2993e-02 Valid skipped LR: 1.0557e-08
Elapsed: 91372.04s Epoch 1997 TrainOpt 1.3002e-02 Valid skipped LR: 1.0247e-08
Elapsed: 91415.87s Epoch 1998 TrainOpt 1.3004e-02 Valid skipped LR: 1.0062e-08
Elapsed: 91462.32s Epoch 1999 TrainOpt 1.2984e-02 Valid 1.4994e-02 LR: 1.0000e-04
