Training epoch log file
Time: 2026-06-13 23:34:00
Log file absolute path: /home/sonic/workspace/Hi-MGN/outputs/ex1/train3.log
model   MeshGraphNets
mode    train  # Train / Inference
gpu_ids 2    # -1 for CPU, GPU ids for multi-GPU training (DDP with both H200s)
log_file_dir    ex1/train3.log
modelpath   ./outputs/ex1/model3.pth
%   Datasets
dataset_dir ./dataset/ex1.h5
infer_dataset   ./dataset/b8_main_sec_dataset_infer.h5
infer_timesteps 1
%   Common params
input_var   4   # number of input variables: x_disp, y_disp, z_disp, stress (excluding node types)
output_var  4   # number of output variables: x_disp, y_disp, z_disp, stress (excluding node types)
feature_loss_weights  0, 0, 0, 1.0  # Per-feature loss weights for [x_disp, y_disp, z_disp, stress]
edge_var    8   # deformed dx/dy/dz/dist + reference dx/dy/dz/dist
positional_features  4   # Rotation-invariant node features: [centroid_dist, mean_edge_len, + encoding]
'
%   Network parameters
message_passing_num 15 
Training_epochs	2000
Batch_size	1
LearningR	0.0001  # Scaled by sqrt(8/1) from 0.0001 for larger batch size
Latent_dim	128	# MeshGraphNets latent dimension
num_workers 2
std_noise   0.0
residual_scale  1  # Scale factor for residual connections (1.0 = full residual, matches NVIDIA/DeepMind)
augment_geometry True   # Random Z-rotation + reflection augmentation (training only)
grad_accum_steps    1
'
% Memory Optimization
use_checkpointing   True
'
% Performance Optimization
use_amp             True    # Mixed precision training with bfloat16 (1.5-2x speedup on Ampere+ GPUs)
use_ema             True    # EMA shadow model for validation/inference (smooths SGD noise, ~free precision)
ema_decay           0.99   # EMA decay factor (0.999 = ~1000-step averaging window)
test_interval       100      # Run test/visualization every N epochs (1 = every epoch, 10 = every 10th)
val_interval        10        # Run val eval every N epochs (1 = every epoch); reduces GPU idle at epoch boundary
'
% Node Type Parameters
use_node_types  True    # Add one-hot encoded node types to node features
'
% World Edge Parameters
use_world_edges         False
'
% Test set control
test_batch_idx  0, 1, 2, 3, 4, 5, 6, 7, 8, 9, 10, 11, 12, 13, 14, 15, 16, 33, 34
plot_feature_idx    -1  # Feature index to visualize in plots (-1 = last feature, i.e., stress)
'
% Multi-Scale / Hierarchical Parameters (BFS Bi-Stride, ICML 2023)
use_multiscale      True
% Multi-BFS + Voronoi
coarsening_type     BFS
voronoi_clusters    0
multiscale_levels   2
mp_per_level        4, 6, 8, 6, 4
bipartite_unpool    True    # Learned bipartite MP unpool (False = broadcast)
Elapsed: 72.37s Epoch 0 TrainOpt 1.2996e+00 Valid 1.4938e+00 LR: 3.4000e-05
Elapsed: 175.18s Epoch 1 TrainOpt 1.5544e-01 Valid skipped LR: 6.7000e-05
Elapsed: 205.59s Epoch 2 TrainOpt 1.0378e-01 Valid skipped LR: 1.0000e-04
Elapsed: 238.17s Epoch 3 TrainOpt 7.7455e-02 Valid skipped LR: 1.0000e-04
Elapsed: 267.49s Epoch 4 TrainOpt 7.8989e-02 Valid skipped LR: 1.0000e-04
Elapsed: 297.12s Epoch 5 TrainOpt 8.1059e-02 Valid skipped LR: 9.9999e-05
Elapsed: 326.33s Epoch 6 TrainOpt 7.3992e-02 Valid skipped LR: 9.9999e-05
Elapsed: 356.12s Epoch 7 TrainOpt 5.5606e-02 Valid skipped LR: 9.9998e-05
Elapsed: 386.01s Epoch 8 TrainOpt 5.9398e-02 Valid skipped LR: 9.9998e-05
Elapsed: 416.42s Epoch 9 TrainOpt 7.1491e-02 Valid skipped LR: 9.9997e-05
Elapsed: 451.96s Epoch 10 TrainOpt 6.0048e-02 Valid 3.8461e-02 LR: 9.9996e-05
Elapsed: 481.78s Epoch 11 TrainOpt 6.5405e-02 Valid skipped LR: 9.9995e-05
Elapsed: 511.15s Epoch 12 TrainOpt 7.1535e-02 Valid skipped LR: 9.9994e-05
Elapsed: 541.15s Epoch 13 TrainOpt 5.8534e-02 Valid skipped LR: 9.9993e-05
Elapsed: 570.96s Epoch 14 TrainOpt 6.3491e-02 Valid skipped LR: 9.9991e-05
Elapsed: 600.41s Epoch 15 TrainOpt 7.4094e-02 Valid skipped LR: 9.9990e-05
Elapsed: 630.33s Epoch 16 TrainOpt 5.6237e-02 Valid skipped LR: 9.9988e-05
Elapsed: 660.05s Epoch 17 TrainOpt 5.0500e-02 Valid skipped LR: 9.9986e-05
Elapsed: 690.54s Epoch 18 TrainOpt 5.9140e-02 Valid skipped LR: 9.9984e-05
Elapsed: 720.85s Epoch 19 TrainOpt 5.6362e-02 Valid skipped LR: 9.9982e-05
Elapsed: 755.92s Epoch 20 TrainOpt 5.3317e-02 Valid 4.0508e-02 LR: 9.9980e-05
Elapsed: 786.33s Epoch 21 TrainOpt 5.8493e-02 Valid skipped LR: 9.9978e-05
Elapsed: 817.47s Epoch 22 TrainOpt 5.1609e-02 Valid skipped LR: 9.9975e-05
Elapsed: 848.38s Epoch 23 TrainOpt 5.6928e-02 Valid skipped LR: 9.9973e-05
Elapsed: 879.09s Epoch 24 TrainOpt 6.0785e-02 Valid skipped LR: 9.9970e-05
Elapsed: 910.60s Epoch 25 TrainOpt 5.2688e-02 Valid skipped LR: 9.9967e-05
Elapsed: 941.81s Epoch 26 TrainOpt 4.9165e-02 Valid skipped LR: 9.9964e-05
Elapsed: 972.86s Epoch 27 TrainOpt 5.3303e-02 Valid skipped LR: 9.9961e-05
Elapsed: 1004.66s Epoch 28 TrainOpt 5.2044e-02 Valid skipped LR: 9.9958e-05
Elapsed: 1036.41s Epoch 29 TrainOpt 5.5756e-02 Valid skipped LR: 9.9955e-05
Elapsed: 1072.83s Epoch 30 TrainOpt 6.9396e-02 Valid 4.3363e-02 LR: 9.9952e-05
Elapsed: 1104.23s Epoch 31 TrainOpt 4.7383e-02 Valid skipped LR: 9.9948e-05
Elapsed: 1135.64s Epoch 32 TrainOpt 5.3900e-02 Valid skipped LR: 9.9944e-05
Elapsed: 1167.59s Epoch 33 TrainOpt 5.6349e-02 Valid skipped LR: 9.9941e-05
Elapsed: 1199.10s Epoch 34 TrainOpt 4.3216e-02 Valid skipped LR: 9.9937e-05
Elapsed: 1231.16s Epoch 35 TrainOpt 4.7372e-02 Valid skipped LR: 9.9933e-05
Elapsed: 1263.03s Epoch 36 TrainOpt 4.7335e-02 Valid skipped LR: 9.9929e-05
Elapsed: 1294.75s Epoch 37 TrainOpt 4.3704e-02 Valid skipped LR: 9.9924e-05
Elapsed: 1326.94s Epoch 38 TrainOpt 3.3795e-02 Valid skipped LR: 9.9920e-05
Elapsed: 1359.02s Epoch 39 TrainOpt 3.9029e-02 Valid skipped LR: 9.9915e-05
Elapsed: 1392.98s Epoch 40 TrainOpt 4.2005e-02 Valid 3.3918e-02 LR: 9.9911e-05
Elapsed: 1425.11s Epoch 41 TrainOpt 3.7822e-02 Valid skipped LR: 9.9906e-05
Elapsed: 1457.60s Epoch 42 TrainOpt 4.8483e-02 Valid skipped LR: 9.9901e-05
Elapsed: 1489.86s Epoch 43 TrainOpt 4.5991e-02 Valid skipped LR: 9.9896e-05
Elapsed: 1521.68s Epoch 44 TrainOpt 4.1177e-02 Valid skipped LR: 9.9891e-05
Elapsed: 1553.65s Epoch 45 TrainOpt 5.0534e-02 Valid skipped LR: 9.9886e-05
Elapsed: 1586.07s Epoch 46 TrainOpt 4.8072e-02 Valid skipped LR: 9.9880e-05
Elapsed: 1618.38s Epoch 47 TrainOpt 3.7584e-02 Valid skipped LR: 9.9875e-05
Elapsed: 1651.29s Epoch 48 TrainOpt 3.6116e-02 Valid skipped LR: 9.9869e-05
Elapsed: 1683.30s Epoch 49 TrainOpt 3.3926e-02 Valid skipped LR: 9.9863e-05
Elapsed: 1716.98s Epoch 50 TrainOpt 3.3549e-02 Valid 3.0733e-02 LR: 9.9858e-05
Elapsed: 1748.45s Epoch 51 TrainOpt 4.0901e-02 Valid skipped LR: 9.9852e-05
Elapsed: 1780.17s Epoch 52 TrainOpt 3.8958e-02 Valid skipped LR: 9.9845e-05
Elapsed: 1812.51s Epoch 53 TrainOpt 3.8344e-02 Valid skipped LR: 9.9839e-05
Elapsed: 1844.49s Epoch 54 TrainOpt 3.2758e-02 Valid skipped LR: 9.9833e-05
Elapsed: 1876.57s Epoch 55 TrainOpt 3.3039e-02 Valid skipped LR: 9.9826e-05
Elapsed: 1908.73s Epoch 56 TrainOpt 3.9165e-02 Valid skipped LR: 9.9820e-05
Elapsed: 1940.98s Epoch 57 TrainOpt 4.8148e-02 Valid skipped LR: 9.9813e-05
Elapsed: 1973.23s Epoch 58 TrainOpt 3.9691e-02 Valid skipped LR: 9.9806e-05
Elapsed: 2005.67s Epoch 59 TrainOpt 4.1965e-02 Valid skipped LR: 9.9799e-05
Elapsed: 2039.84s Epoch 60 TrainOpt 3.9440e-02 Valid 2.9232e-02 LR: 9.9792e-05
Elapsed: 2072.46s Epoch 61 TrainOpt 3.3923e-02 Valid skipped LR: 9.9785e-05
Elapsed: 2104.81s Epoch 62 TrainOpt 3.4955e-02 Valid skipped LR: 9.9777e-05
Elapsed: 2136.50s Epoch 63 TrainOpt 3.7529e-02 Valid skipped LR: 9.9770e-05
Elapsed: 2168.67s Epoch 64 TrainOpt 4.2108e-02 Valid skipped LR: 9.9762e-05
Elapsed: 2200.96s Epoch 65 TrainOpt 3.7629e-02 Valid skipped LR: 9.9755e-05
Elapsed: 2233.21s Epoch 66 TrainOpt 3.1382e-02 Valid skipped LR: 9.9747e-05
Elapsed: 2265.52s Epoch 67 TrainOpt 3.2894e-02 Valid skipped LR: 9.9739e-05
Elapsed: 2297.80s Epoch 68 TrainOpt 3.1887e-02 Valid skipped LR: 9.9731e-05
Elapsed: 2330.23s Epoch 69 TrainOpt 2.8906e-02 Valid skipped LR: 9.9723e-05
Elapsed: 2363.99s Epoch 70 TrainOpt 3.3529e-02 Valid 2.5686e-02 LR: 9.9714e-05
Elapsed: 2395.78s Epoch 71 TrainOpt 3.2662e-02 Valid skipped LR: 9.9706e-05
Elapsed: 2428.05s Epoch 72 TrainOpt 3.3038e-02 Valid skipped LR: 9.9697e-05
Elapsed: 2460.43s Epoch 73 TrainOpt 3.6980e-02 Valid skipped LR: 9.9688e-05
Elapsed: 2492.47s Epoch 74 TrainOpt 3.1742e-02 Valid skipped LR: 9.9680e-05
Elapsed: 2524.63s Epoch 75 TrainOpt 3.2587e-02 Valid skipped LR: 9.9671e-05
Elapsed: 2556.80s Epoch 76 TrainOpt 3.9014e-02 Valid skipped LR: 9.9662e-05
Elapsed: 2589.52s Epoch 77 TrainOpt 3.1727e-02 Valid skipped LR: 9.9652e-05
Elapsed: 2621.41s Epoch 78 TrainOpt 3.0754e-02 Valid skipped LR: 9.9643e-05
Elapsed: 2653.48s Epoch 79 TrainOpt 3.4085e-02 Valid skipped LR: 9.9634e-05
Elapsed: 2687.04s Epoch 80 TrainOpt 2.8955e-02 Valid 2.6056e-02 LR: 9.9624e-05
Elapsed: 2718.56s Epoch 81 TrainOpt 2.8122e-02 Valid skipped LR: 9.9614e-05
Elapsed: 2750.54s Epoch 82 TrainOpt 2.8903e-02 Valid skipped LR: 9.9605e-05
Elapsed: 2782.63s Epoch 83 TrainOpt 3.2877e-02 Valid skipped LR: 9.9595e-05
Elapsed: 2814.95s Epoch 84 TrainOpt 2.6892e-02 Valid skipped LR: 9.9585e-05
Elapsed: 2846.47s Epoch 85 TrainOpt 2.8508e-02 Valid skipped LR: 9.9574e-05
Elapsed: 2878.33s Epoch 86 TrainOpt 2.7797e-02 Valid skipped LR: 9.9564e-05
Elapsed: 2910.79s Epoch 87 TrainOpt 2.6149e-02 Valid skipped LR: 9.9554e-05
Elapsed: 2943.12s Epoch 88 TrainOpt 2.4911e-02 Valid skipped LR: 9.9543e-05
Elapsed: 2975.88s Epoch 89 TrainOpt 2.4381e-02 Valid skipped LR: 9.9532e-05
Elapsed: 3009.38s Epoch 90 TrainOpt 2.4903e-02 Valid 2.1509e-02 LR: 9.9522e-05
Elapsed: 3040.40s Epoch 91 TrainOpt 3.2489e-02 Valid skipped LR: 9.9511e-05
Elapsed: 3072.32s Epoch 92 TrainOpt 2.8683e-02 Valid skipped LR: 9.9500e-05
Elapsed: 3104.27s Epoch 93 TrainOpt 2.4192e-02 Valid skipped LR: 9.9489e-05
Elapsed: 3134.71s Epoch 94 TrainOpt 2.7032e-02 Valid skipped LR: 9.9477e-05
Elapsed: 3165.72s Epoch 95 TrainOpt 2.4555e-02 Valid skipped LR: 9.9466e-05
Elapsed: 3197.03s Epoch 96 TrainOpt 2.3774e-02 Valid skipped LR: 9.9454e-05
Elapsed: 3227.73s Epoch 97 TrainOpt 2.9062e-02 Valid skipped LR: 9.9443e-05
Elapsed: 3258.45s Epoch 98 TrainOpt 2.8306e-02 Valid skipped LR: 9.9431e-05
Elapsed: 3288.78s Epoch 99 TrainOpt 2.6400e-02 Valid skipped LR: 9.9419e-05
Elapsed: 3321.90s Epoch 100 TrainOpt 2.2384e-02 Valid 2.0450e-02 LR: 9.9407e-05
Elapsed: 3397.28s Epoch 101 TrainOpt 2.3674e-02 Valid skipped LR: 9.9395e-05
Elapsed: 3428.52s Epoch 102 TrainOpt 2.3665e-02 Valid skipped LR: 9.9383e-05
Elapsed: 3459.42s Epoch 103 TrainOpt 2.3810e-02 Valid skipped LR: 9.9370e-05
Elapsed: 3490.04s Epoch 104 TrainOpt 2.3290e-02 Valid skipped LR: 9.9358e-05
Elapsed: 3521.20s Epoch 105 TrainOpt 2.2537e-02 Valid skipped LR: 9.9345e-05
Elapsed: 3552.66s Epoch 106 TrainOpt 2.5991e-02 Valid skipped LR: 9.9332e-05
Elapsed: 3583.35s Epoch 107 TrainOpt 2.6228e-02 Valid skipped LR: 9.9319e-05
Elapsed: 3614.88s Epoch 108 TrainOpt 2.5727e-02 Valid skipped LR: 9.9307e-05
Elapsed: 3645.74s Epoch 109 TrainOpt 2.3719e-02 Valid skipped LR: 9.9293e-05
Elapsed: 3678.74s Epoch 110 TrainOpt 2.1608e-02 Valid 2.1001e-02 LR: 9.9280e-05
Elapsed: 3709.91s Epoch 111 TrainOpt 2.4362e-02 Valid skipped LR: 9.9267e-05
Elapsed: 3741.27s Epoch 112 TrainOpt 2.1203e-02 Valid skipped LR: 9.9253e-05
Elapsed: 3772.08s Epoch 113 TrainOpt 2.3264e-02 Valid skipped LR: 9.9240e-05
Elapsed: 3803.26s Epoch 114 TrainOpt 2.2126e-02 Valid skipped LR: 9.9226e-05
Elapsed: 3834.46s Epoch 115 TrainOpt 2.5123e-02 Valid skipped LR: 9.9212e-05
Elapsed: 3865.64s Epoch 116 TrainOpt 2.3735e-02 Valid skipped LR: 9.9198e-05
Elapsed: 3896.67s Epoch 117 TrainOpt 2.3937e-02 Valid skipped LR: 9.9184e-05
Elapsed: 3927.38s Epoch 118 TrainOpt 2.2125e-02 Valid skipped LR: 9.9170e-05
Elapsed: 3958.08s Epoch 119 TrainOpt 2.1988e-02 Valid skipped LR: 9.9156e-05
Elapsed: 3990.74s Epoch 120 TrainOpt 2.0017e-02 Valid 1.9579e-02 LR: 9.9141e-05
Elapsed: 4022.22s Epoch 121 TrainOpt 2.4313e-02 Valid skipped LR: 9.9126e-05
Elapsed: 4052.66s Epoch 122 TrainOpt 2.7945e-02 Valid skipped LR: 9.9112e-05
Elapsed: 4083.04s Epoch 123 TrainOpt 2.3747e-02 Valid skipped LR: 9.9097e-05
Elapsed: 4114.77s Epoch 124 TrainOpt 2.4469e-02 Valid skipped LR: 9.9082e-05
Elapsed: 4145.51s Epoch 125 TrainOpt 2.8345e-02 Valid skipped LR: 9.9067e-05
Elapsed: 4176.29s Epoch 126 TrainOpt 2.6257e-02 Valid skipped LR: 9.9052e-05
Elapsed: 4208.03s Epoch 127 TrainOpt 2.7717e-02 Valid skipped LR: 9.9036e-05
Elapsed: 4238.29s Epoch 128 TrainOpt 2.6330e-02 Valid skipped LR: 9.9021e-05
Elapsed: 4269.01s Epoch 129 TrainOpt 2.8731e-02 Valid skipped LR: 9.9006e-05
Elapsed: 4301.90s Epoch 130 TrainOpt 4.5360e-02 Valid 2.5125e-02 LR: 9.8990e-05
Elapsed: 4332.99s Epoch 131 TrainOpt 2.7571e-02 Valid skipped LR: 9.8974e-05
Elapsed: 4364.19s Epoch 132 TrainOpt 2.3611e-02 Valid skipped LR: 9.8958e-05
Elapsed: 4395.34s Epoch 133 TrainOpt 2.5106e-02 Valid skipped LR: 9.8942e-05
Elapsed: 4427.22s Epoch 134 TrainOpt 2.8537e-02 Valid skipped LR: 9.8926e-05
Elapsed: 4458.58s Epoch 135 TrainOpt 3.0852e-02 Valid skipped LR: 9.8910e-05
Elapsed: 4489.86s Epoch 136 TrainOpt 2.7555e-02 Valid skipped LR: 9.8893e-05
Elapsed: 4521.16s Epoch 137 TrainOpt 2.3815e-02 Valid skipped LR: 9.8877e-05
Elapsed: 4552.76s Epoch 138 TrainOpt 2.5726e-02 Valid skipped LR: 9.8860e-05
Elapsed: 4584.71s Epoch 139 TrainOpt 2.4053e-02 Valid skipped LR: 9.8843e-05
Elapsed: 4617.92s Epoch 140 TrainOpt 2.2731e-02 Valid 2.0801e-02 LR: 9.8826e-05
Elapsed: 4649.45s Epoch 141 TrainOpt 2.2728e-02 Valid skipped LR: 9.8809e-05
Elapsed: 4680.26s Epoch 142 TrainOpt 2.2881e-02 Valid skipped LR: 9.8792e-05
Elapsed: 4712.08s Epoch 143 TrainOpt 2.2906e-02 Valid skipped LR: 9.8775e-05
Elapsed: 4743.42s Epoch 144 TrainOpt 2.4309e-02 Valid skipped LR: 9.8758e-05
Elapsed: 4774.70s Epoch 145 TrainOpt 2.8182e-02 Valid skipped LR: 9.8740e-05
Elapsed: 4807.20s Epoch 146 TrainOpt 2.0439e-02 Valid skipped LR: 9.8723e-05
Elapsed: 4838.88s Epoch 147 TrainOpt 2.0859e-02 Valid skipped LR: 9.8705e-05
Elapsed: 4871.08s Epoch 148 TrainOpt 2.1730e-02 Valid skipped LR: 9.8687e-05
Elapsed: 4902.01s Epoch 149 TrainOpt 2.0040e-02 Valid skipped LR: 9.8669e-05
Elapsed: 4935.39s Epoch 150 TrainOpt 1.9029e-02 Valid 1.7928e-02 LR: 9.8651e-05
Elapsed: 4967.09s Epoch 151 TrainOpt 1.9150e-02 Valid skipped LR: 9.8633e-05
Elapsed: 4998.49s Epoch 152 TrainOpt 1.8069e-02 Valid skipped LR: 9.8615e-05
Elapsed: 5030.49s Epoch 153 TrainOpt 2.0439e-02 Valid skipped LR: 9.8596e-05
Elapsed: 5061.82s Epoch 154 TrainOpt 1.8607e-02 Valid skipped LR: 9.8577e-05
Elapsed: 5093.29s Epoch 155 TrainOpt 2.1062e-02 Valid skipped LR: 9.8559e-05
Elapsed: 5125.72s Epoch 156 TrainOpt 1.9399e-02 Valid skipped LR: 9.8540e-05
Elapsed: 5157.16s Epoch 157 TrainOpt 2.0814e-02 Valid skipped LR: 9.8521e-05
Elapsed: 5188.54s Epoch 158 TrainOpt 1.9375e-02 Valid skipped LR: 9.8502e-05
Elapsed: 5220.24s Epoch 159 TrainOpt 1.8918e-02 Valid skipped LR: 9.8483e-05
Elapsed: 5253.20s Epoch 160 TrainOpt 2.1306e-02 Valid 1.8325e-02 LR: 9.8464e-05
Elapsed: 5284.18s Epoch 161 TrainOpt 1.8070e-02 Valid skipped LR: 9.8444e-05
Elapsed: 5316.15s Epoch 162 TrainOpt 1.7546e-02 Valid skipped LR: 9.8425e-05
Elapsed: 5348.22s Epoch 163 TrainOpt 2.0838e-02 Valid skipped LR: 9.8405e-05
Elapsed: 5379.91s Epoch 164 TrainOpt 2.1687e-02 Valid skipped LR: 9.8385e-05
Elapsed: 5411.23s Epoch 165 TrainOpt 1.7709e-02 Valid skipped LR: 9.8365e-05
Elapsed: 5442.69s Epoch 166 TrainOpt 1.8708e-02 Valid skipped LR: 9.8345e-05
Elapsed: 5474.30s Epoch 167 TrainOpt 2.1569e-02 Valid skipped LR: 9.8325e-05
Elapsed: 5505.95s Epoch 168 TrainOpt 1.9213e-02 Valid skipped LR: 9.8305e-05
Elapsed: 5537.29s Epoch 169 TrainOpt 1.7660e-02 Valid skipped LR: 9.8285e-05
Elapsed: 5570.81s Epoch 170 TrainOpt 1.9574e-02 Valid 1.6299e-02 LR: 9.8264e-05
Elapsed: 5602.17s Epoch 171 TrainOpt 1.9993e-02 Valid skipped LR: 9.8243e-05
Elapsed: 5633.78s Epoch 172 TrainOpt 1.9457e-02 Valid skipped LR: 9.8223e-05
Elapsed: 5665.33s Epoch 173 TrainOpt 1.7651e-02 Valid skipped LR: 9.8202e-05
Elapsed: 5696.67s Epoch 174 TrainOpt 1.9498e-02 Valid skipped LR: 9.8181e-05
Elapsed: 5728.27s Epoch 175 TrainOpt 1.7595e-02 Valid skipped LR: 9.8160e-05
Elapsed: 5760.46s Epoch 176 TrainOpt 1.8034e-02 Valid skipped LR: 9.8139e-05
Elapsed: 5792.47s Epoch 177 TrainOpt 1.8991e-02 Valid skipped LR: 9.8117e-05
Elapsed: 5824.41s Epoch 178 TrainOpt 1.7317e-02 Valid skipped LR: 9.8096e-05
Elapsed: 5856.71s Epoch 179 TrainOpt 1.9296e-02 Valid skipped LR: 9.8074e-05
Elapsed: 5890.57s Epoch 180 TrainOpt 2.1570e-02 Valid 1.7808e-02 LR: 9.8053e-05
Elapsed: 5922.16s Epoch 181 TrainOpt 1.6175e-02 Valid skipped LR: 9.8031e-05
Elapsed: 5953.81s Epoch 182 TrainOpt 1.7933e-02 Valid skipped LR: 9.8009e-05
Elapsed: 5985.54s Epoch 183 TrainOpt 1.9168e-02 Valid skipped LR: 9.7987e-05
Elapsed: 6017.11s Epoch 184 TrainOpt 1.8902e-02 Valid skipped LR: 9.7965e-05
Elapsed: 6048.76s Epoch 185 TrainOpt 1.9714e-02 Valid skipped LR: 9.7942e-05
Elapsed: 6080.62s Epoch 186 TrainOpt 2.0091e-02 Valid skipped LR: 9.7920e-05
Elapsed: 6112.73s Epoch 187 TrainOpt 1.7002e-02 Valid skipped LR: 9.7898e-05
Elapsed: 6144.04s Epoch 188 TrainOpt 1.8932e-02 Valid skipped LR: 9.7875e-05
Elapsed: 6175.39s Epoch 189 TrainOpt 1.7631e-02 Valid skipped LR: 9.7852e-05
Elapsed: 6209.39s Epoch 190 TrainOpt 1.9371e-02 Valid 1.6257e-02 LR: 9.7829e-05
Elapsed: 6240.43s Epoch 191 TrainOpt 2.1955e-02 Valid skipped LR: 9.7806e-05
Elapsed: 6272.06s Epoch 192 TrainOpt 1.9154e-02 Valid skipped LR: 9.7783e-05
Elapsed: 6303.40s Epoch 193 TrainOpt 2.0528e-02 Valid skipped LR: 9.7760e-05
Elapsed: 6334.88s Epoch 194 TrainOpt 2.3721e-02 Valid skipped LR: 9.7737e-05
Elapsed: 6366.93s Epoch 195 TrainOpt 2.9558e-02 Valid skipped LR: 9.7713e-05
Elapsed: 6398.05s Epoch 196 TrainOpt 2.4488e-02 Valid skipped LR: 9.7690e-05
Elapsed: 6430.07s Epoch 197 TrainOpt 2.3135e-02 Valid skipped LR: 9.7666e-05
Elapsed: 6461.15s Epoch 198 TrainOpt 2.0344e-02 Valid skipped LR: 9.7642e-05
Elapsed: 6492.33s Epoch 199 TrainOpt 2.1653e-02 Valid skipped LR: 9.7618e-05
Elapsed: 6526.18s Epoch 200 TrainOpt 2.0493e-02 Valid 1.8198e-02 LR: 9.7594e-05
Elapsed: 6603.50s Epoch 201 TrainOpt 2.0165e-02 Valid skipped LR: 9.7570e-05
Elapsed: 6635.22s Epoch 202 TrainOpt 2.0330e-02 Valid skipped LR: 9.7546e-05
Elapsed: 6666.70s Epoch 203 TrainOpt 1.8635e-02 Valid skipped LR: 9.7521e-05
Elapsed: 6698.12s Epoch 204 TrainOpt 1.8244e-02 Valid skipped LR: 9.7497e-05
Elapsed: 6729.52s Epoch 205 TrainOpt 1.7332e-02 Valid skipped LR: 9.7472e-05
Elapsed: 6760.68s Epoch 206 TrainOpt 1.8812e-02 Valid skipped LR: 9.7447e-05
Elapsed: 6791.75s Epoch 207 TrainOpt 1.6972e-02 Valid skipped LR: 9.7423e-05
Elapsed: 6824.02s Epoch 208 TrainOpt 1.8000e-02 Valid skipped LR: 9.7398e-05
Elapsed: 6855.76s Epoch 209 TrainOpt 1.7400e-02 Valid skipped LR: 9.7373e-05
Elapsed: 6889.28s Epoch 210 TrainOpt 1.9426e-02 Valid 1.5855e-02 LR: 9.7347e-05
Elapsed: 6920.61s Epoch 211 TrainOpt 1.7358e-02 Valid skipped LR: 9.7322e-05
Elapsed: 6951.99s Epoch 212 TrainOpt 2.0119e-02 Valid skipped LR: 9.7297e-05
Elapsed: 6983.30s Epoch 213 TrainOpt 1.7881e-02 Valid skipped LR: 9.7271e-05
Elapsed: 7014.59s Epoch 214 TrainOpt 1.6918e-02 Valid skipped LR: 9.7245e-05
Elapsed: 7046.30s Epoch 215 TrainOpt 1.8317e-02 Valid skipped LR: 9.7219e-05
Elapsed: 7077.87s Epoch 216 TrainOpt 2.1621e-02 Valid skipped LR: 9.7194e-05
Elapsed: 7108.77s Epoch 217 TrainOpt 1.8070e-02 Valid skipped LR: 9.7167e-05
Elapsed: 7141.09s Epoch 218 TrainOpt 1.7362e-02 Valid skipped LR: 9.7141e-05
Elapsed: 7172.20s Epoch 219 TrainOpt 1.7882e-02 Valid skipped LR: 9.7115e-05
Elapsed: 7206.18s Epoch 220 TrainOpt 1.6734e-02 Valid 1.5141e-02 LR: 9.7089e-05
Elapsed: 7238.44s Epoch 221 TrainOpt 1.8022e-02 Valid skipped LR: 9.7062e-05
Elapsed: 7269.92s Epoch 222 TrainOpt 1.8091e-02 Valid skipped LR: 9.7036e-05
Elapsed: 7301.44s Epoch 223 TrainOpt 1.6374e-02 Valid skipped LR: 9.7009e-05
Elapsed: 7333.17s Epoch 224 TrainOpt 1.7054e-02 Valid skipped LR: 9.6982e-05
Elapsed: 7364.46s Epoch 225 TrainOpt 1.8075e-02 Valid skipped LR: 9.6955e-05
Elapsed: 7396.08s Epoch 226 TrainOpt 1.6206e-02 Valid skipped LR: 9.6928e-05
Elapsed: 7427.59s Epoch 227 TrainOpt 1.6141e-02 Valid skipped LR: 9.6901e-05
Elapsed: 7459.55s Epoch 228 TrainOpt 1.6399e-02 Valid skipped LR: 9.6873e-05
Elapsed: 7490.87s Epoch 229 TrainOpt 1.5574e-02 Valid skipped LR: 9.6846e-05
Elapsed: 7523.37s Epoch 230 TrainOpt 1.6431e-02 Valid 1.4875e-02 LR: 9.6818e-05
Elapsed: 7555.52s Epoch 231 TrainOpt 1.6578e-02 Valid skipped LR: 9.6791e-05
Elapsed: 7588.08s Epoch 232 TrainOpt 2.9653e-02 Valid skipped LR: 9.6763e-05
Elapsed: 7619.02s Epoch 233 TrainOpt 1.7502e-02 Valid skipped LR: 9.6735e-05
Elapsed: 7650.08s Epoch 234 TrainOpt 1.6589e-02 Valid skipped LR: 9.6707e-05
Elapsed: 7682.19s Epoch 235 TrainOpt 1.7404e-02 Valid skipped LR: 9.6679e-05
Elapsed: 7713.58s Epoch 236 TrainOpt 1.6617e-02 Valid skipped LR: 9.6651e-05
Elapsed: 7744.99s Epoch 237 TrainOpt 2.0558e-02 Valid skipped LR: 9.6622e-05
Elapsed: 7777.11s Epoch 238 TrainOpt 1.8055e-02 Valid skipped LR: 9.6594e-05
Elapsed: 7808.97s Epoch 239 TrainOpt 1.6159e-02 Valid skipped LR: 9.6565e-05
Elapsed: 7841.87s Epoch 240 TrainOpt 1.9249e-02 Valid 1.5712e-02 LR: 9.6537e-05
Elapsed: 7874.26s Epoch 241 TrainOpt 1.8018e-02 Valid skipped LR: 9.6508e-05
Elapsed: 7906.32s Epoch 242 TrainOpt 1.6113e-02 Valid skipped LR: 9.6479e-05
Elapsed: 7937.83s Epoch 243 TrainOpt 1.6653e-02 Valid skipped LR: 9.6450e-05
Elapsed: 7969.40s Epoch 244 TrainOpt 1.6799e-02 Valid skipped LR: 9.6421e-05
Elapsed: 8001.49s Epoch 245 TrainOpt 1.5917e-02 Valid skipped LR: 9.6391e-05
Elapsed: 8033.26s Epoch 246 TrainOpt 1.6075e-02 Valid skipped LR: 9.6362e-05
Elapsed: 8065.33s Epoch 247 TrainOpt 1.7882e-02 Valid skipped LR: 9.6332e-05
Elapsed: 8097.36s Epoch 248 TrainOpt 1.6728e-02 Valid skipped LR: 9.6303e-05
Elapsed: 8129.12s Epoch 249 TrainOpt 1.6400e-02 Valid skipped LR: 9.6273e-05
Elapsed: 8162.96s Epoch 250 TrainOpt 1.6126e-02 Valid 1.5507e-02 LR: 9.6243e-05
Elapsed: 8195.30s Epoch 251 TrainOpt 1.7613e-02 Valid skipped LR: 9.6213e-05
Elapsed: 8227.80s Epoch 252 TrainOpt 1.6357e-02 Valid skipped LR: 9.6183e-05
Elapsed: 8259.88s Epoch 253 TrainOpt 1.6269e-02 Valid skipped LR: 9.6153e-05
Elapsed: 8291.52s Epoch 254 TrainOpt 1.5751e-02 Valid skipped LR: 9.6123e-05
Elapsed: 8322.67s Epoch 255 TrainOpt 1.6715e-02 Valid skipped LR: 9.6092e-05
Elapsed: 8353.69s Epoch 256 TrainOpt 1.7664e-02 Valid skipped LR: 9.6062e-05
Elapsed: 8385.25s Epoch 257 TrainOpt 1.7393e-02 Valid skipped LR: 9.6031e-05
Elapsed: 8417.15s Epoch 258 TrainOpt 1.7824e-02 Valid skipped LR: 9.6000e-05
Elapsed: 8448.55s Epoch 259 TrainOpt 1.7232e-02 Valid skipped LR: 9.5969e-05
Elapsed: 8481.51s Epoch 260 TrainOpt 2.8928e-02 Valid 2.4547e-02 LR: 9.5938e-05
Elapsed: 8512.99s Epoch 261 TrainOpt 1.9290e-02 Valid skipped LR: 9.5907e-05
Elapsed: 8545.15s Epoch 262 TrainOpt 1.9659e-02 Valid skipped LR: 9.5876e-05
Elapsed: 8576.81s Epoch 263 TrainOpt 1.9656e-02 Valid skipped LR: 9.5845e-05
Elapsed: 8608.13s Epoch 264 TrainOpt 1.9107e-02 Valid skipped LR: 9.5813e-05
Elapsed: 8640.04s Epoch 265 TrainOpt 2.1226e-02 Valid skipped LR: 9.5782e-05
Elapsed: 8672.37s Epoch 266 TrainOpt 2.6002e-02 Valid skipped LR: 9.5750e-05
Elapsed: 8704.08s Epoch 267 TrainOpt 1.8156e-02 Valid skipped LR: 9.5718e-05
Elapsed: 8735.48s Epoch 268 TrainOpt 1.7209e-02 Valid skipped LR: 9.5686e-05
Elapsed: 8767.38s Epoch 269 TrainOpt 1.7394e-02 Valid skipped LR: 9.5654e-05
Elapsed: 8800.73s Epoch 270 TrainOpt 1.7660e-02 Valid 1.6024e-02 LR: 9.5622e-05
Elapsed: 8833.16s Epoch 271 TrainOpt 1.7230e-02 Valid skipped LR: 9.5590e-05
Elapsed: 8864.80s Epoch 272 TrainOpt 1.6617e-02 Valid skipped LR: 9.5557e-05
Elapsed: 8896.93s Epoch 273 TrainOpt 1.6855e-02 Valid skipped LR: 9.5525e-05
Elapsed: 8929.23s Epoch 274 TrainOpt 1.7376e-02 Valid skipped LR: 9.5492e-05
Elapsed: 8961.20s Epoch 275 TrainOpt 1.7450e-02 Valid skipped LR: 9.5460e-05
Elapsed: 8992.79s Epoch 276 TrainOpt 1.7694e-02 Valid skipped LR: 9.5427e-05
Elapsed: 9024.66s Epoch 277 TrainOpt 1.7929e-02 Valid skipped LR: 9.5394e-05
Elapsed: 9057.38s Epoch 278 TrainOpt 1.7098e-02 Valid skipped LR: 9.5361e-05
Elapsed: 9088.70s Epoch 279 TrainOpt 1.7626e-02 Valid skipped LR: 9.5328e-05
Elapsed: 9122.48s Epoch 280 TrainOpt 1.8082e-02 Valid 1.6011e-02 LR: 9.5295e-05
Elapsed: 9154.76s Epoch 281 TrainOpt 1.7199e-02 Valid skipped LR: 9.5261e-05
Elapsed: 9186.87s Epoch 282 TrainOpt 1.6958e-02 Valid skipped LR: 9.5228e-05
Elapsed: 9218.63s Epoch 283 TrainOpt 1.8914e-02 Valid skipped LR: 9.5194e-05
Elapsed: 9250.50s Epoch 284 TrainOpt 1.9489e-02 Valid skipped LR: 9.5160e-05
Elapsed: 9282.42s Epoch 285 TrainOpt 1.7981e-02 Valid skipped LR: 9.5127e-05
Elapsed: 9314.40s Epoch 286 TrainOpt 1.7654e-02 Valid skipped LR: 9.5093e-05
Elapsed: 9346.21s Epoch 287 TrainOpt 1.7634e-02 Valid skipped LR: 9.5059e-05
Elapsed: 9378.31s Epoch 288 TrainOpt 1.7320e-02 Valid skipped LR: 9.5025e-05
Elapsed: 9410.89s Epoch 289 TrainOpt 1.7293e-02 Valid skipped LR: 9.4990e-05
Elapsed: 9444.15s Epoch 290 TrainOpt 1.6574e-02 Valid 1.5822e-02 LR: 9.4956e-05
Elapsed: 9476.76s Epoch 291 TrainOpt 1.7589e-02 Valid skipped LR: 9.4921e-05
Elapsed: 9508.96s Epoch 292 TrainOpt 1.8040e-02 Valid skipped LR: 9.4887e-05
Elapsed: 9539.77s Epoch 293 TrainOpt 1.6211e-02 Valid skipped LR: 9.4852e-05
Elapsed: 9571.36s Epoch 294 TrainOpt 1.6731e-02 Valid skipped LR: 9.4817e-05
Elapsed: 9602.51s Epoch 295 TrainOpt 1.6531e-02 Valid skipped LR: 9.4782e-05
Elapsed: 9633.87s Epoch 296 TrainOpt 1.7166e-02 Valid skipped LR: 9.4747e-05
Elapsed: 9664.49s Epoch 297 TrainOpt 1.6012e-02 Valid skipped LR: 9.4712e-05
Elapsed: 9695.98s Epoch 298 TrainOpt 1.6609e-02 Valid skipped LR: 9.4677e-05
Elapsed: 9727.15s Epoch 299 TrainOpt 1.7198e-02 Valid skipped LR: 9.4642e-05
Elapsed: 9760.26s Epoch 300 TrainOpt 1.7266e-02 Valid 1.5392e-02 LR: 9.4606e-05
Elapsed: 9834.47s Epoch 301 TrainOpt 1.6906e-02 Valid skipped LR: 9.4570e-05
Elapsed: 9866.03s Epoch 302 TrainOpt 1.7040e-02 Valid skipped LR: 9.4535e-05
Elapsed: 9897.42s Epoch 303 TrainOpt 1.6882e-02 Valid skipped LR: 9.4499e-05
Elapsed: 9929.19s Epoch 304 TrainOpt 1.6175e-02 Valid skipped LR: 9.4463e-05
Elapsed: 9961.20s Epoch 305 TrainOpt 1.7699e-02 Valid skipped LR: 9.4427e-05
Elapsed: 9992.77s Epoch 306 TrainOpt 1.7171e-02 Valid skipped LR: 9.4391e-05
Elapsed: 10023.82s Epoch 307 TrainOpt 1.6979e-02 Valid skipped LR: 9.4355e-05
Elapsed: 10055.56s Epoch 308 TrainOpt 1.6968e-02 Valid skipped LR: 9.4318e-05
Elapsed: 10087.35s Epoch 309 TrainOpt 1.7460e-02 Valid skipped LR: 9.4282e-05
Elapsed: 10120.11s Epoch 310 TrainOpt 1.6904e-02 Valid 1.6213e-02 LR: 9.4245e-05
Elapsed: 10151.21s Epoch 311 TrainOpt 1.8123e-02 Valid skipped LR: 9.4209e-05
Elapsed: 10182.98s Epoch 312 TrainOpt 1.7662e-02 Valid skipped LR: 9.4172e-05
Elapsed: 10214.51s Epoch 313 TrainOpt 1.7032e-02 Valid skipped LR: 9.4135e-05
Elapsed: 10246.04s Epoch 314 TrainOpt 1.6431e-02 Valid skipped LR: 9.4098e-05
Elapsed: 10278.20s Epoch 315 TrainOpt 1.7265e-02 Valid skipped LR: 9.4061e-05
Elapsed: 10308.85s Epoch 316 TrainOpt 1.8043e-02 Valid skipped LR: 9.4023e-05
Elapsed: 10340.51s Epoch 317 TrainOpt 1.7983e-02 Valid skipped LR: 9.3986e-05
Elapsed: 10372.05s Epoch 318 TrainOpt 1.7212e-02 Valid skipped LR: 9.3949e-05
Elapsed: 10403.17s Epoch 319 TrainOpt 1.6367e-02 Valid skipped LR: 9.3911e-05
Elapsed: 10436.50s Epoch 320 TrainOpt 1.8418e-02 Valid 1.5584e-02 LR: 9.3873e-05
Elapsed: 10468.51s Epoch 321 TrainOpt 1.7187e-02 Valid skipped LR: 9.3836e-05
Elapsed: 10499.52s Epoch 322 TrainOpt 1.6121e-02 Valid skipped LR: 9.3798e-05
Elapsed: 10530.86s Epoch 323 TrainOpt 1.6717e-02 Valid skipped LR: 9.3760e-05
Elapsed: 10562.84s Epoch 324 TrainOpt 1.6307e-02 Valid skipped LR: 9.3722e-05
Elapsed: 10594.13s Epoch 325 TrainOpt 1.6648e-02 Valid skipped LR: 9.3683e-05
Elapsed: 10625.59s Epoch 326 TrainOpt 1.6185e-02 Valid skipped LR: 9.3645e-05
Elapsed: 10656.73s Epoch 327 TrainOpt 1.6209e-02 Valid skipped LR: 9.3607e-05
Elapsed: 10687.84s Epoch 328 TrainOpt 1.6965e-02 Valid skipped LR: 9.3568e-05
Elapsed: 10719.17s Epoch 329 TrainOpt 1.6522e-02 Valid skipped LR: 9.3530e-05
Elapsed: 10752.69s Epoch 330 TrainOpt 1.5637e-02 Valid 1.4057e-02 LR: 9.3491e-05
Elapsed: 10784.43s Epoch 331 TrainOpt 1.6163e-02 Valid skipped LR: 9.3452e-05
Elapsed: 10815.97s Epoch 332 TrainOpt 1.4963e-02 Valid skipped LR: 9.3413e-05
Elapsed: 10847.51s Epoch 333 TrainOpt 1.6061e-02 Valid skipped LR: 9.3374e-05
Elapsed: 10878.90s Epoch 334 TrainOpt 1.6921e-02 Valid skipped LR: 9.3335e-05
Elapsed: 10910.38s Epoch 335 TrainOpt 1.5838e-02 Valid skipped LR: 9.3295e-05
Elapsed: 10942.16s Epoch 336 TrainOpt 1.6150e-02 Valid skipped LR: 9.3256e-05
Elapsed: 10973.74s Epoch 337 TrainOpt 1.6334e-02 Valid skipped LR: 9.3216e-05
Elapsed: 11004.96s Epoch 338 TrainOpt 1.5285e-02 Valid skipped LR: 9.3177e-05
Elapsed: 11036.27s Epoch 339 TrainOpt 1.6253e-02 Valid skipped LR: 9.3137e-05
Elapsed: 11069.21s Epoch 340 TrainOpt 1.5978e-02 Valid 1.4365e-02 LR: 9.3097e-05
Elapsed: 11100.56s Epoch 341 TrainOpt 1.5829e-02 Valid skipped LR: 9.3057e-05
Elapsed: 11132.09s Epoch 342 TrainOpt 1.5378e-02 Valid skipped LR: 9.3017e-05
Elapsed: 11163.21s Epoch 343 TrainOpt 1.5279e-02 Valid skipped LR: 9.2977e-05
Elapsed: 11194.73s Epoch 344 TrainOpt 1.5280e-02 Valid skipped LR: 9.2937e-05
Elapsed: 11226.32s Epoch 345 TrainOpt 1.5179e-02 Valid skipped LR: 9.2897e-05
Elapsed: 11257.08s Epoch 346 TrainOpt 1.5585e-02 Valid skipped LR: 9.2856e-05
Elapsed: 11288.48s Epoch 347 TrainOpt 1.5962e-02 Valid skipped LR: 9.2816e-05
Elapsed: 11320.09s Epoch 348 TrainOpt 1.6185e-02 Valid skipped LR: 9.2775e-05
Elapsed: 11351.09s Epoch 349 TrainOpt 1.5534e-02 Valid skipped LR: 9.2734e-05
Elapsed: 11384.61s Epoch 350 TrainOpt 1.5908e-02 Valid 1.4743e-02 LR: 9.2693e-05
Elapsed: 11415.58s Epoch 351 TrainOpt 1.5707e-02 Valid skipped LR: 9.2652e-05
Elapsed: 11446.92s Epoch 352 TrainOpt 1.5818e-02 Valid skipped LR: 9.2611e-05
Elapsed: 11479.18s Epoch 353 TrainOpt 1.9767e-02 Valid skipped LR: 9.2570e-05
Elapsed: 11510.87s Epoch 354 TrainOpt 1.6576e-02 Valid skipped LR: 9.2529e-05
Elapsed: 11542.43s Epoch 355 TrainOpt 1.5645e-02 Valid skipped LR: 9.2487e-05
Elapsed: 11574.52s Epoch 356 TrainOpt 1.7080e-02 Valid skipped LR: 9.2446e-05
Elapsed: 11606.50s Epoch 357 TrainOpt 1.6718e-02 Valid skipped LR: 9.2404e-05
Elapsed: 11638.47s Epoch 358 TrainOpt 1.6478e-02 Valid skipped LR: 9.2362e-05
Elapsed: 11670.25s Epoch 359 TrainOpt 1.7345e-02 Valid skipped LR: 9.2321e-05
Elapsed: 11704.13s Epoch 360 TrainOpt 1.7496e-02 Valid 1.6331e-02 LR: 9.2279e-05
Elapsed: 11736.17s Epoch 361 TrainOpt 1.7962e-02 Valid skipped LR: 9.2237e-05
Elapsed: 11767.86s Epoch 362 TrainOpt 1.8443e-02 Valid skipped LR: 9.2194e-05
Elapsed: 11800.27s Epoch 363 TrainOpt 1.8741e-02 Valid skipped LR: 9.2152e-05
Elapsed: 11832.16s Epoch 364 TrainOpt 1.7811e-02 Valid skipped LR: 9.2110e-05
Elapsed: 11863.98s Epoch 365 TrainOpt 1.7521e-02 Valid skipped LR: 9.2067e-05
Elapsed: 11895.74s Epoch 366 TrainOpt 1.6779e-02 Valid skipped LR: 9.2025e-05
Elapsed: 11927.66s Epoch 367 TrainOpt 2.2076e-02 Valid skipped LR: 9.1982e-05
Elapsed: 11960.11s Epoch 368 TrainOpt 1.9799e-02 Valid skipped LR: 9.1939e-05
Elapsed: 11991.89s Epoch 369 TrainOpt 2.0822e-02 Valid skipped LR: 9.1896e-05
Elapsed: 12025.84s Epoch 370 TrainOpt 1.7637e-02 Valid 1.7519e-02 LR: 9.1853e-05
Elapsed: 12058.31s Epoch 371 TrainOpt 1.7567e-02 Valid skipped LR: 9.1810e-05
Elapsed: 12089.79s Epoch 372 TrainOpt 1.6359e-02 Valid skipped LR: 9.1767e-05
Elapsed: 12121.63s Epoch 373 TrainOpt 1.6334e-02 Valid skipped LR: 9.1724e-05
Elapsed: 12153.66s Epoch 374 TrainOpt 1.6548e-02 Valid skipped LR: 9.1681e-05
Elapsed: 12185.34s Epoch 375 TrainOpt 1.7301e-02 Valid skipped LR: 9.1637e-05
Elapsed: 12217.24s Epoch 376 TrainOpt 1.7283e-02 Valid skipped LR: 9.1593e-05
Elapsed: 12249.02s Epoch 377 TrainOpt 1.5775e-02 Valid skipped LR: 9.1550e-05
Elapsed: 12281.41s Epoch 378 TrainOpt 1.6685e-02 Valid skipped LR: 9.1506e-05
Elapsed: 12313.28s Epoch 379 TrainOpt 1.6113e-02 Valid skipped LR: 9.1462e-05
Elapsed: 12347.50s Epoch 380 TrainOpt 1.7482e-02 Valid 1.5146e-02 LR: 9.1418e-05
Elapsed: 12379.50s Epoch 381 TrainOpt 1.7174e-02 Valid skipped LR: 9.1374e-05
Elapsed: 12411.34s Epoch 382 TrainOpt 1.6325e-02 Valid skipped LR: 9.1330e-05
Elapsed: 12443.63s Epoch 383 TrainOpt 1.5902e-02 Valid skipped LR: 9.1285e-05
Elapsed: 12475.55s Epoch 384 TrainOpt 1.5924e-02 Valid skipped LR: 9.1241e-05
Elapsed: 12507.52s Epoch 385 TrainOpt 1.6168e-02 Valid skipped LR: 9.1196e-05
Elapsed: 12539.81s Epoch 386 TrainOpt 1.6743e-02 Valid skipped LR: 9.1152e-05
Elapsed: 12572.44s Epoch 387 TrainOpt 1.7271e-02 Valid skipped LR: 9.1107e-05
Elapsed: 12603.77s Epoch 388 TrainOpt 1.7418e-02 Valid skipped LR: 9.1062e-05
Elapsed: 12636.14s Epoch 389 TrainOpt 1.7258e-02 Valid skipped LR: 9.1017e-05
Elapsed: 12669.99s Epoch 390 TrainOpt 1.6947e-02 Valid 1.6275e-02 LR: 9.0972e-05
Elapsed: 12701.65s Epoch 391 TrainOpt 1.7573e-02 Valid skipped LR: 9.0927e-05
Elapsed: 12733.62s Epoch 392 TrainOpt 1.7223e-02 Valid skipped LR: 9.0882e-05
Elapsed: 12765.16s Epoch 393 TrainOpt 1.6310e-02 Valid skipped LR: 9.0837e-05
Elapsed: 12797.73s Epoch 394 TrainOpt 1.7407e-02 Valid skipped LR: 9.0791e-05
Elapsed: 12829.18s Epoch 395 TrainOpt 1.7521e-02 Valid skipped LR: 9.0746e-05
Elapsed: 12860.80s Epoch 396 TrainOpt 1.7220e-02 Valid skipped LR: 9.0700e-05
Elapsed: 12893.16s Epoch 397 TrainOpt 1.5846e-02 Valid skipped LR: 9.0654e-05
Elapsed: 12925.66s Epoch 398 TrainOpt 1.6601e-02 Valid skipped LR: 9.0608e-05
Elapsed: 12957.26s Epoch 399 TrainOpt 1.5812e-02 Valid skipped LR: 9.0562e-05
Elapsed: 12989.63s Epoch 400 TrainOpt 1.6601e-02 Valid 1.5070e-02 LR: 9.0516e-05
Elapsed: 13067.85s Epoch 401 TrainOpt 1.6147e-02 Valid skipped LR: 9.0470e-05
Elapsed: 13099.43s Epoch 402 TrainOpt 1.6601e-02 Valid skipped LR: 9.0424e-05
Elapsed: 13131.39s Epoch 403 TrainOpt 1.6399e-02 Valid skipped LR: 9.0378e-05
Elapsed: 13163.35s Epoch 404 TrainOpt 1.6978e-02 Valid skipped LR: 9.0331e-05
Elapsed: 13195.52s Epoch 405 TrainOpt 1.6624e-02 Valid skipped LR: 9.0285e-05
Elapsed: 13227.04s Epoch 406 TrainOpt 1.6548e-02 Valid skipped LR: 9.0238e-05
Elapsed: 13259.46s Epoch 407 TrainOpt 1.6593e-02 Valid skipped LR: 9.0191e-05
Elapsed: 13290.96s Epoch 408 TrainOpt 1.5514e-02 Valid skipped LR: 9.0145e-05
Elapsed: 13322.82s Epoch 409 TrainOpt 1.6288e-02 Valid skipped LR: 9.0098e-05
Elapsed: 13355.85s Epoch 410 TrainOpt 1.6145e-02 Valid 1.4964e-02 LR: 9.0051e-05
Elapsed: 13388.45s Epoch 411 TrainOpt 1.6435e-02 Valid skipped LR: 9.0003e-05
Elapsed: 13420.08s Epoch 412 TrainOpt 1.6493e-02 Valid skipped LR: 8.9956e-05
Elapsed: 13451.33s Epoch 413 TrainOpt 1.5804e-02 Valid skipped LR: 8.9909e-05
Elapsed: 13483.24s Epoch 414 TrainOpt 1.5749e-02 Valid skipped LR: 8.9861e-05
Elapsed: 13515.51s Epoch 415 TrainOpt 1.5824e-02 Valid skipped LR: 8.9814e-05
Elapsed: 13547.29s Epoch 416 TrainOpt 1.6478e-02 Valid skipped LR: 8.9766e-05
Elapsed: 13579.22s Epoch 417 TrainOpt 1.7103e-02 Valid skipped LR: 8.9719e-05
Elapsed: 13611.48s Epoch 418 TrainOpt 1.7497e-02 Valid skipped LR: 8.9671e-05
Elapsed: 13643.47s Epoch 419 TrainOpt 1.7733e-02 Valid skipped LR: 8.9623e-05
Elapsed: 13676.82s Epoch 420 TrainOpt 1.8142e-02 Valid 1.6880e-02 LR: 8.9575e-05
Elapsed: 13709.51s Epoch 421 TrainOpt 1.7928e-02 Valid skipped LR: 8.9527e-05
Elapsed: 13741.54s Epoch 422 TrainOpt 1.7715e-02 Valid skipped LR: 8.9478e-05
Elapsed: 13773.20s Epoch 423 TrainOpt 1.7306e-02 Valid skipped LR: 8.9430e-05
Elapsed: 13804.71s Epoch 424 TrainOpt 1.7734e-02 Valid skipped LR: 8.9382e-05
Elapsed: 13835.81s Epoch 425 TrainOpt 1.7592e-02 Valid skipped LR: 8.9333e-05
Elapsed: 13867.35s Epoch 426 TrainOpt 1.7077e-02 Valid skipped LR: 8.9285e-05
Elapsed: 13899.69s Epoch 427 TrainOpt 1.7099e-02 Valid skipped LR: 8.9236e-05
Elapsed: 13932.09s Epoch 428 TrainOpt 1.6660e-02 Valid skipped LR: 8.9187e-05
Elapsed: 13963.62s Epoch 429 TrainOpt 1.6184e-02 Valid skipped LR: 8.9138e-05
Elapsed: 13996.51s Epoch 430 TrainOpt 1.6753e-02 Valid 1.5240e-02 LR: 8.9089e-05
Elapsed: 14029.14s Epoch 431 TrainOpt 1.8858e-02 Valid skipped LR: 8.9040e-05
Elapsed: 14060.70s Epoch 432 TrainOpt 1.6387e-02 Valid skipped LR: 8.8991e-05
Elapsed: 14091.85s Epoch 433 TrainOpt 1.5607e-02 Valid skipped LR: 8.8942e-05
Elapsed: 14123.91s Epoch 434 TrainOpt 1.5569e-02 Valid skipped LR: 8.8892e-05
Elapsed: 14156.15s Epoch 435 TrainOpt 1.5976e-02 Valid skipped LR: 8.8843e-05
Elapsed: 14187.82s Epoch 436 TrainOpt 1.6169e-02 Valid skipped LR: 8.8793e-05
Elapsed: 14219.46s Epoch 437 TrainOpt 1.6493e-02 Valid skipped LR: 8.8743e-05
Elapsed: 14251.29s Epoch 438 TrainOpt 1.9401e-02 Valid skipped LR: 8.8694e-05
Elapsed: 14283.32s Epoch 439 TrainOpt 1.7257e-02 Valid skipped LR: 8.8644e-05
Elapsed: 14317.44s Epoch 440 TrainOpt 1.6994e-02 Valid 1.5968e-02 LR: 8.8594e-05
Elapsed: 14349.56s Epoch 441 TrainOpt 1.6342e-02 Valid skipped LR: 8.8544e-05
Elapsed: 14381.24s Epoch 442 TrainOpt 1.5778e-02 Valid skipped LR: 8.8494e-05
Elapsed: 14413.62s Epoch 443 TrainOpt 1.6623e-02 Valid skipped LR: 8.8443e-05
Elapsed: 14445.45s Epoch 444 TrainOpt 1.6021e-02 Valid skipped LR: 8.8393e-05
Elapsed: 14478.02s Epoch 445 TrainOpt 1.6190e-02 Valid skipped LR: 8.8343e-05
Elapsed: 14510.30s Epoch 446 TrainOpt 1.6229e-02 Valid skipped LR: 8.8292e-05
Elapsed: 14542.79s Epoch 447 TrainOpt 1.6687e-02 Valid skipped LR: 8.8242e-05
Elapsed: 14574.91s Epoch 448 TrainOpt 1.5780e-02 Valid skipped LR: 8.8191e-05
Elapsed: 14606.69s Epoch 449 TrainOpt 1.6126e-02 Valid skipped LR: 8.8140e-05
Elapsed: 14639.44s Epoch 450 TrainOpt 1.6329e-02 Valid 1.5080e-02 LR: 8.8089e-05
Elapsed: 14671.14s Epoch 451 TrainOpt 1.6219e-02 Valid skipped LR: 8.8038e-05
Elapsed: 14702.52s Epoch 452 TrainOpt 1.6997e-02 Valid skipped LR: 8.7987e-05
Elapsed: 14733.28s Epoch 453 TrainOpt 1.7704e-02 Valid skipped LR: 8.7936e-05
Elapsed: 14764.84s Epoch 454 TrainOpt 1.7515e-02 Valid skipped LR: 8.7885e-05
Elapsed: 14795.84s Epoch 455 TrainOpt 1.7319e-02 Valid skipped LR: 8.7833e-05
Elapsed: 14827.49s Epoch 456 TrainOpt 1.8205e-02 Valid skipped LR: 8.7782e-05
Elapsed: 14858.51s Epoch 457 TrainOpt 1.6431e-02 Valid skipped LR: 8.7730e-05
Elapsed: 14890.31s Epoch 458 TrainOpt 1.6734e-02 Valid skipped LR: 8.7678e-05
Elapsed: 14921.85s Epoch 459 TrainOpt 1.6310e-02 Valid skipped LR: 8.7627e-05
Elapsed: 14954.72s Epoch 460 TrainOpt 1.5908e-02 Valid 1.5405e-02 LR: 8.7575e-05
Elapsed: 14986.20s Epoch 461 TrainOpt 1.5843e-02 Valid skipped LR: 8.7523e-05
Elapsed: 15017.66s Epoch 462 TrainOpt 1.5879e-02 Valid skipped LR: 8.7471e-05
Elapsed: 15048.50s Epoch 463 TrainOpt 1.6624e-02 Valid skipped LR: 8.7419e-05
Elapsed: 15080.65s Epoch 464 TrainOpt 1.7611e-02 Valid skipped LR: 8.7367e-05
Elapsed: 15112.06s Epoch 465 TrainOpt 1.6832e-02 Valid skipped LR: 8.7314e-05
Elapsed: 15143.59s Epoch 466 TrainOpt 1.6526e-02 Valid skipped LR: 8.7262e-05
Elapsed: 15175.43s Epoch 467 TrainOpt 1.9400e-02 Valid skipped LR: 8.7209e-05
Elapsed: 15207.26s Epoch 468 TrainOpt 1.8873e-02 Valid skipped LR: 8.7157e-05
Elapsed: 15239.08s Epoch 469 TrainOpt 2.1022e-02 Valid skipped LR: 8.7104e-05
Elapsed: 15272.05s Epoch 470 TrainOpt 2.3903e-02 Valid 1.9620e-02 LR: 8.7051e-05
Elapsed: 15303.62s Epoch 471 TrainOpt 2.0920e-02 Valid skipped LR: 8.6998e-05
Elapsed: 15334.76s Epoch 472 TrainOpt 2.2547e-02 Valid skipped LR: 8.6946e-05
Elapsed: 15366.09s Epoch 473 TrainOpt 2.4172e-02 Valid skipped LR: 8.6892e-05
Elapsed: 15397.42s Epoch 474 TrainOpt 2.0701e-02 Valid skipped LR: 8.6839e-05
Elapsed: 15428.56s Epoch 475 TrainOpt 1.7383e-02 Valid skipped LR: 8.6786e-05
Elapsed: 15459.75s Epoch 476 TrainOpt 1.6850e-02 Valid skipped LR: 8.6733e-05
Elapsed: 15491.04s Epoch 477 TrainOpt 1.6352e-02 Valid skipped LR: 8.6679e-05
Elapsed: 15521.91s Epoch 478 TrainOpt 1.6153e-02 Valid skipped LR: 8.6626e-05
Elapsed: 15552.92s Epoch 479 TrainOpt 1.5926e-02 Valid skipped LR: 8.6572e-05
Elapsed: 15586.02s Epoch 480 TrainOpt 1.7931e-02 Valid 1.6349e-02 LR: 8.6519e-05
Elapsed: 15617.07s Epoch 481 TrainOpt 1.6853e-02 Valid skipped LR: 8.6465e-05
Elapsed: 15648.37s Epoch 482 TrainOpt 1.8778e-02 Valid skipped LR: 8.6411e-05
Elapsed: 15679.61s Epoch 483 TrainOpt 1.8758e-02 Valid skipped LR: 8.6357e-05
Elapsed: 15711.31s Epoch 484 TrainOpt 1.8550e-02 Valid skipped LR: 8.6303e-05
Elapsed: 15742.60s Epoch 485 TrainOpt 1.8035e-02 Valid skipped LR: 8.6249e-05
Elapsed: 15774.09s Epoch 486 TrainOpt 1.6827e-02 Valid skipped LR: 8.6195e-05
Elapsed: 15806.01s Epoch 487 TrainOpt 1.6233e-02 Valid skipped LR: 8.6140e-05
Elapsed: 15837.50s Epoch 488 TrainOpt 1.6688e-02 Valid skipped LR: 8.6086e-05
Elapsed: 15868.60s Epoch 489 TrainOpt 1.6254e-02 Valid skipped LR: 8.6031e-05
Elapsed: 15902.30s Epoch 490 TrainOpt 1.9687e-02 Valid 1.7011e-02 LR: 8.5977e-05
Elapsed: 15933.45s Epoch 491 TrainOpt 1.6612e-02 Valid skipped LR: 8.5922e-05
Elapsed: 15965.21s Epoch 492 TrainOpt 1.5955e-02 Valid skipped LR: 8.5867e-05
Elapsed: 15997.39s Epoch 493 TrainOpt 1.6182e-02 Valid skipped LR: 8.5813e-05
Elapsed: 16029.14s Epoch 494 TrainOpt 1.5578e-02 Valid skipped LR: 8.5758e-05
Elapsed: 16060.66s Epoch 495 TrainOpt 1.5314e-02 Valid skipped LR: 8.5703e-05
Elapsed: 16091.90s Epoch 496 TrainOpt 1.6059e-02 Valid skipped LR: 8.5648e-05
Elapsed: 16123.59s Epoch 497 TrainOpt 1.5706e-02 Valid skipped LR: 8.5592e-05
Elapsed: 16155.19s Epoch 498 TrainOpt 1.5487e-02 Valid skipped LR: 8.5537e-05
Elapsed: 16187.15s Epoch 499 TrainOpt 1.5942e-02 Valid skipped LR: 8.5482e-05
Elapsed: 16220.12s Epoch 500 TrainOpt 1.5953e-02 Valid 1.4952e-02 LR: 8.5426e-05
Elapsed: 16295.64s Epoch 501 TrainOpt 1.5457e-02 Valid skipped LR: 8.5371e-05
Elapsed: 16326.81s Epoch 502 TrainOpt 1.6486e-02 Valid skipped LR: 8.5315e-05
Elapsed: 16358.52s Epoch 503 TrainOpt 1.6022e-02 Valid skipped LR: 8.5259e-05
Elapsed: 16389.94s Epoch 504 TrainOpt 1.5596e-02 Valid skipped LR: 8.5204e-05
Elapsed: 16421.19s Epoch 505 TrainOpt 1.5166e-02 Valid skipped LR: 8.5148e-05
Elapsed: 16452.47s Epoch 506 TrainOpt 1.5956e-02 Valid skipped LR: 8.5092e-05
Elapsed: 16483.81s Epoch 507 TrainOpt 1.5944e-02 Valid skipped LR: 8.5036e-05
Elapsed: 16514.85s Epoch 508 TrainOpt 1.5774e-02 Valid skipped LR: 8.4979e-05
Elapsed: 16547.00s Epoch 509 TrainOpt 1.5927e-02 Valid skipped LR: 8.4923e-05
Elapsed: 16580.27s Epoch 510 TrainOpt 1.6490e-02 Valid 1.5869e-02 LR: 8.4867e-05
Elapsed: 16612.14s Epoch 511 TrainOpt 1.6599e-02 Valid skipped LR: 8.4810e-05
Elapsed: 16643.59s Epoch 512 TrainOpt 1.6551e-02 Valid skipped LR: 8.4754e-05
Elapsed: 16675.16s Epoch 513 TrainOpt 1.6167e-02 Valid skipped LR: 8.4697e-05
Elapsed: 16706.09s Epoch 514 TrainOpt 1.8009e-02 Valid skipped LR: 8.4641e-05
Elapsed: 16737.47s Epoch 515 TrainOpt 1.7475e-02 Valid skipped LR: 8.4584e-05
Elapsed: 16769.35s Epoch 516 TrainOpt 1.7330e-02 Valid skipped LR: 8.4527e-05
Elapsed: 16801.11s Epoch 517 TrainOpt 1.9497e-02 Valid skipped LR: 8.4470e-05
Elapsed: 16832.15s Epoch 518 TrainOpt 1.9035e-02 Valid skipped LR: 8.4413e-05
Elapsed: 16863.87s Epoch 519 TrainOpt 1.8095e-02 Valid skipped LR: 8.4356e-05
Elapsed: 16897.46s Epoch 520 TrainOpt 1.8558e-02 Valid 1.8191e-02 LR: 8.4299e-05
Elapsed: 16929.13s Epoch 521 TrainOpt 1.8652e-02 Valid skipped LR: 8.4242e-05
Elapsed: 16959.80s Epoch 522 TrainOpt 2.0031e-02 Valid skipped LR: 8.4184e-05
Elapsed: 16991.26s Epoch 523 TrainOpt 1.9125e-02 Valid skipped LR: 8.4127e-05
Elapsed: 17022.90s Epoch 524 TrainOpt 1.7707e-02 Valid skipped LR: 8.4069e-05
Elapsed: 17054.49s Epoch 525 TrainOpt 1.6592e-02 Valid skipped LR: 8.4012e-05
Elapsed: 17085.94s Epoch 526 TrainOpt 1.7040e-02 Valid skipped LR: 8.3954e-05
Elapsed: 17117.26s Epoch 527 TrainOpt 1.6829e-02 Valid skipped LR: 8.3896e-05
Elapsed: 17148.64s Epoch 528 TrainOpt 1.5858e-02 Valid skipped LR: 8.3838e-05
Elapsed: 17180.53s Epoch 529 TrainOpt 1.5821e-02 Valid skipped LR: 8.3780e-05
Elapsed: 17213.20s Epoch 530 TrainOpt 1.5276e-02 Valid 1.5263e-02 LR: 8.3722e-05
Elapsed: 17244.83s Epoch 531 TrainOpt 1.6291e-02 Valid skipped LR: 8.3664e-05
Elapsed: 17276.78s Epoch 532 TrainOpt 1.5515e-02 Valid skipped LR: 8.3606e-05
Elapsed: 17308.24s Epoch 533 TrainOpt 1.5712e-02 Valid skipped LR: 8.3548e-05
Elapsed: 17339.67s Epoch 534 TrainOpt 1.6167e-02 Valid skipped LR: 8.3489e-05
Elapsed: 17370.93s Epoch 535 TrainOpt 1.5534e-02 Valid skipped LR: 8.3431e-05
Elapsed: 17402.15s Epoch 536 TrainOpt 1.5672e-02 Valid skipped LR: 8.3372e-05
Elapsed: 17433.81s Epoch 537 TrainOpt 1.5563e-02 Valid skipped LR: 8.3314e-05
Elapsed: 17465.52s Epoch 538 TrainOpt 1.5805e-02 Valid skipped LR: 8.3255e-05
Elapsed: 17497.15s Epoch 539 TrainOpt 1.5422e-02 Valid skipped LR: 8.3196e-05
Elapsed: 17530.33s Epoch 540 TrainOpt 1.5604e-02 Valid 1.5051e-02 LR: 8.3137e-05
Elapsed: 17561.45s Epoch 541 TrainOpt 1.5278e-02 Valid skipped LR: 8.3078e-05
Elapsed: 17593.17s Epoch 542 TrainOpt 1.5368e-02 Valid skipped LR: 8.3019e-05
Elapsed: 17624.36s Epoch 543 TrainOpt 1.5319e-02 Valid skipped LR: 8.2960e-05
Elapsed: 17655.91s Epoch 544 TrainOpt 1.5224e-02 Valid skipped LR: 8.2901e-05
Elapsed: 17687.80s Epoch 545 TrainOpt 1.5414e-02 Valid skipped LR: 8.2842e-05
Elapsed: 17718.79s Epoch 546 TrainOpt 1.5371e-02 Valid skipped LR: 8.2783e-05
Elapsed: 17749.80s Epoch 547 TrainOpt 1.5580e-02 Valid skipped LR: 8.2723e-05
Elapsed: 17781.29s Epoch 548 TrainOpt 1.5753e-02 Valid skipped LR: 8.2664e-05
Elapsed: 17812.57s Epoch 549 TrainOpt 1.4811e-02 Valid skipped LR: 8.2604e-05
Elapsed: 17845.29s Epoch 550 TrainOpt 1.5540e-02 Valid 1.5511e-02 LR: 8.2544e-05
Elapsed: 17876.64s Epoch 551 TrainOpt 1.5207e-02 Valid skipped LR: 8.2485e-05
Elapsed: 17908.63s Epoch 552 TrainOpt 1.6054e-02 Valid skipped LR: 8.2425e-05
Elapsed: 17940.67s Epoch 553 TrainOpt 1.5584e-02 Valid skipped LR: 8.2365e-05
Elapsed: 17972.27s Epoch 554 TrainOpt 1.5967e-02 Valid skipped LR: 8.2305e-05
Elapsed: 18004.31s Epoch 555 TrainOpt 1.6006e-02 Valid skipped LR: 8.2245e-05
Elapsed: 18035.80s Epoch 556 TrainOpt 1.6121e-02 Valid skipped LR: 8.2185e-05
Elapsed: 18067.20s Epoch 557 TrainOpt 1.8367e-02 Valid skipped LR: 8.2124e-05
Elapsed: 18098.90s Epoch 558 TrainOpt 1.9058e-02 Valid skipped LR: 8.2064e-05
Elapsed: 18130.61s Epoch 559 TrainOpt 1.7881e-02 Valid skipped LR: 8.2004e-05
Elapsed: 18164.07s Epoch 560 TrainOpt 1.8068e-02 Valid 1.6453e-02 LR: 8.1943e-05
Elapsed: 18196.25s Epoch 561 TrainOpt 1.8467e-02 Valid skipped LR: 8.1883e-05
Elapsed: 18227.67s Epoch 562 TrainOpt 1.9511e-02 Valid skipped LR: 8.1822e-05
Elapsed: 18259.08s Epoch 563 TrainOpt 1.7400e-02 Valid skipped LR: 8.1761e-05
Elapsed: 18290.66s Epoch 564 TrainOpt 1.6085e-02 Valid skipped LR: 8.1701e-05
Elapsed: 18323.00s Epoch 565 TrainOpt 1.5417e-02 Valid skipped LR: 8.1640e-05
Elapsed: 18354.74s Epoch 566 TrainOpt 1.5364e-02 Valid skipped LR: 8.1579e-05
Elapsed: 18387.04s Epoch 567 TrainOpt 1.5228e-02 Valid skipped LR: 8.1518e-05
Elapsed: 18419.33s Epoch 568 TrainOpt 1.4711e-02 Valid skipped LR: 8.1457e-05
Elapsed: 18452.15s Epoch 569 TrainOpt 1.4591e-02 Valid skipped LR: 8.1395e-05
Elapsed: 18485.81s Epoch 570 TrainOpt 1.5217e-02 Valid 1.4342e-02 LR: 8.1334e-05
Elapsed: 18517.89s Epoch 571 TrainOpt 1.4446e-02 Valid skipped LR: 8.1273e-05
Elapsed: 18549.66s Epoch 572 TrainOpt 1.4664e-02 Valid skipped LR: 8.1211e-05
Elapsed: 18582.67s Epoch 573 TrainOpt 1.4549e-02 Valid skipped LR: 8.1150e-05
Elapsed: 18614.52s Epoch 574 TrainOpt 1.5031e-02 Valid skipped LR: 8.1088e-05
Elapsed: 18647.13s Epoch 575 TrainOpt 1.5176e-02 Valid skipped LR: 8.1027e-05
Elapsed: 18679.71s Epoch 576 TrainOpt 1.4454e-02 Valid skipped LR: 8.0965e-05
Elapsed: 18712.17s Epoch 577 TrainOpt 1.4362e-02 Valid skipped LR: 8.0903e-05
Elapsed: 18744.11s Epoch 578 TrainOpt 1.4352e-02 Valid skipped LR: 8.0841e-05
Elapsed: 18776.25s Epoch 579 TrainOpt 1.4929e-02 Valid skipped LR: 8.0779e-05
Elapsed: 18809.73s Epoch 580 TrainOpt 1.3882e-02 Valid 1.3427e-02 LR: 8.0717e-05
Elapsed: 18841.72s Epoch 581 TrainOpt 1.3885e-02 Valid skipped LR: 8.0655e-05
Elapsed: 18873.91s Epoch 582 TrainOpt 1.4168e-02 Valid skipped LR: 8.0593e-05
Elapsed: 18906.31s Epoch 583 TrainOpt 1.4511e-02 Valid skipped LR: 8.0531e-05
Elapsed: 18938.90s Epoch 584 TrainOpt 1.4056e-02 Valid skipped LR: 8.0469e-05
Elapsed: 18970.98s Epoch 585 TrainOpt 1.4323e-02 Valid skipped LR: 8.0406e-05
Elapsed: 19003.37s Epoch 586 TrainOpt 1.4570e-02 Valid skipped LR: 8.0344e-05
Elapsed: 19034.56s Epoch 587 TrainOpt 1.4567e-02 Valid skipped LR: 8.0281e-05
Elapsed: 19065.41s Epoch 588 TrainOpt 1.4976e-02 Valid skipped LR: 8.0219e-05
Elapsed: 19096.70s Epoch 589 TrainOpt 1.4592e-02 Valid skipped LR: 8.0156e-05
Elapsed: 19129.59s Epoch 590 TrainOpt 1.4930e-02 Valid 1.3753e-02 LR: 8.0093e-05
Elapsed: 19160.74s Epoch 591 TrainOpt 1.5230e-02 Valid skipped LR: 8.0030e-05
Elapsed: 19193.01s Epoch 592 TrainOpt 1.6810e-02 Valid skipped LR: 7.9967e-05
Elapsed: 19224.63s Epoch 593 TrainOpt 1.4758e-02 Valid skipped LR: 7.9904e-05
Elapsed: 19256.22s Epoch 594 TrainOpt 1.4895e-02 Valid skipped LR: 7.9841e-05
Elapsed: 19288.36s Epoch 595 TrainOpt 1.5153e-02 Valid skipped LR: 7.9778e-05
Elapsed: 19320.25s Epoch 596 TrainOpt 1.4475e-02 Valid skipped LR: 7.9715e-05
Elapsed: 19351.89s Epoch 597 TrainOpt 1.4283e-02 Valid skipped LR: 7.9652e-05
Elapsed: 19383.81s Epoch 598 TrainOpt 1.4731e-02 Valid skipped LR: 7.9588e-05
Elapsed: 19415.86s Epoch 599 TrainOpt 1.4684e-02 Valid skipped LR: 7.9525e-05
Elapsed: 19448.92s Epoch 600 TrainOpt 1.4603e-02 Valid 1.3946e-02 LR: 7.9461e-05
Elapsed: 19526.51s Epoch 601 TrainOpt 1.4203e-02 Valid skipped LR: 7.9398e-05
Elapsed: 19558.09s Epoch 602 TrainOpt 1.4651e-02 Valid skipped LR: 7.9334e-05
Elapsed: 19589.60s Epoch 603 TrainOpt 1.4944e-02 Valid skipped LR: 7.9270e-05
Elapsed: 19620.82s Epoch 604 TrainOpt 1.4714e-02 Valid skipped LR: 7.9206e-05
Elapsed: 19652.48s Epoch 605 TrainOpt 1.4971e-02 Valid skipped LR: 7.9143e-05
Elapsed: 19683.87s Epoch 606 TrainOpt 1.4328e-02 Valid skipped LR: 7.9079e-05
Elapsed: 19715.24s Epoch 607 TrainOpt 1.3994e-02 Valid skipped LR: 7.9015e-05
Elapsed: 19746.62s Epoch 608 TrainOpt 1.4191e-02 Valid skipped LR: 7.8951e-05
Elapsed: 19777.99s Epoch 609 TrainOpt 1.9829e-02 Valid skipped LR: 7.8886e-05
Elapsed: 19810.97s Epoch 610 TrainOpt 1.6982e-02 Valid 1.5344e-02 LR: 7.8822e-05
Elapsed: 19842.00s Epoch 611 TrainOpt 1.5331e-02 Valid skipped LR: 7.8758e-05
Elapsed: 19874.07s Epoch 612 TrainOpt 1.4924e-02 Valid skipped LR: 7.8693e-05
Elapsed: 19905.89s Epoch 613 TrainOpt 1.4388e-02 Valid skipped LR: 7.8629e-05
Elapsed: 19937.50s Epoch 614 TrainOpt 1.4506e-02 Valid skipped LR: 7.8565e-05
Elapsed: 19968.62s Epoch 615 TrainOpt 1.4738e-02 Valid skipped LR: 7.8500e-05
Elapsed: 20000.14s Epoch 616 TrainOpt 1.4413e-02 Valid skipped LR: 7.8435e-05
Elapsed: 20031.43s Epoch 617 TrainOpt 1.4234e-02 Valid skipped LR: 7.8371e-05
Elapsed: 20063.06s Epoch 618 TrainOpt 1.4029e-02 Valid skipped LR: 7.8306e-05
Elapsed: 20094.34s Epoch 619 TrainOpt 1.3457e-02 Valid skipped LR: 7.8241e-05
Elapsed: 20126.59s Epoch 620 TrainOpt 1.3384e-02 Valid 1.3121e-02 LR: 7.8176e-05
Elapsed: 20157.81s Epoch 621 TrainOpt 1.3159e-02 Valid skipped LR: 7.8111e-05
Elapsed: 20189.91s Epoch 622 TrainOpt 1.3421e-02 Valid skipped LR: 7.8046e-05
Elapsed: 20221.21s Epoch 623 TrainOpt 1.5404e-02 Valid skipped LR: 7.7981e-05
Elapsed: 20252.22s Epoch 624 TrainOpt 1.4917e-02 Valid skipped LR: 7.7915e-05
Elapsed: 20283.72s Epoch 625 TrainOpt 1.4727e-02 Valid skipped LR: 7.7850e-05
Elapsed: 20315.01s Epoch 626 TrainOpt 1.4412e-02 Valid skipped LR: 7.7785e-05
Elapsed: 20346.36s Epoch 627 TrainOpt 1.3960e-02 Valid skipped LR: 7.7719e-05
Elapsed: 20378.57s Epoch 628 TrainOpt 1.3630e-02 Valid skipped LR: 7.7654e-05
Elapsed: 20409.71s Epoch 629 TrainOpt 1.3619e-02 Valid skipped LR: 7.7588e-05
Elapsed: 20443.07s Epoch 630 TrainOpt 1.3162e-02 Valid 1.2798e-02 LR: 7.7523e-05
Elapsed: 20474.85s Epoch 631 TrainOpt 1.3121e-02 Valid skipped LR: 7.7457e-05
Elapsed: 20506.43s Epoch 632 TrainOpt 1.4192e-02 Valid skipped LR: 7.7391e-05
Elapsed: 20537.95s Epoch 633 TrainOpt 1.5751e-02 Valid skipped LR: 7.7325e-05
Elapsed: 20569.07s Epoch 634 TrainOpt 1.4128e-02 Valid skipped LR: 7.7260e-05
Elapsed: 20601.41s Epoch 635 TrainOpt 1.3322e-02 Valid skipped LR: 7.7194e-05
Elapsed: 20633.18s Epoch 636 TrainOpt 1.3576e-02 Valid skipped LR: 7.7128e-05
Elapsed: 20664.38s Epoch 637 TrainOpt 1.2929e-02 Valid skipped LR: 7.7061e-05
Elapsed: 20696.12s Epoch 638 TrainOpt 1.2923e-02 Valid skipped LR: 7.6995e-05
Elapsed: 20728.03s Epoch 639 TrainOpt 1.3111e-02 Valid skipped LR: 7.6929e-05
Elapsed: 20761.25s Epoch 640 TrainOpt 1.2702e-02 Valid 1.2370e-02 LR: 7.6863e-05
Elapsed: 20793.49s Epoch 641 TrainOpt 1.2780e-02 Valid skipped LR: 7.6796e-05
Elapsed: 20825.08s Epoch 642 TrainOpt 1.2644e-02 Valid skipped LR: 7.6730e-05
Elapsed: 20857.26s Epoch 643 TrainOpt 1.3044e-02 Valid skipped LR: 7.6663e-05
Elapsed: 20889.02s Epoch 644 TrainOpt 1.3017e-02 Valid skipped LR: 7.6597e-05
Elapsed: 20921.62s Epoch 645 TrainOpt 1.3317e-02 Valid skipped LR: 7.6530e-05
Elapsed: 20953.73s Epoch 646 TrainOpt 1.5910e-02 Valid skipped LR: 7.6463e-05
Elapsed: 20984.75s Epoch 647 TrainOpt 1.4798e-02 Valid skipped LR: 7.6397e-05
Elapsed: 21016.48s Epoch 648 TrainOpt 1.5294e-02 Valid skipped LR: 7.6330e-05
Elapsed: 21048.12s Epoch 649 TrainOpt 1.4461e-02 Valid skipped LR: 7.6263e-05
Elapsed: 21081.28s Epoch 650 TrainOpt 1.5528e-02 Valid 1.5128e-02 LR: 7.6196e-05
Elapsed: 21112.33s Epoch 651 TrainOpt 1.5136e-02 Valid skipped LR: 7.6129e-05
Elapsed: 21144.59s Epoch 652 TrainOpt 1.5360e-02 Valid skipped LR: 7.6062e-05
Elapsed: 21176.63s Epoch 653 TrainOpt 1.4793e-02 Valid skipped LR: 7.5995e-05
Elapsed: 21208.97s Epoch 654 TrainOpt 1.4899e-02 Valid skipped LR: 7.5928e-05
Elapsed: 21240.54s Epoch 655 TrainOpt 1.5330e-02 Valid skipped LR: 7.5860e-05
Elapsed: 21272.89s Epoch 656 TrainOpt 2.9725e-02 Valid skipped LR: 7.5793e-05
Elapsed: 21305.03s Epoch 657 TrainOpt 2.1819e-02 Valid skipped LR: 7.5725e-05
Elapsed: 21337.26s Epoch 658 TrainOpt 2.1850e-02 Valid skipped LR: 7.5658e-05
Elapsed: 21368.99s Epoch 659 TrainOpt 1.9848e-02 Valid skipped LR: 7.5590e-05
Elapsed: 21402.65s Epoch 660 TrainOpt 2.0274e-02 Valid 1.8648e-02 LR: 7.5523e-05
Elapsed: 21434.31s Epoch 661 TrainOpt 1.9285e-02 Valid skipped LR: 7.5455e-05
Elapsed: 21466.65s Epoch 662 TrainOpt 1.9606e-02 Valid skipped LR: 7.5387e-05
Elapsed: 21498.00s Epoch 663 TrainOpt 1.8922e-02 Valid skipped LR: 7.5320e-05
Elapsed: 21529.46s Epoch 664 TrainOpt 1.8494e-02 Valid skipped LR: 7.5252e-05
Elapsed: 21561.06s Epoch 665 TrainOpt 1.8901e-02 Valid skipped LR: 7.5184e-05
Elapsed: 21592.31s Epoch 666 TrainOpt 1.8448e-02 Valid skipped LR: 7.5116e-05
Elapsed: 21624.11s Epoch 667 TrainOpt 1.8187e-02 Valid skipped LR: 7.5048e-05
Elapsed: 21655.66s Epoch 668 TrainOpt 1.7648e-02 Valid skipped LR: 7.4980e-05
Elapsed: 21686.93s Epoch 669 TrainOpt 1.7917e-02 Valid skipped LR: 7.4912e-05
Elapsed: 21720.39s Epoch 670 TrainOpt 1.8066e-02 Valid 1.6683e-02 LR: 7.4843e-05
Elapsed: 21752.08s Epoch 671 TrainOpt 1.7431e-02 Valid skipped LR: 7.4775e-05
Elapsed: 21783.77s Epoch 672 TrainOpt 1.7990e-02 Valid skipped LR: 7.4707e-05
Elapsed: 21815.09s Epoch 673 TrainOpt 1.8118e-02 Valid skipped LR: 7.4638e-05
Elapsed: 21846.20s Epoch 674 TrainOpt 1.8348e-02 Valid skipped LR: 7.4570e-05
Elapsed: 21878.12s Epoch 675 TrainOpt 1.6398e-02 Valid skipped LR: 7.4501e-05
Elapsed: 21910.20s Epoch 676 TrainOpt 1.6788e-02 Valid skipped LR: 7.4433e-05
Elapsed: 21941.32s Epoch 677 TrainOpt 1.5376e-02 Valid skipped LR: 7.4364e-05
Elapsed: 21972.45s Epoch 678 TrainOpt 1.6036e-02 Valid skipped LR: 7.4295e-05
Elapsed: 22003.94s Epoch 679 TrainOpt 1.4931e-02 Valid skipped LR: 7.4227e-05
Elapsed: 22037.09s Epoch 680 TrainOpt 1.3665e-02 Valid 1.3331e-02 LR: 7.4158e-05
Elapsed: 22069.51s Epoch 681 TrainOpt 1.4141e-02 Valid skipped LR: 7.4089e-05
Elapsed: 22100.80s Epoch 682 TrainOpt 1.3701e-02 Valid skipped LR: 7.4020e-05
Elapsed: 22131.35s Epoch 683 TrainOpt 1.3873e-02 Valid skipped LR: 7.3951e-05
Elapsed: 22162.81s Epoch 684 TrainOpt 1.4080e-02 Valid skipped LR: 7.3882e-05
Elapsed: 22194.91s Epoch 685 TrainOpt 1.4414e-02 Valid skipped LR: 7.3813e-05
Elapsed: 22226.65s Epoch 686 TrainOpt 1.5787e-02 Valid skipped LR: 7.3744e-05
Elapsed: 22258.12s Epoch 687 TrainOpt 1.4303e-02 Valid skipped LR: 7.3674e-05
Elapsed: 22289.87s Epoch 688 TrainOpt 1.4311e-02 Valid skipped LR: 7.3605e-05
Elapsed: 22321.70s Epoch 689 TrainOpt 1.4130e-02 Valid skipped LR: 7.3536e-05
Elapsed: 22355.39s Epoch 690 TrainOpt 1.4657e-02 Valid 1.3179e-02 LR: 7.3466e-05
Elapsed: 22387.21s Epoch 691 TrainOpt 1.4692e-02 Valid skipped LR: 7.3397e-05
Elapsed: 22419.33s Epoch 692 TrainOpt 1.4092e-02 Valid skipped LR: 7.3327e-05
Elapsed: 22451.58s Epoch 693 TrainOpt 1.3755e-02 Valid skipped LR: 7.3258e-05
Elapsed: 22483.76s Epoch 694 TrainOpt 1.4135e-02 Valid skipped LR: 7.3188e-05
Elapsed: 22514.89s Epoch 695 TrainOpt 1.3526e-02 Valid skipped LR: 7.3118e-05
Elapsed: 22546.47s Epoch 696 TrainOpt 1.3690e-02 Valid skipped LR: 7.3048e-05
Elapsed: 22578.50s Epoch 697 TrainOpt 1.3305e-02 Valid skipped LR: 7.2979e-05
Elapsed: 22610.19s Epoch 698 TrainOpt 1.3353e-02 Valid skipped LR: 7.2909e-05
Elapsed: 22642.14s Epoch 699 TrainOpt 1.3694e-02 Valid skipped LR: 7.2839e-05
Elapsed: 22675.75s Epoch 700 TrainOpt 1.3532e-02 Valid 1.2787e-02 LR: 7.2769e-05
Elapsed: 22752.00s Epoch 701 TrainOpt 1.3398e-02 Valid skipped LR: 7.2699e-05
Elapsed: 22784.02s Epoch 702 TrainOpt 1.3252e-02 Valid skipped LR: 7.2629e-05
Elapsed: 22815.80s Epoch 703 TrainOpt 1.3507e-02 Valid skipped LR: 7.2558e-05
Elapsed: 22847.92s Epoch 704 TrainOpt 1.3167e-02 Valid skipped LR: 7.2488e-05
Elapsed: 22879.11s Epoch 705 TrainOpt 1.3470e-02 Valid skipped LR: 7.2418e-05
Elapsed: 22910.43s Epoch 706 TrainOpt 1.3025e-02 Valid skipped LR: 7.2348e-05
Elapsed: 22942.35s Epoch 707 TrainOpt 1.3375e-02 Valid skipped LR: 7.2277e-05
Elapsed: 22974.23s Epoch 708 TrainOpt 1.3636e-02 Valid skipped LR: 7.2207e-05
Elapsed: 23006.43s Epoch 709 TrainOpt 1.4242e-02 Valid skipped LR: 7.2136e-05
Elapsed: 23039.53s Epoch 710 TrainOpt 1.3895e-02 Valid 1.3241e-02 LR: 7.2066e-05
Elapsed: 23071.38s Epoch 711 TrainOpt 1.3397e-02 Valid skipped LR: 7.1995e-05
Elapsed: 23102.74s Epoch 712 TrainOpt 1.4166e-02 Valid skipped LR: 7.1925e-05
Elapsed: 23134.96s Epoch 713 TrainOpt 1.3370e-02 Valid skipped LR: 7.1854e-05
Elapsed: 23166.74s Epoch 714 TrainOpt 1.3305e-02 Valid skipped LR: 7.1783e-05
Elapsed: 23198.30s Epoch 715 TrainOpt 1.4352e-02 Valid skipped LR: 7.1712e-05
Elapsed: 23229.49s Epoch 716 TrainOpt 1.4071e-02 Valid skipped LR: 7.1641e-05
Elapsed: 23260.05s Epoch 717 TrainOpt 1.3583e-02 Valid skipped LR: 7.1570e-05
Elapsed: 23291.98s Epoch 718 TrainOpt 1.2843e-02 Valid skipped LR: 7.1499e-05
Elapsed: 23324.02s Epoch 719 TrainOpt 1.3331e-02 Valid skipped LR: 7.1428e-05
Elapsed: 23357.21s Epoch 720 TrainOpt 1.3409e-02 Valid 1.3016e-02 LR: 7.1357e-05
Elapsed: 23388.52s Epoch 721 TrainOpt 1.3053e-02 Valid skipped LR: 7.1286e-05
Elapsed: 23420.10s Epoch 722 TrainOpt 1.3803e-02 Valid skipped LR: 7.1215e-05
Elapsed: 23451.85s Epoch 723 TrainOpt 1.3021e-02 Valid skipped LR: 7.1144e-05
Elapsed: 23483.59s Epoch 724 TrainOpt 1.4551e-02 Valid skipped LR: 7.1072e-05
Elapsed: 23514.86s Epoch 725 TrainOpt 1.3849e-02 Valid skipped LR: 7.1001e-05
Elapsed: 23546.65s Epoch 726 TrainOpt 2.7467e-02 Valid skipped LR: 7.0930e-05
Elapsed: 23578.41s Epoch 727 TrainOpt 2.0673e-02 Valid skipped LR: 7.0858e-05
Elapsed: 23609.39s Epoch 728 TrainOpt 1.9229e-02 Valid skipped LR: 7.0787e-05
Elapsed: 23641.14s Epoch 729 TrainOpt 1.5544e-02 Valid skipped LR: 7.0715e-05
Elapsed: 23673.91s Epoch 730 TrainOpt 1.5030e-02 Valid 1.4016e-02 LR: 7.0644e-05
Elapsed: 23706.33s Epoch 731 TrainOpt 1.4724e-02 Valid skipped LR: 7.0572e-05
Elapsed: 23738.09s Epoch 732 TrainOpt 1.5530e-02 Valid skipped LR: 7.0500e-05
Elapsed: 23769.35s Epoch 733 TrainOpt 1.5166e-02 Valid skipped LR: 7.0428e-05
Elapsed: 23801.00s Epoch 734 TrainOpt 1.5426e-02 Valid skipped LR: 7.0357e-05
Elapsed: 23832.54s Epoch 735 TrainOpt 1.6132e-02 Valid skipped LR: 7.0285e-05
Elapsed: 23864.07s Epoch 736 TrainOpt 1.5439e-02 Valid skipped LR: 7.0213e-05
Elapsed: 23895.76s Epoch 737 TrainOpt 2.5913e-02 Valid skipped LR: 7.0141e-05
Elapsed: 23927.16s Epoch 738 TrainOpt 2.9130e-02 Valid skipped LR: 7.0069e-05
Elapsed: 23958.46s Epoch 739 TrainOpt 2.3958e-02 Valid skipped LR: 6.9997e-05
Elapsed: 23992.04s Epoch 740 TrainOpt 2.2967e-02 Valid 2.1367e-02 LR: 6.9925e-05
Elapsed: 24023.89s Epoch 741 TrainOpt 2.0793e-02 Valid skipped LR: 6.9852e-05
Elapsed: 24055.52s Epoch 742 TrainOpt 2.0060e-02 Valid skipped LR: 6.9780e-05
Elapsed: 24087.25s Epoch 743 TrainOpt 2.0236e-02 Valid skipped LR: 6.9708e-05
Elapsed: 24119.50s Epoch 744 TrainOpt 2.0100e-02 Valid skipped LR: 6.9636e-05
Elapsed: 24151.40s Epoch 745 TrainOpt 1.9841e-02 Valid skipped LR: 6.9563e-05
Elapsed: 24182.99s Epoch 746 TrainOpt 1.9998e-02 Valid skipped LR: 6.9491e-05
Elapsed: 24214.91s Epoch 747 TrainOpt 2.0091e-02 Valid skipped LR: 6.9418e-05
Elapsed: 24247.04s Epoch 748 TrainOpt 2.0601e-02 Valid skipped LR: 6.9346e-05
Elapsed: 24278.92s Epoch 749 TrainOpt 2.2458e-02 Valid skipped LR: 6.9273e-05
Elapsed: 24311.44s Epoch 750 TrainOpt 2.9434e-02 Valid 2.5590e-02 LR: 6.9201e-05
Elapsed: 24343.63s Epoch 751 TrainOpt 2.8940e-02 Valid skipped LR: 6.9128e-05
Elapsed: 24375.40s Epoch 752 TrainOpt 2.7295e-02 Valid skipped LR: 6.9055e-05
Elapsed: 24406.95s Epoch 753 TrainOpt 2.5907e-02 Valid skipped LR: 6.8983e-05
Elapsed: 24438.89s Epoch 754 TrainOpt 2.4875e-02 Valid skipped LR: 6.8910e-05
Elapsed: 24470.08s Epoch 755 TrainOpt 2.2700e-02 Valid skipped LR: 6.8837e-05
Elapsed: 24500.62s Epoch 756 TrainOpt 2.5568e-02 Valid skipped LR: 6.8764e-05
Elapsed: 24532.04s Epoch 757 TrainOpt 2.5282e-02 Valid skipped LR: 6.8691e-05
Elapsed: 24564.47s Epoch 758 TrainOpt 2.3233e-02 Valid skipped LR: 6.8618e-05
Elapsed: 24595.80s Epoch 759 TrainOpt 2.1725e-02 Valid skipped LR: 6.8545e-05
Elapsed: 24629.14s Epoch 760 TrainOpt 2.1156e-02 Valid 2.1114e-02 LR: 6.8472e-05
Elapsed: 24661.24s Epoch 761 TrainOpt 2.0530e-02 Valid skipped LR: 6.8399e-05
Elapsed: 24693.12s Epoch 762 TrainOpt 1.9513e-02 Valid skipped LR: 6.8326e-05
Elapsed: 24724.80s Epoch 763 TrainOpt 1.8919e-02 Valid skipped LR: 6.8253e-05
Elapsed: 24756.56s Epoch 764 TrainOpt 1.8655e-02 Valid skipped LR: 6.8180e-05
Elapsed: 24788.50s Epoch 765 TrainOpt 1.8713e-02 Valid skipped LR: 6.8106e-05
Elapsed: 24819.49s Epoch 766 TrainOpt 1.8017e-02 Valid skipped LR: 6.8033e-05
Elapsed: 24851.53s Epoch 767 TrainOpt 1.6127e-02 Valid skipped LR: 6.7960e-05
Elapsed: 24883.50s Epoch 768 TrainOpt 1.6864e-02 Valid skipped LR: 6.7886e-05
Elapsed: 24915.12s Epoch 769 TrainOpt 1.8426e-02 Valid skipped LR: 6.7813e-05
Elapsed: 24948.29s Epoch 770 TrainOpt 1.6963e-02 Valid 1.6764e-02 LR: 6.7739e-05
Elapsed: 24980.35s Epoch 771 TrainOpt 1.7157e-02 Valid skipped LR: 6.7666e-05
Elapsed: 25011.88s Epoch 772 TrainOpt 1.8282e-02 Valid skipped LR: 6.7592e-05
Elapsed: 25043.60s Epoch 773 TrainOpt 1.7993e-02 Valid skipped LR: 6.7518e-05
Elapsed: 25075.19s Epoch 774 TrainOpt 1.7878e-02 Valid skipped LR: 6.7445e-05
Elapsed: 25107.34s Epoch 775 TrainOpt 1.8902e-02 Valid skipped LR: 6.7371e-05
Elapsed: 25139.39s Epoch 776 TrainOpt 1.8678e-02 Valid skipped LR: 6.7297e-05
Elapsed: 25171.15s Epoch 777 TrainOpt 2.0271e-02 Valid skipped LR: 6.7223e-05
Elapsed: 25202.71s Epoch 778 TrainOpt 2.2382e-02 Valid skipped LR: 6.7149e-05
Elapsed: 25234.97s Epoch 779 TrainOpt 2.5100e-02 Valid skipped LR: 6.7076e-05
Elapsed: 25268.64s Epoch 780 TrainOpt 2.2165e-02 Valid 2.2069e-02 LR: 6.7002e-05
Elapsed: 25300.48s Epoch 781 TrainOpt 1.9994e-02 Valid skipped LR: 6.6928e-05
Elapsed: 25331.93s Epoch 782 TrainOpt 2.0761e-02 Valid skipped LR: 6.6854e-05
Elapsed: 25364.23s Epoch 783 TrainOpt 1.9368e-02 Valid skipped LR: 6.6780e-05
Elapsed: 25395.93s Epoch 784 TrainOpt 2.0333e-02 Valid skipped LR: 6.6705e-05
Elapsed: 25427.29s Epoch 785 TrainOpt 2.0013e-02 Valid skipped LR: 6.6631e-05
Elapsed: 25459.14s Epoch 786 TrainOpt 1.9075e-02 Valid skipped LR: 6.6557e-05
Elapsed: 25491.32s Epoch 787 TrainOpt 1.8426e-02 Valid skipped LR: 6.6483e-05
Elapsed: 25523.27s Epoch 788 TrainOpt 1.8435e-02 Valid skipped LR: 6.6409e-05
Elapsed: 25555.07s Epoch 789 TrainOpt 1.8782e-02 Valid skipped LR: 6.6334e-05
Elapsed: 25588.55s Epoch 790 TrainOpt 2.1024e-02 Valid 2.0244e-02 LR: 6.6260e-05
Elapsed: 25620.40s Epoch 791 TrainOpt 1.9669e-02 Valid skipped LR: 6.6185e-05
Elapsed: 25651.62s Epoch 792 TrainOpt 1.8627e-02 Valid skipped LR: 6.6111e-05
Elapsed: 25683.41s Epoch 793 TrainOpt 1.8058e-02 Valid skipped LR: 6.6037e-05
Elapsed: 25714.49s Epoch 794 TrainOpt 1.7116e-02 Valid skipped LR: 6.5962e-05
Elapsed: 25745.45s Epoch 795 TrainOpt 1.6315e-02 Valid skipped LR: 6.5887e-05
Elapsed: 25777.81s Epoch 796 TrainOpt 1.6459e-02 Valid skipped LR: 6.5813e-05
Elapsed: 25809.59s Epoch 797 TrainOpt 1.6924e-02 Valid skipped LR: 6.5738e-05
Elapsed: 25841.09s Epoch 798 TrainOpt 1.6849e-02 Valid skipped LR: 6.5664e-05
Elapsed: 25872.88s Epoch 799 TrainOpt 1.6309e-02 Valid skipped LR: 6.5589e-05
Elapsed: 25906.30s Epoch 800 TrainOpt 1.6274e-02 Valid 1.6178e-02 LR: 6.5514e-05
Elapsed: 25982.40s Epoch 801 TrainOpt 1.6589e-02 Valid skipped LR: 6.5439e-05
Elapsed: 26013.90s Epoch 802 TrainOpt 1.5817e-02 Valid skipped LR: 6.5365e-05
Elapsed: 26046.07s Epoch 803 TrainOpt 1.5893e-02 Valid skipped LR: 6.5290e-05
Elapsed: 26077.83s Epoch 804 TrainOpt 1.6267e-02 Valid skipped LR: 6.5215e-05
Elapsed: 26109.27s Epoch 805 TrainOpt 1.6436e-02 Valid skipped LR: 6.5140e-05
Elapsed: 26141.24s Epoch 806 TrainOpt 1.6446e-02 Valid skipped LR: 6.5065e-05
Elapsed: 26173.07s Epoch 807 TrainOpt 1.7523e-02 Valid skipped LR: 6.4990e-05
Elapsed: 26204.71s Epoch 808 TrainOpt 1.7497e-02 Valid skipped LR: 6.4915e-05
Elapsed: 26236.79s Epoch 809 TrainOpt 1.8917e-02 Valid skipped LR: 6.4840e-05
Elapsed: 26270.10s Epoch 810 TrainOpt 1.8661e-02 Valid 1.8696e-02 LR: 6.4765e-05
Elapsed: 26301.81s Epoch 811 TrainOpt 1.8802e-02 Valid skipped LR: 6.4689e-05
Elapsed: 26333.28s Epoch 812 TrainOpt 1.6561e-02 Valid skipped LR: 6.4614e-05
Elapsed: 26364.43s Epoch 813 TrainOpt 1.6380e-02 Valid skipped LR: 6.4539e-05
Elapsed: 26395.57s Epoch 814 TrainOpt 1.7368e-02 Valid skipped LR: 6.4464e-05
Elapsed: 26426.77s Epoch 815 TrainOpt 1.6673e-02 Valid skipped LR: 6.4388e-05
Elapsed: 26458.41s Epoch 816 TrainOpt 1.6307e-02 Valid skipped LR: 6.4313e-05
Elapsed: 26489.80s Epoch 817 TrainOpt 1.6415e-02 Valid skipped LR: 6.4238e-05
Elapsed: 26521.42s Epoch 818 TrainOpt 1.6600e-02 Valid skipped LR: 6.4162e-05
Elapsed: 26553.32s Epoch 819 TrainOpt 1.7145e-02 Valid skipped LR: 6.4087e-05
Elapsed: 26586.74s Epoch 820 TrainOpt 1.6460e-02 Valid 1.6721e-02 LR: 6.4011e-05
Elapsed: 26618.24s Epoch 821 TrainOpt 1.6132e-02 Valid skipped LR: 6.3936e-05
Elapsed: 26650.17s Epoch 822 TrainOpt 1.7053e-02 Valid skipped LR: 6.3860e-05
Elapsed: 26681.89s Epoch 823 TrainOpt 1.6049e-02 Valid skipped LR: 6.3785e-05
Elapsed: 26713.19s Epoch 824 TrainOpt 1.6506e-02 Valid skipped LR: 6.3709e-05
Elapsed: 26744.84s Epoch 825 TrainOpt 1.6173e-02 Valid skipped LR: 6.3633e-05
Elapsed: 26777.37s Epoch 826 TrainOpt 1.6028e-02 Valid skipped LR: 6.3558e-05
Elapsed: 26808.83s Epoch 827 TrainOpt 1.5847e-02 Valid skipped LR: 6.3482e-05
Elapsed: 26840.04s Epoch 828 TrainOpt 1.6191e-02 Valid skipped LR: 6.3406e-05
Elapsed: 26872.18s Epoch 829 TrainOpt 1.5193e-02 Valid skipped LR: 6.3330e-05
Elapsed: 26905.25s Epoch 830 TrainOpt 1.7054e-02 Valid 1.6040e-02 LR: 6.3255e-05
Elapsed: 26936.92s Epoch 831 TrainOpt 1.6150e-02 Valid skipped LR: 6.3179e-05
Elapsed: 26969.04s Epoch 832 TrainOpt 1.5826e-02 Valid skipped LR: 6.3103e-05
Elapsed: 27000.64s Epoch 833 TrainOpt 1.5174e-02 Valid skipped LR: 6.3027e-05
Elapsed: 27032.45s Epoch 834 TrainOpt 1.4784e-02 Valid skipped LR: 6.2951e-05
Elapsed: 27064.03s Epoch 835 TrainOpt 1.5807e-02 Valid skipped LR: 6.2875e-05
Elapsed: 27096.46s Epoch 836 TrainOpt 2.0390e-02 Valid skipped LR: 6.2799e-05
Elapsed: 27128.39s Epoch 837 TrainOpt 1.8412e-02 Valid skipped LR: 6.2723e-05
Elapsed: 27159.99s Epoch 838 TrainOpt 1.9044e-02 Valid skipped LR: 6.2647e-05
Elapsed: 27191.84s Epoch 839 TrainOpt 1.8110e-02 Valid skipped LR: 6.2571e-05
Elapsed: 27225.66s Epoch 840 TrainOpt 1.8503e-02 Valid 1.7783e-02 LR: 6.2495e-05
Elapsed: 27257.06s Epoch 841 TrainOpt 2.0188e-02 Valid skipped LR: 6.2418e-05
Elapsed: 27289.11s Epoch 842 TrainOpt 1.7959e-02 Valid skipped LR: 6.2342e-05
Elapsed: 27321.32s Epoch 843 TrainOpt 1.7539e-02 Valid skipped LR: 6.2266e-05
Elapsed: 27352.13s Epoch 844 TrainOpt 1.6708e-02 Valid skipped LR: 6.2190e-05
Elapsed: 27384.24s Epoch 845 TrainOpt 1.7462e-02 Valid skipped LR: 6.2113e-05
Elapsed: 27416.02s Epoch 846 TrainOpt 1.6218e-02 Valid skipped LR: 6.2037e-05
Elapsed: 27448.31s Epoch 847 TrainOpt 1.5952e-02 Valid skipped LR: 6.1961e-05
Elapsed: 27480.25s Epoch 848 TrainOpt 1.8680e-02 Valid skipped LR: 6.1884e-05
Elapsed: 27512.84s Epoch 849 TrainOpt 1.6798e-02 Valid skipped LR: 6.1808e-05
Elapsed: 27545.70s Epoch 850 TrainOpt 1.6826e-02 Valid 1.6496e-02 LR: 6.1732e-05
Elapsed: 27576.77s Epoch 851 TrainOpt 1.5996e-02 Valid skipped LR: 6.1655e-05
Elapsed: 27608.78s Epoch 852 TrainOpt 1.5652e-02 Valid skipped LR: 6.1579e-05
Elapsed: 27640.68s Epoch 853 TrainOpt 1.5791e-02 Valid skipped LR: 6.1502e-05
Elapsed: 27672.41s Epoch 854 TrainOpt 1.6782e-02 Valid skipped LR: 6.1425e-05
Elapsed: 27704.35s Epoch 855 TrainOpt 1.5777e-02 Valid skipped LR: 6.1349e-05
Elapsed: 27736.14s Epoch 856 TrainOpt 1.5511e-02 Valid skipped LR: 6.1272e-05
Elapsed: 27768.13s Epoch 857 TrainOpt 1.6254e-02 Valid skipped LR: 6.1196e-05
Elapsed: 27799.73s Epoch 858 TrainOpt 1.4843e-02 Valid skipped LR: 6.1119e-05
Elapsed: 27831.36s Epoch 859 TrainOpt 1.4761e-02 Valid skipped LR: 6.1042e-05
Elapsed: 27863.88s Epoch 860 TrainOpt 1.4681e-02 Valid 1.5346e-02 LR: 6.0966e-05
Elapsed: 27895.12s Epoch 861 TrainOpt 1.4442e-02 Valid skipped LR: 6.0889e-05
Elapsed: 27927.07s Epoch 862 TrainOpt 1.3983e-02 Valid skipped LR: 6.0812e-05
Elapsed: 27958.81s Epoch 863 TrainOpt 1.3774e-02 Valid skipped LR: 6.0735e-05
Elapsed: 27990.08s Epoch 864 TrainOpt 1.4826e-02 Valid skipped LR: 6.0658e-05
Elapsed: 28021.09s Epoch 865 TrainOpt 1.5484e-02 Valid skipped LR: 6.0582e-05
Elapsed: 28054.06s Epoch 866 TrainOpt 1.4691e-02 Valid skipped LR: 6.0505e-05
Elapsed: 28086.08s Epoch 867 TrainOpt 1.4351e-02 Valid skipped LR: 6.0428e-05
Elapsed: 28118.08s Epoch 868 TrainOpt 1.4627e-02 Valid skipped LR: 6.0351e-05
Elapsed: 28149.63s Epoch 869 TrainOpt 1.4525e-02 Valid skipped LR: 6.0274e-05
Elapsed: 28183.11s Epoch 870 TrainOpt 1.4505e-02 Valid 1.4817e-02 LR: 6.0197e-05
Elapsed: 28214.94s Epoch 871 TrainOpt 1.4881e-02 Valid skipped LR: 6.0120e-05
Elapsed: 28247.30s Epoch 872 TrainOpt 1.4580e-02 Valid skipped LR: 6.0043e-05
Elapsed: 28278.92s Epoch 873 TrainOpt 1.4561e-02 Valid skipped LR: 5.9966e-05
Elapsed: 28310.62s Epoch 874 TrainOpt 1.3944e-02 Valid skipped LR: 5.9889e-05
Elapsed: 28342.86s Epoch 875 TrainOpt 1.3453e-02 Valid skipped LR: 5.9812e-05
Elapsed: 28374.33s Epoch 876 TrainOpt 1.3877e-02 Valid skipped LR: 5.9734e-05
Elapsed: 28405.58s Epoch 877 TrainOpt 1.4234e-02 Valid skipped LR: 5.9657e-05
Elapsed: 28438.00s Epoch 878 TrainOpt 1.3725e-02 Valid skipped LR: 5.9580e-05
Elapsed: 28469.95s Epoch 879 TrainOpt 1.3801e-02 Valid skipped LR: 5.9503e-05
Elapsed: 28502.90s Epoch 880 TrainOpt 1.3942e-02 Valid 1.4175e-02 LR: 5.9426e-05
Elapsed: 28534.59s Epoch 881 TrainOpt 1.4216e-02 Valid skipped LR: 5.9348e-05
Elapsed: 28566.72s Epoch 882 TrainOpt 1.3581e-02 Valid skipped LR: 5.9271e-05
Elapsed: 28599.03s Epoch 883 TrainOpt 1.3732e-02 Valid skipped LR: 5.9194e-05
Elapsed: 28630.74s Epoch 884 TrainOpt 1.4744e-02 Valid skipped LR: 5.9117e-05
Elapsed: 28663.06s Epoch 885 TrainOpt 1.3673e-02 Valid skipped LR: 5.9039e-05
Elapsed: 28694.70s Epoch 886 TrainOpt 1.3638e-02 Valid skipped LR: 5.8962e-05
Elapsed: 28726.38s Epoch 887 TrainOpt 1.4561e-02 Valid skipped LR: 5.8884e-05
Elapsed: 28757.64s Epoch 888 TrainOpt 1.4445e-02 Valid skipped LR: 5.8807e-05
Elapsed: 28789.07s Epoch 889 TrainOpt 1.3931e-02 Valid skipped LR: 5.8730e-05
Elapsed: 28822.78s Epoch 890 TrainOpt 1.4091e-02 Valid 1.4103e-02 LR: 5.8652e-05
Elapsed: 28854.31s Epoch 891 TrainOpt 1.3740e-02 Valid skipped LR: 5.8575e-05
Elapsed: 28886.07s Epoch 892 TrainOpt 1.3494e-02 Valid skipped LR: 5.8497e-05
Elapsed: 28917.45s Epoch 893 TrainOpt 1.4211e-02 Valid skipped LR: 5.8420e-05
Elapsed: 28949.05s Epoch 894 TrainOpt 1.3404e-02 Valid skipped LR: 5.8342e-05
Elapsed: 28981.05s Epoch 895 TrainOpt 1.3467e-02 Valid skipped LR: 5.8265e-05
Elapsed: 29012.29s Epoch 896 TrainOpt 1.3754e-02 Valid skipped LR: 5.8187e-05
Elapsed: 29043.91s Epoch 897 TrainOpt 1.3947e-02 Valid skipped LR: 5.8109e-05
Elapsed: 29075.85s Epoch 898 TrainOpt 1.3624e-02 Valid skipped LR: 5.8032e-05
Elapsed: 29107.35s Epoch 899 TrainOpt 1.3510e-02 Valid skipped LR: 5.7954e-05
Elapsed: 29140.14s Epoch 900 TrainOpt 1.3943e-02 Valid 1.3972e-02 LR: 5.7876e-05
Elapsed: 29215.32s Epoch 901 TrainOpt 1.3412e-02 Valid skipped LR: 5.7799e-05
Elapsed: 29247.46s Epoch 902 TrainOpt 1.3418e-02 Valid skipped LR: 5.7721e-05
Elapsed: 29279.35s Epoch 903 TrainOpt 1.3762e-02 Valid skipped LR: 5.7643e-05
Elapsed: 29311.62s Epoch 904 TrainOpt 1.5564e-02 Valid skipped LR: 5.7566e-05
Elapsed: 29343.31s Epoch 905 TrainOpt 1.3770e-02 Valid skipped LR: 5.7488e-05
Elapsed: 29374.84s Epoch 906 TrainOpt 1.3504e-02 Valid skipped LR: 5.7410e-05
Elapsed: 29406.74s Epoch 907 TrainOpt 1.3285e-02 Valid skipped LR: 5.7332e-05
Elapsed: 29438.98s Epoch 908 TrainOpt 1.4107e-02 Valid skipped LR: 5.7254e-05
Elapsed: 29470.57s Epoch 909 TrainOpt 1.4442e-02 Valid skipped LR: 5.7177e-05
Elapsed: 29503.42s Epoch 910 TrainOpt 1.3665e-02 Valid 1.4345e-02 LR: 5.7099e-05
Elapsed: 29535.15s Epoch 911 TrainOpt 1.3885e-02 Valid skipped LR: 5.7021e-05
Elapsed: 29566.53s Epoch 912 TrainOpt 1.6675e-02 Valid skipped LR: 5.6943e-05
Elapsed: 29598.08s Epoch 913 TrainOpt 1.6022e-02 Valid skipped LR: 5.6865e-05
Elapsed: 29629.71s Epoch 914 TrainOpt 1.4624e-02 Valid skipped LR: 5.6787e-05
Elapsed: 29661.66s Epoch 915 TrainOpt 1.5452e-02 Valid skipped LR: 5.6709e-05
Elapsed: 29693.31s Epoch 916 TrainOpt 1.4912e-02 Valid skipped LR: 5.6631e-05
Elapsed: 29724.90s Epoch 917 TrainOpt 1.5272e-02 Valid skipped LR: 5.6553e-05
Elapsed: 29756.47s Epoch 918 TrainOpt 1.4068e-02 Valid skipped LR: 5.6475e-05
Elapsed: 29788.03s Epoch 919 TrainOpt 1.3784e-02 Valid skipped LR: 5.6397e-05
Elapsed: 29821.30s Epoch 920 TrainOpt 1.3218e-02 Valid 1.4199e-02 LR: 5.6319e-05
Elapsed: 29853.58s Epoch 921 TrainOpt 1.3860e-02 Valid skipped LR: 5.6241e-05
Elapsed: 29886.11s Epoch 922 TrainOpt 1.4168e-02 Valid skipped LR: 5.6163e-05
Elapsed: 29918.16s Epoch 923 TrainOpt 1.3251e-02 Valid skipped LR: 5.6085e-05
Elapsed: 29949.91s Epoch 924 TrainOpt 1.3445e-02 Valid skipped LR: 5.6007e-05
Elapsed: 29981.61s Epoch 925 TrainOpt 1.2922e-02 Valid skipped LR: 5.5929e-05
Elapsed: 30013.41s Epoch 926 TrainOpt 1.2853e-02 Valid skipped LR: 5.5851e-05
Elapsed: 30045.25s Epoch 927 TrainOpt 1.3070e-02 Valid skipped LR: 5.5773e-05
Elapsed: 30077.25s Epoch 928 TrainOpt 1.2840e-02 Valid skipped LR: 5.5695e-05
Elapsed: 30109.00s Epoch 929 TrainOpt 1.2869e-02 Valid skipped LR: 5.5617e-05
Elapsed: 30142.49s Epoch 930 TrainOpt 1.3031e-02 Valid 1.3723e-02 LR: 5.5538e-05
Elapsed: 30174.18s Epoch 931 TrainOpt 1.2982e-02 Valid skipped LR: 5.5460e-05
Elapsed: 30206.35s Epoch 932 TrainOpt 1.3156e-02 Valid skipped LR: 5.5382e-05
Elapsed: 30237.72s Epoch 933 TrainOpt 1.2713e-02 Valid skipped LR: 5.5304e-05
Elapsed: 30269.48s Epoch 934 TrainOpt 1.2865e-02 Valid skipped LR: 5.5226e-05
Elapsed: 30302.07s Epoch 935 TrainOpt 1.2647e-02 Valid skipped LR: 5.5147e-05
Elapsed: 30333.38s Epoch 936 TrainOpt 1.3201e-02 Valid skipped LR: 5.5069e-05
Elapsed: 30365.13s Epoch 937 TrainOpt 1.3014e-02 Valid skipped LR: 5.4991e-05
Elapsed: 30397.66s Epoch 938 TrainOpt 1.2911e-02 Valid skipped LR: 5.4913e-05
Elapsed: 30429.49s Epoch 939 TrainOpt 1.2647e-02 Valid skipped LR: 5.4834e-05
Elapsed: 30462.75s Epoch 940 TrainOpt 1.3293e-02 Valid 1.3853e-02 LR: 5.4756e-05
Elapsed: 30494.39s Epoch 941 TrainOpt 1.3008e-02 Valid skipped LR: 5.4678e-05
Elapsed: 30525.99s Epoch 942 TrainOpt 1.2878e-02 Valid skipped LR: 5.4600e-05
Elapsed: 30557.45s Epoch 943 TrainOpt 1.2768e-02 Valid skipped LR: 5.4521e-05
Elapsed: 30589.31s Epoch 944 TrainOpt 1.2396e-02 Valid skipped LR: 5.4443e-05
Elapsed: 30621.07s Epoch 945 TrainOpt 1.2560e-02 Valid skipped LR: 5.4365e-05
Elapsed: 30653.12s Epoch 946 TrainOpt 1.3222e-02 Valid skipped LR: 5.4286e-05
Elapsed: 30685.21s Epoch 947 TrainOpt 1.2821e-02 Valid skipped LR: 5.4208e-05
Elapsed: 30717.11s Epoch 948 TrainOpt 1.3014e-02 Valid skipped LR: 5.4129e-05
Elapsed: 30748.79s Epoch 949 TrainOpt 1.2790e-02 Valid skipped LR: 5.4051e-05
Elapsed: 30782.60s Epoch 950 TrainOpt 1.2649e-02 Valid 1.3500e-02 LR: 5.3973e-05
Elapsed: 30814.63s Epoch 951 TrainOpt 1.2998e-02 Valid skipped LR: 5.3894e-05
Elapsed: 30846.03s Epoch 952 TrainOpt 1.3546e-02 Valid skipped LR: 5.3816e-05
Elapsed: 30877.75s Epoch 953 TrainOpt 1.3014e-02 Valid skipped LR: 5.3737e-05
Elapsed: 30910.16s Epoch 954 TrainOpt 1.3093e-02 Valid skipped LR: 5.3659e-05
Elapsed: 30941.35s Epoch 955 TrainOpt 1.2741e-02 Valid skipped LR: 5.3581e-05
Elapsed: 30972.51s Epoch 956 TrainOpt 1.4489e-02 Valid skipped LR: 5.3502e-05
Elapsed: 31004.39s Epoch 957 TrainOpt 1.4515e-02 Valid skipped LR: 5.3424e-05
Elapsed: 31036.45s Epoch 958 TrainOpt 1.4115e-02 Valid skipped LR: 5.3345e-05
Elapsed: 31067.96s Epoch 959 TrainOpt 1.3695e-02 Valid skipped LR: 5.3267e-05
Elapsed: 31100.89s Epoch 960 TrainOpt 1.3535e-02 Valid 1.4686e-02 LR: 5.3188e-05
Elapsed: 31132.50s Epoch 961 TrainOpt 1.3570e-02 Valid skipped LR: 5.3110e-05
Elapsed: 31164.89s Epoch 962 TrainOpt 1.3345e-02 Valid skipped LR: 5.3031e-05
Elapsed: 31196.27s Epoch 963 TrainOpt 1.3118e-02 Valid skipped LR: 5.2953e-05
Elapsed: 31227.70s Epoch 964 TrainOpt 1.3047e-02 Valid skipped LR: 5.2874e-05
Elapsed: 31258.86s Epoch 965 TrainOpt 1.3027e-02 Valid skipped LR: 5.2796e-05
Elapsed: 31290.57s Epoch 966 TrainOpt 1.3271e-02 Valid skipped LR: 5.2717e-05
Elapsed: 31322.75s Epoch 967 TrainOpt 1.3165e-02 Valid skipped LR: 5.2639e-05
Elapsed: 31355.12s Epoch 968 TrainOpt 1.3494e-02 Valid skipped LR: 5.2560e-05
Elapsed: 31387.12s Epoch 969 TrainOpt 1.2883e-02 Valid skipped LR: 5.2481e-05
Elapsed: 31420.35s Epoch 970 TrainOpt 1.2920e-02 Valid 1.4239e-02 LR: 5.2403e-05
Elapsed: 31452.09s Epoch 971 TrainOpt 1.2571e-02 Valid skipped LR: 5.2324e-05
Elapsed: 31484.20s Epoch 972 TrainOpt 1.2999e-02 Valid skipped LR: 5.2246e-05
Elapsed: 31515.84s Epoch 973 TrainOpt 1.2633e-02 Valid skipped LR: 5.2167e-05
Elapsed: 31547.76s Epoch 974 TrainOpt 1.2637e-02 Valid skipped LR: 5.2089e-05
Elapsed: 31579.43s Epoch 975 TrainOpt 1.3721e-02 Valid skipped LR: 5.2010e-05
Elapsed: 31610.97s Epoch 976 TrainOpt 1.3888e-02 Valid skipped LR: 5.1931e-05
Elapsed: 31643.45s Epoch 977 TrainOpt 1.3490e-02 Valid skipped LR: 5.1853e-05
Elapsed: 31674.40s Epoch 978 TrainOpt 1.3161e-02 Valid skipped LR: 5.1774e-05
Elapsed: 31705.85s Epoch 979 TrainOpt 1.2674e-02 Valid skipped LR: 5.1696e-05
Elapsed: 31739.27s Epoch 980 TrainOpt 1.2688e-02 Valid 1.4099e-02 LR: 5.1617e-05
Elapsed: 31770.90s Epoch 981 TrainOpt 1.2638e-02 Valid skipped LR: 5.1538e-05
Elapsed: 31803.00s Epoch 982 TrainOpt 1.3459e-02 Valid skipped LR: 5.1460e-05
Elapsed: 31834.30s Epoch 983 TrainOpt 1.2439e-02 Valid skipped LR: 5.1381e-05
Elapsed: 31866.17s Epoch 984 TrainOpt 1.2975e-02 Valid skipped LR: 5.1303e-05
Elapsed: 31898.72s Epoch 985 TrainOpt 1.2735e-02 Valid skipped LR: 5.1224e-05
Elapsed: 31930.12s Epoch 986 TrainOpt 1.2549e-02 Valid skipped LR: 5.1145e-05
Elapsed: 31962.39s Epoch 987 TrainOpt 1.2390e-02 Valid skipped LR: 5.1067e-05
Elapsed: 31993.58s Epoch 988 TrainOpt 1.2441e-02 Valid skipped LR: 5.0988e-05
Elapsed: 32024.88s Epoch 989 TrainOpt 1.2502e-02 Valid skipped LR: 5.0909e-05
Elapsed: 32058.02s Epoch 990 TrainOpt 1.2685e-02 Valid 1.3504e-02 LR: 5.0831e-05
Elapsed: 32089.96s Epoch 991 TrainOpt 1.6509e-02 Valid skipped LR: 5.0752e-05
Elapsed: 32122.04s Epoch 992 TrainOpt 1.3375e-02 Valid skipped LR: 5.0674e-05
Elapsed: 32153.17s Epoch 993 TrainOpt 1.2459e-02 Valid skipped LR: 5.0595e-05
Elapsed: 32185.23s Epoch 994 TrainOpt 1.2209e-02 Valid skipped LR: 5.0516e-05
Elapsed: 32216.56s Epoch 995 TrainOpt 1.1972e-02 Valid skipped LR: 5.0438e-05
Elapsed: 32247.57s Epoch 996 TrainOpt 1.2146e-02 Valid skipped LR: 5.0359e-05
Elapsed: 32279.21s Epoch 997 TrainOpt 1.2012e-02 Valid skipped LR: 5.0280e-05
Elapsed: 32310.28s Epoch 998 TrainOpt 1.2193e-02 Valid skipped LR: 5.0202e-05
Elapsed: 32341.61s Epoch 999 TrainOpt 1.2020e-02 Valid skipped LR: 5.0123e-05
Elapsed: 32375.13s Epoch 1000 TrainOpt 1.1902e-02 Valid 1.3434e-02 LR: 5.0044e-05
Elapsed: 32452.87s Epoch 1001 TrainOpt 1.1929e-02 Valid skipped LR: 4.9966e-05
Elapsed: 32484.23s Epoch 1002 TrainOpt 1.2005e-02 Valid skipped LR: 4.9887e-05
Elapsed: 32516.66s Epoch 1003 TrainOpt 1.2093e-02 Valid skipped LR: 4.9808e-05
Elapsed: 32548.80s Epoch 1004 TrainOpt 1.2588e-02 Valid skipped LR: 4.9730e-05
Elapsed: 32580.78s Epoch 1005 TrainOpt 1.2473e-02 Valid skipped LR: 4.9651e-05
Elapsed: 32612.31s Epoch 1006 TrainOpt 1.2357e-02 Valid skipped LR: 4.9572e-05
Elapsed: 32643.49s Epoch 1007 TrainOpt 1.4130e-02 Valid skipped LR: 4.9494e-05
Elapsed: 32674.95s Epoch 1008 TrainOpt 1.3334e-02 Valid skipped LR: 4.9415e-05
Elapsed: 32707.04s Epoch 1009 TrainOpt 1.2960e-02 Valid skipped LR: 4.9336e-05
Elapsed: 32740.86s Epoch 1010 TrainOpt 1.3220e-02 Valid 1.4390e-02 LR: 4.9258e-05
Elapsed: 32772.67s Epoch 1011 TrainOpt 1.3171e-02 Valid skipped LR: 4.9179e-05
Elapsed: 32804.42s Epoch 1012 TrainOpt 1.2676e-02 Valid skipped LR: 4.9101e-05
Elapsed: 32836.15s Epoch 1013 TrainOpt 1.2752e-02 Valid skipped LR: 4.9022e-05
Elapsed: 32868.76s Epoch 1014 TrainOpt 1.2774e-02 Valid skipped LR: 4.8943e-05
Elapsed: 32899.90s Epoch 1015 TrainOpt 1.2618e-02 Valid skipped LR: 4.8865e-05
Elapsed: 32930.63s Epoch 1016 TrainOpt 1.2087e-02 Valid skipped LR: 4.8786e-05
Elapsed: 32962.81s Epoch 1017 TrainOpt 1.2539e-02 Valid skipped LR: 4.8707e-05
Elapsed: 32994.97s Epoch 1018 TrainOpt 1.2518e-02 Valid skipped LR: 4.8629e-05
Elapsed: 33026.93s Epoch 1019 TrainOpt 1.2418e-02 Valid skipped LR: 4.8550e-05
Elapsed: 33061.43s Epoch 1020 TrainOpt 1.2335e-02 Valid 1.3779e-02 LR: 4.8472e-05
Elapsed: 33092.63s Epoch 1021 TrainOpt 1.2164e-02 Valid skipped LR: 4.8393e-05
Elapsed: 33123.67s Epoch 1022 TrainOpt 1.2818e-02 Valid skipped LR: 4.8314e-05
Elapsed: 33155.16s Epoch 1023 TrainOpt 1.2449e-02 Valid skipped LR: 4.8236e-05
Elapsed: 33187.17s Epoch 1024 TrainOpt 1.2418e-02 Valid skipped LR: 4.8157e-05
Elapsed: 33218.68s Epoch 1025 TrainOpt 1.2301e-02 Valid skipped LR: 4.8079e-05
Elapsed: 33250.41s Epoch 1026 TrainOpt 1.2312e-02 Valid skipped LR: 4.8000e-05
Elapsed: 33281.79s Epoch 1027 TrainOpt 1.2591e-02 Valid skipped LR: 4.7921e-05
Elapsed: 33313.00s Epoch 1028 TrainOpt 1.2840e-02 Valid skipped LR: 4.7843e-05
Elapsed: 33344.41s Epoch 1029 TrainOpt 1.2397e-02 Valid skipped LR: 4.7764e-05
Elapsed: 33377.36s Epoch 1030 TrainOpt 1.2528e-02 Valid 1.3760e-02 LR: 4.7686e-05
Elapsed: 33408.85s Epoch 1031 TrainOpt 1.2375e-02 Valid skipped LR: 4.7607e-05
Elapsed: 33440.55s Epoch 1032 TrainOpt 1.2408e-02 Valid skipped LR: 4.7529e-05
Elapsed: 33472.66s Epoch 1033 TrainOpt 1.6967e-02 Valid skipped LR: 4.7450e-05
Elapsed: 33504.13s Epoch 1034 TrainOpt 1.5147e-02 Valid skipped LR: 4.7371e-05
Elapsed: 33535.89s Epoch 1035 TrainOpt 1.4665e-02 Valid skipped LR: 4.7293e-05
Elapsed: 33567.49s Epoch 1036 TrainOpt 2.0177e-02 Valid skipped LR: 4.7214e-05
Elapsed: 33599.12s Epoch 1037 TrainOpt 1.5463e-02 Valid skipped LR: 4.7136e-05
Elapsed: 33630.44s Epoch 1038 TrainOpt 1.4282e-02 Valid skipped LR: 4.7057e-05
Elapsed: 33661.98s Epoch 1039 TrainOpt 1.4832e-02 Valid skipped LR: 4.6979e-05
Elapsed: 33695.25s Epoch 1040 TrainOpt 1.4134e-02 Valid 1.5549e-02 LR: 4.6900e-05
Elapsed: 33726.72s Epoch 1041 TrainOpt 1.3511e-02 Valid skipped LR: 4.6822e-05
Elapsed: 33758.30s Epoch 1042 TrainOpt 1.2907e-02 Valid skipped LR: 4.6743e-05
Elapsed: 33790.42s Epoch 1043 TrainOpt 1.2676e-02 Valid skipped LR: 4.6665e-05
Elapsed: 33822.55s Epoch 1044 TrainOpt 1.2783e-02 Valid skipped LR: 4.6586e-05
Elapsed: 33853.78s Epoch 1045 TrainOpt 1.2624e-02 Valid skipped LR: 4.6508e-05
Elapsed: 33885.74s Epoch 1046 TrainOpt 1.2790e-02 Valid skipped LR: 4.6429e-05
Elapsed: 33917.47s Epoch 1047 TrainOpt 1.3083e-02 Valid skipped LR: 4.6351e-05
Elapsed: 33948.83s Epoch 1048 TrainOpt 1.3386e-02 Valid skipped LR: 4.6273e-05
Elapsed: 33980.98s Epoch 1049 TrainOpt 1.2998e-02 Valid skipped LR: 4.6194e-05
Elapsed: 34014.30s Epoch 1050 TrainOpt 1.2620e-02 Valid 1.4182e-02 LR: 4.6116e-05
Elapsed: 34045.59s Epoch 1051 TrainOpt 1.2421e-02 Valid skipped LR: 4.6037e-05
Elapsed: 34077.20s Epoch 1052 TrainOpt 1.2514e-02 Valid skipped LR: 4.5959e-05
Elapsed: 34109.35s Epoch 1053 TrainOpt 1.2173e-02 Valid skipped LR: 4.5881e-05
Elapsed: 34141.03s Epoch 1054 TrainOpt 1.2651e-02 Valid skipped LR: 4.5802e-05
Elapsed: 34172.46s Epoch 1055 TrainOpt 1.2330e-02 Valid skipped LR: 4.5724e-05
Elapsed: 34204.53s Epoch 1056 TrainOpt 1.2175e-02 Valid skipped LR: 4.5645e-05
Elapsed: 34236.44s Epoch 1057 TrainOpt 1.3626e-02 Valid skipped LR: 4.5567e-05
Elapsed: 34267.92s Epoch 1058 TrainOpt 1.2853e-02 Valid skipped LR: 4.5489e-05
Elapsed: 34299.50s Epoch 1059 TrainOpt 1.2594e-02 Valid skipped LR: 4.5410e-05
Elapsed: 34332.98s Epoch 1060 TrainOpt 1.2726e-02 Valid 1.4274e-02 LR: 4.5332e-05
Elapsed: 34364.00s Epoch 1061 TrainOpt 1.2454e-02 Valid skipped LR: 4.5254e-05
Elapsed: 34395.70s Epoch 1062 TrainOpt 1.3104e-02 Valid skipped LR: 4.5176e-05
Elapsed: 34427.20s Epoch 1063 TrainOpt 1.2993e-02 Valid skipped LR: 4.5097e-05
Elapsed: 34459.00s Epoch 1064 TrainOpt 1.2960e-02 Valid skipped LR: 4.5019e-05
Elapsed: 34490.74s Epoch 1065 TrainOpt 1.2710e-02 Valid skipped LR: 4.4941e-05
Elapsed: 34522.93s Epoch 1066 TrainOpt 1.2554e-02 Valid skipped LR: 4.4863e-05
Elapsed: 34554.05s Epoch 1067 TrainOpt 1.2356e-02 Valid skipped LR: 4.4784e-05
Elapsed: 34585.72s Epoch 1068 TrainOpt 1.2007e-02 Valid skipped LR: 4.4706e-05
Elapsed: 34617.41s Epoch 1069 TrainOpt 1.2126e-02 Valid skipped LR: 4.4628e-05
Elapsed: 34649.65s Epoch 1070 TrainOpt 1.2077e-02 Valid 1.3748e-02 LR: 4.4550e-05
Elapsed: 34680.95s Epoch 1071 TrainOpt 1.2031e-02 Valid skipped LR: 4.4472e-05
Elapsed: 34712.92s Epoch 1072 TrainOpt 1.2212e-02 Valid skipped LR: 4.4393e-05
Elapsed: 34744.74s Epoch 1073 TrainOpt 1.2099e-02 Valid skipped LR: 4.4315e-05
Elapsed: 34776.27s Epoch 1074 TrainOpt 1.1957e-02 Valid skipped LR: 4.4237e-05
Elapsed: 34807.82s Epoch 1075 TrainOpt 1.2594e-02 Valid skipped LR: 4.4159e-05
Elapsed: 34839.49s Epoch 1076 TrainOpt 1.1766e-02 Valid skipped LR: 4.4081e-05
Elapsed: 34871.37s Epoch 1077 TrainOpt 1.1723e-02 Valid skipped LR: 4.4003e-05
Elapsed: 34902.63s Epoch 1078 TrainOpt 1.1790e-02 Valid skipped LR: 4.3925e-05
Elapsed: 34934.06s Epoch 1079 TrainOpt 1.2264e-02 Valid skipped LR: 4.3847e-05
Elapsed: 34967.38s Epoch 1080 TrainOpt 1.1932e-02 Valid 1.3425e-02 LR: 4.3769e-05
Elapsed: 34999.06s Epoch 1081 TrainOpt 1.2271e-02 Valid skipped LR: 4.3691e-05
Elapsed: 35031.32s Epoch 1082 TrainOpt 1.2466e-02 Valid skipped LR: 4.3613e-05
Elapsed: 35062.68s Epoch 1083 TrainOpt 1.2013e-02 Valid skipped LR: 4.3535e-05
Elapsed: 35094.28s Epoch 1084 TrainOpt 1.1686e-02 Valid skipped LR: 4.3457e-05
Elapsed: 35125.39s Epoch 1085 TrainOpt 1.1927e-02 Valid skipped LR: 4.3379e-05
Elapsed: 35156.52s Epoch 1086 TrainOpt 1.2045e-02 Valid skipped LR: 4.3301e-05
Elapsed: 35188.35s Epoch 1087 TrainOpt 1.1956e-02 Valid skipped LR: 4.3223e-05
Elapsed: 35220.10s Epoch 1088 TrainOpt 1.1958e-02 Valid skipped LR: 4.3145e-05
Elapsed: 35251.99s Epoch 1089 TrainOpt 1.2104e-02 Valid skipped LR: 4.3067e-05
Elapsed: 35285.02s Epoch 1090 TrainOpt 1.2078e-02 Valid 1.3883e-02 LR: 4.2989e-05
Elapsed: 35316.71s Epoch 1091 TrainOpt 1.1997e-02 Valid skipped LR: 4.2911e-05
Elapsed: 35348.79s Epoch 1092 TrainOpt 1.1943e-02 Valid skipped LR: 4.2833e-05
Elapsed: 35380.71s Epoch 1093 TrainOpt 1.1843e-02 Valid skipped LR: 4.2756e-05
Elapsed: 35412.14s Epoch 1094 TrainOpt 1.1936e-02 Valid skipped LR: 4.2678e-05
Elapsed: 35444.13s Epoch 1095 TrainOpt 1.1777e-02 Valid skipped LR: 4.2600e-05
Elapsed: 35475.59s Epoch 1096 TrainOpt 1.1756e-02 Valid skipped LR: 4.2522e-05
Elapsed: 35507.05s Epoch 1097 TrainOpt 1.1753e-02 Valid skipped LR: 4.2444e-05
Elapsed: 35538.18s Epoch 1098 TrainOpt 1.1792e-02 Valid skipped LR: 4.2367e-05
Elapsed: 35569.79s Epoch 1099 TrainOpt 1.1417e-02 Valid skipped LR: 4.2289e-05
Elapsed: 35603.19s Epoch 1100 TrainOpt 1.1773e-02 Valid 1.3558e-02 LR: 4.2211e-05
Elapsed: 35679.17s Epoch 1101 TrainOpt 1.2183e-02 Valid skipped LR: 4.2134e-05
Elapsed: 35710.72s Epoch 1102 TrainOpt 1.1976e-02 Valid skipped LR: 4.2056e-05
Elapsed: 35741.98s Epoch 1103 TrainOpt 1.1694e-02 Valid skipped LR: 4.1978e-05
Elapsed: 35772.63s Epoch 1104 TrainOpt 1.1819e-02 Valid skipped LR: 4.1901e-05
Elapsed: 35804.29s Epoch 1105 TrainOpt 1.1447e-02 Valid skipped LR: 4.1823e-05
Elapsed: 35836.04s Epoch 1106 TrainOpt 1.1532e-02 Valid skipped LR: 4.1745e-05
Elapsed: 35867.42s Epoch 1107 TrainOpt 1.1898e-02 Valid skipped LR: 4.1668e-05
Elapsed: 35899.51s Epoch 1108 TrainOpt 1.1542e-02 Valid skipped LR: 4.1590e-05
Elapsed: 35931.28s Epoch 1109 TrainOpt 1.1425e-02 Valid skipped LR: 4.1513e-05
Elapsed: 35964.33s Epoch 1110 TrainOpt 1.1924e-02 Valid 1.3605e-02 LR: 4.1435e-05
Elapsed: 35996.81s Epoch 1111 TrainOpt 1.2591e-02 Valid skipped LR: 4.1358e-05
Elapsed: 36028.63s Epoch 1112 TrainOpt 1.1940e-02 Valid skipped LR: 4.1280e-05
Elapsed: 36061.00s Epoch 1113 TrainOpt 1.1707e-02 Valid skipped LR: 4.1203e-05
Elapsed: 36092.50s Epoch 1114 TrainOpt 1.1631e-02 Valid skipped LR: 4.1126e-05
Elapsed: 36124.07s Epoch 1115 TrainOpt 1.1818e-02 Valid skipped LR: 4.1048e-05
Elapsed: 36155.55s Epoch 1116 TrainOpt 1.1399e-02 Valid skipped LR: 4.0971e-05
Elapsed: 36187.12s Epoch 1117 TrainOpt 1.1150e-02 Valid skipped LR: 4.0893e-05
Elapsed: 36219.28s Epoch 1118 TrainOpt 1.1241e-02 Valid skipped LR: 4.0816e-05
Elapsed: 36251.12s Epoch 1119 TrainOpt 1.1025e-02 Valid skipped LR: 4.0739e-05
Elapsed: 36284.11s Epoch 1120 TrainOpt 1.1369e-02 Valid 1.3041e-02 LR: 4.0662e-05
Elapsed: 36316.12s Epoch 1121 TrainOpt 1.1536e-02 Valid skipped LR: 4.0584e-05
Elapsed: 36348.73s Epoch 1122 TrainOpt 1.1462e-02 Valid skipped LR: 4.0507e-05
Elapsed: 36380.14s Epoch 1123 TrainOpt 1.1375e-02 Valid skipped LR: 4.0430e-05
Elapsed: 36411.79s Epoch 1124 TrainOpt 1.1627e-02 Valid skipped LR: 4.0353e-05
Elapsed: 36443.44s Epoch 1125 TrainOpt 1.1904e-02 Valid skipped LR: 4.0276e-05
Elapsed: 36474.82s Epoch 1126 TrainOpt 1.1594e-02 Valid skipped LR: 4.0198e-05
Elapsed: 36506.53s Epoch 1127 TrainOpt 1.1136e-02 Valid skipped LR: 4.0121e-05
Elapsed: 36538.00s Epoch 1128 TrainOpt 1.1604e-02 Valid skipped LR: 4.0044e-05
Elapsed: 36569.89s Epoch 1129 TrainOpt 1.1403e-02 Valid skipped LR: 3.9967e-05
Elapsed: 36602.05s Epoch 1130 TrainOpt 1.1636e-02 Valid 1.3311e-02 LR: 3.9890e-05
Elapsed: 36633.50s Epoch 1131 TrainOpt 1.1354e-02 Valid skipped LR: 3.9813e-05
Elapsed: 36665.23s Epoch 1132 TrainOpt 1.1218e-02 Valid skipped LR: 3.9736e-05
Elapsed: 36696.59s Epoch 1133 TrainOpt 1.0974e-02 Valid skipped LR: 3.9659e-05
Elapsed: 36727.93s Epoch 1134 TrainOpt 1.1400e-02 Valid skipped LR: 3.9582e-05
Elapsed: 36759.38s Epoch 1135 TrainOpt 1.1341e-02 Valid skipped LR: 3.9505e-05
Elapsed: 36791.64s Epoch 1136 TrainOpt 1.1153e-02 Valid skipped LR: 3.9428e-05
Elapsed: 36822.95s Epoch 1137 TrainOpt 1.1453e-02 Valid skipped LR: 3.9352e-05
Elapsed: 36854.07s Epoch 1138 TrainOpt 1.1382e-02 Valid skipped LR: 3.9275e-05
Elapsed: 36886.10s Epoch 1139 TrainOpt 1.1159e-02 Valid skipped LR: 3.9198e-05
Elapsed: 36919.39s Epoch 1140 TrainOpt 1.0812e-02 Valid 1.2997e-02 LR: 3.9121e-05
Elapsed: 36951.54s Epoch 1141 TrainOpt 1.1092e-02 Valid skipped LR: 3.9044e-05
Elapsed: 36983.41s Epoch 1142 TrainOpt 1.1988e-02 Valid skipped LR: 3.8968e-05
Elapsed: 37014.98s Epoch 1143 TrainOpt 1.1173e-02 Valid skipped LR: 3.8891e-05
Elapsed: 37046.71s Epoch 1144 TrainOpt 1.0886e-02 Valid skipped LR: 3.8814e-05
Elapsed: 37078.21s Epoch 1145 TrainOpt 1.1033e-02 Valid skipped LR: 3.8738e-05
Elapsed: 37109.29s Epoch 1146 TrainOpt 1.0645e-02 Valid skipped LR: 3.8661e-05
Elapsed: 37141.19s Epoch 1147 TrainOpt 1.0826e-02 Valid skipped LR: 3.8585e-05
Elapsed: 37172.68s Epoch 1148 TrainOpt 1.1043e-02 Valid skipped LR: 3.8508e-05
Elapsed: 37204.29s Epoch 1149 TrainOpt 1.1139e-02 Valid skipped LR: 3.8431e-05
Elapsed: 37237.42s Epoch 1150 TrainOpt 1.0753e-02 Valid 1.2719e-02 LR: 3.8355e-05
Elapsed: 37269.02s Epoch 1151 TrainOpt 1.1016e-02 Valid skipped LR: 3.8278e-05
Elapsed: 37300.26s Epoch 1152 TrainOpt 1.1006e-02 Valid skipped LR: 3.8202e-05
Elapsed: 37331.53s Epoch 1153 TrainOpt 1.0710e-02 Valid skipped LR: 3.8126e-05
Elapsed: 37363.49s Epoch 1154 TrainOpt 1.0703e-02 Valid skipped LR: 3.8049e-05
Elapsed: 37395.64s Epoch 1155 TrainOpt 1.0975e-02 Valid skipped LR: 3.7973e-05
Elapsed: 37427.28s Epoch 1156 TrainOpt 1.1372e-02 Valid skipped LR: 3.7897e-05
Elapsed: 37458.70s Epoch 1157 TrainOpt 1.1011e-02 Valid skipped LR: 3.7820e-05
Elapsed: 37490.42s Epoch 1158 TrainOpt 1.1035e-02 Valid skipped LR: 3.7744e-05
Elapsed: 37521.80s Epoch 1159 TrainOpt 1.0772e-02 Valid skipped LR: 3.7668e-05
Elapsed: 37554.91s Epoch 1160 TrainOpt 1.0732e-02 Valid 1.2560e-02 LR: 3.7592e-05
Elapsed: 37586.70s Epoch 1161 TrainOpt 1.0677e-02 Valid skipped LR: 3.7515e-05
Elapsed: 37618.32s Epoch 1162 TrainOpt 1.0842e-02 Valid skipped LR: 3.7439e-05
Elapsed: 37650.30s Epoch 1163 TrainOpt 1.0600e-02 Valid skipped LR: 3.7363e-05
Elapsed: 37682.06s Epoch 1164 TrainOpt 1.0573e-02 Valid skipped LR: 3.7287e-05
Elapsed: 37713.80s Epoch 1165 TrainOpt 1.0606e-02 Valid skipped LR: 3.7211e-05
Elapsed: 37746.04s Epoch 1166 TrainOpt 1.0841e-02 Valid skipped LR: 3.7135e-05
Elapsed: 37777.79s Epoch 1167 TrainOpt 1.0601e-02 Valid skipped LR: 3.7059e-05
Elapsed: 37809.68s Epoch 1168 TrainOpt 1.1071e-02 Valid skipped LR: 3.6983e-05
Elapsed: 37841.99s Epoch 1169 TrainOpt 1.0412e-02 Valid skipped LR: 3.6907e-05
Elapsed: 37875.03s Epoch 1170 TrainOpt 1.0724e-02 Valid 1.2782e-02 LR: 3.6831e-05
Elapsed: 37907.14s Epoch 1171 TrainOpt 1.0392e-02 Valid skipped LR: 3.6755e-05
Elapsed: 37939.30s Epoch 1172 TrainOpt 1.0593e-02 Valid skipped LR: 3.6680e-05
Elapsed: 37970.81s Epoch 1173 TrainOpt 1.0660e-02 Valid skipped LR: 3.6604e-05
Elapsed: 38002.32s Epoch 1174 TrainOpt 1.1830e-02 Valid skipped LR: 3.6528e-05
Elapsed: 38034.11s Epoch 1175 TrainOpt 1.1940e-02 Valid skipped LR: 3.6452e-05
Elapsed: 38065.31s Epoch 1176 TrainOpt 1.0918e-02 Valid skipped LR: 3.6377e-05
Elapsed: 38097.32s Epoch 1177 TrainOpt 1.0500e-02 Valid skipped LR: 3.6301e-05
Elapsed: 38129.41s Epoch 1178 TrainOpt 1.0073e-02 Valid skipped LR: 3.6225e-05
Elapsed: 38160.65s Epoch 1179 TrainOpt 1.0205e-02 Valid skipped LR: 3.6150e-05
Elapsed: 38193.45s Epoch 1180 TrainOpt 1.0216e-02 Valid 1.2377e-02 LR: 3.6074e-05
Elapsed: 38225.73s Epoch 1181 TrainOpt 1.0121e-02 Valid skipped LR: 3.5999e-05
Elapsed: 38257.60s Epoch 1182 TrainOpt 9.9690e-03 Valid skipped LR: 3.5923e-05
Elapsed: 38289.21s Epoch 1183 TrainOpt 1.0027e-02 Valid skipped LR: 3.5848e-05
Elapsed: 38321.32s Epoch 1184 TrainOpt 1.0558e-02 Valid skipped LR: 3.5772e-05
Elapsed: 38353.26s Epoch 1185 TrainOpt 1.0518e-02 Valid skipped LR: 3.5697e-05
Elapsed: 38384.93s Epoch 1186 TrainOpt 1.0554e-02 Valid skipped LR: 3.5622e-05
Elapsed: 38417.10s Epoch 1187 TrainOpt 1.0265e-02 Valid skipped LR: 3.5546e-05
Elapsed: 38449.24s Epoch 1188 TrainOpt 1.0437e-02 Valid skipped LR: 3.5471e-05
Elapsed: 38481.32s Epoch 1189 TrainOpt 1.0096e-02 Valid skipped LR: 3.5396e-05
Elapsed: 38514.42s Epoch 1190 TrainOpt 1.0108e-02 Valid 1.1815e-02 LR: 3.5321e-05
Elapsed: 38546.18s Epoch 1191 TrainOpt 9.9027e-03 Valid skipped LR: 3.5245e-05
Elapsed: 38577.80s Epoch 1192 TrainOpt 1.0087e-02 Valid skipped LR: 3.5170e-05
Elapsed: 38609.20s Epoch 1193 TrainOpt 1.0101e-02 Valid skipped LR: 3.5095e-05
Elapsed: 38641.29s Epoch 1194 TrainOpt 1.0083e-02 Valid skipped LR: 3.5020e-05
Elapsed: 38672.90s Epoch 1195 TrainOpt 9.9761e-03 Valid skipped LR: 3.4945e-05
Elapsed: 38704.16s Epoch 1196 TrainOpt 1.0389e-02 Valid skipped LR: 3.4870e-05
Elapsed: 38736.58s Epoch 1197 TrainOpt 9.9304e-03 Valid skipped LR: 3.4795e-05
Elapsed: 38768.36s Epoch 1198 TrainOpt 9.9029e-03 Valid skipped LR: 3.4720e-05
Elapsed: 38799.86s Epoch 1199 TrainOpt 9.6270e-03 Valid skipped LR: 3.4645e-05
Elapsed: 38832.36s Epoch 1200 TrainOpt 9.9220e-03 Valid 1.1825e-02 LR: 3.4571e-05
Elapsed: 38907.23s Epoch 1201 TrainOpt 1.0346e-02 Valid skipped LR: 3.4496e-05
Elapsed: 38939.15s Epoch 1202 TrainOpt 1.0155e-02 Valid skipped LR: 3.4421e-05
Elapsed: 38970.75s Epoch 1203 TrainOpt 1.0310e-02 Valid skipped LR: 3.4346e-05
Elapsed: 39002.46s Epoch 1204 TrainOpt 1.0387e-02 Valid skipped LR: 3.4272e-05
Elapsed: 39034.07s Epoch 1205 TrainOpt 1.0285e-02 Valid skipped LR: 3.4197e-05
Elapsed: 39065.46s Epoch 1206 TrainOpt 1.0035e-02 Valid skipped LR: 3.4123e-05
Elapsed: 39097.29s Epoch 1207 TrainOpt 9.8588e-03 Valid skipped LR: 3.4048e-05
Elapsed: 39128.79s Epoch 1208 TrainOpt 1.0306e-02 Valid skipped LR: 3.3973e-05
Elapsed: 39160.06s Epoch 1209 TrainOpt 1.0782e-02 Valid skipped LR: 3.3899e-05
Elapsed: 39194.19s Epoch 1210 TrainOpt 1.2084e-02 Valid 1.2532e-02 LR: 3.3825e-05
Elapsed: 39225.95s Epoch 1211 TrainOpt 1.1482e-02 Valid skipped LR: 3.3750e-05
Elapsed: 39257.24s Epoch 1212 TrainOpt 1.0620e-02 Valid skipped LR: 3.3676e-05
Elapsed: 39288.74s Epoch 1213 TrainOpt 1.0847e-02 Valid skipped LR: 3.3601e-05
Elapsed: 39321.16s Epoch 1214 TrainOpt 1.0498e-02 Valid skipped LR: 3.3527e-05
Elapsed: 39352.59s Epoch 1215 TrainOpt 1.0479e-02 Valid skipped LR: 3.3453e-05
Elapsed: 39384.32s Epoch 1216 TrainOpt 1.0201e-02 Valid skipped LR: 3.3379e-05
Elapsed: 39416.62s Epoch 1217 TrainOpt 1.0318e-02 Valid skipped LR: 3.3305e-05
Elapsed: 39448.53s Epoch 1218 TrainOpt 1.0836e-02 Valid skipped LR: 3.3230e-05
Elapsed: 39480.18s Epoch 1219 TrainOpt 1.0315e-02 Valid skipped LR: 3.3156e-05
Elapsed: 39514.21s Epoch 1220 TrainOpt 1.0196e-02 Valid 1.1750e-02 LR: 3.3082e-05
Elapsed: 39546.43s Epoch 1221 TrainOpt 1.0012e-02 Valid skipped LR: 3.3008e-05
Elapsed: 39577.70s Epoch 1222 TrainOpt 1.0175e-02 Valid skipped LR: 3.2934e-05
Elapsed: 39609.50s Epoch 1223 TrainOpt 9.8195e-03 Valid skipped LR: 3.2861e-05
Elapsed: 39641.06s Epoch 1224 TrainOpt 1.0113e-02 Valid skipped LR: 3.2787e-05
Elapsed: 39673.03s Epoch 1225 TrainOpt 9.9990e-03 Valid skipped LR: 3.2713e-05
Elapsed: 39704.54s Epoch 1226 TrainOpt 1.0051e-02 Valid skipped LR: 3.2639e-05
Elapsed: 39736.53s Epoch 1227 TrainOpt 1.0243e-02 Valid skipped LR: 3.2565e-05
Elapsed: 39768.38s Epoch 1228 TrainOpt 9.8598e-03 Valid skipped LR: 3.2492e-05
Elapsed: 39800.12s Epoch 1229 TrainOpt 1.0464e-02 Valid skipped LR: 3.2418e-05
Elapsed: 39833.12s Epoch 1230 TrainOpt 1.0436e-02 Valid 1.1891e-02 LR: 3.2344e-05
Elapsed: 39864.24s Epoch 1231 TrainOpt 1.0073e-02 Valid skipped LR: 3.2271e-05
Elapsed: 39895.32s Epoch 1232 TrainOpt 1.0642e-02 Valid skipped LR: 3.2197e-05
Elapsed: 39927.07s Epoch 1233 TrainOpt 1.1273e-02 Valid skipped LR: 3.2124e-05
Elapsed: 39958.76s Epoch 1234 TrainOpt 1.0888e-02 Valid skipped LR: 3.2050e-05
Elapsed: 39990.38s Epoch 1235 TrainOpt 1.0861e-02 Valid skipped LR: 3.1977e-05
Elapsed: 40021.80s Epoch 1236 TrainOpt 1.0414e-02 Valid skipped LR: 3.1904e-05
Elapsed: 40053.72s Epoch 1237 TrainOpt 1.0643e-02 Valid skipped LR: 3.1830e-05
Elapsed: 40086.44s Epoch 1238 TrainOpt 1.0380e-02 Valid skipped LR: 3.1757e-05
Elapsed: 40117.71s Epoch 1239 TrainOpt 1.0528e-02 Valid skipped LR: 3.1684e-05
Elapsed: 40151.09s Epoch 1240 TrainOpt 1.0292e-02 Valid 1.2172e-02 LR: 3.1611e-05
Elapsed: 40183.22s Epoch 1241 TrainOpt 1.0333e-02 Valid skipped LR: 3.1538e-05
Elapsed: 40214.78s Epoch 1242 TrainOpt 1.1031e-02 Valid skipped LR: 3.1465e-05
Elapsed: 40246.26s Epoch 1243 TrainOpt 1.1355e-02 Valid skipped LR: 3.1392e-05
Elapsed: 40277.86s Epoch 1244 TrainOpt 1.0553e-02 Valid skipped LR: 3.1319e-05
Elapsed: 40309.50s Epoch 1245 TrainOpt 1.1808e-02 Valid skipped LR: 3.1246e-05
Elapsed: 40341.45s Epoch 1246 TrainOpt 1.0731e-02 Valid skipped LR: 3.1173e-05
Elapsed: 40372.97s Epoch 1247 TrainOpt 1.0657e-02 Valid skipped LR: 3.1100e-05
Elapsed: 40404.81s Epoch 1248 TrainOpt 1.0873e-02 Valid skipped LR: 3.1027e-05
Elapsed: 40436.16s Epoch 1249 TrainOpt 1.0749e-02 Valid skipped LR: 3.0955e-05
Elapsed: 40469.51s Epoch 1250 TrainOpt 1.1046e-02 Valid 1.2593e-02 LR: 3.0882e-05
Elapsed: 40500.85s Epoch 1251 TrainOpt 1.0700e-02 Valid skipped LR: 3.0809e-05
Elapsed: 40532.36s Epoch 1252 TrainOpt 1.0249e-02 Valid skipped LR: 3.0737e-05
Elapsed: 40564.52s Epoch 1253 TrainOpt 1.0230e-02 Valid skipped LR: 3.0664e-05
Elapsed: 40596.50s Epoch 1254 TrainOpt 1.0226e-02 Valid skipped LR: 3.0592e-05
Elapsed: 40627.72s Epoch 1255 TrainOpt 1.0601e-02 Valid skipped LR: 3.0519e-05
Elapsed: 40659.33s Epoch 1256 TrainOpt 1.0060e-02 Valid skipped LR: 3.0447e-05
Elapsed: 40691.12s Epoch 1257 TrainOpt 1.0041e-02 Valid skipped LR: 3.0374e-05
Elapsed: 40722.41s Epoch 1258 TrainOpt 9.6643e-03 Valid skipped LR: 3.0302e-05
Elapsed: 40753.92s Epoch 1259 TrainOpt 9.6937e-03 Valid skipped LR: 3.0230e-05
Elapsed: 40787.64s Epoch 1260 TrainOpt 1.0475e-02 Valid 1.1601e-02 LR: 3.0158e-05
Elapsed: 40819.62s Epoch 1261 TrainOpt 9.6656e-03 Valid skipped LR: 3.0085e-05
Elapsed: 40851.29s Epoch 1262 TrainOpt 9.7309e-03 Valid skipped LR: 3.0013e-05
Elapsed: 40883.61s Epoch 1263 TrainOpt 9.9485e-03 Valid skipped LR: 2.9941e-05
Elapsed: 40915.63s Epoch 1264 TrainOpt 9.8894e-03 Valid skipped LR: 2.9869e-05
Elapsed: 40947.31s Epoch 1265 TrainOpt 1.0006e-02 Valid skipped LR: 2.9797e-05
Elapsed: 40979.32s Epoch 1266 TrainOpt 9.8263e-03 Valid skipped LR: 2.9725e-05
Elapsed: 41011.18s Epoch 1267 TrainOpt 1.0387e-02 Valid skipped LR: 2.9653e-05
Elapsed: 41043.17s Epoch 1268 TrainOpt 9.8498e-03 Valid skipped LR: 2.9582e-05
Elapsed: 41074.94s Epoch 1269 TrainOpt 9.6167e-03 Valid skipped LR: 2.9510e-05
Elapsed: 41108.39s Epoch 1270 TrainOpt 9.9590e-03 Valid 1.1620e-02 LR: 2.9438e-05
Elapsed: 41139.95s Epoch 1271 TrainOpt 9.7297e-03 Valid skipped LR: 2.9366e-05
Elapsed: 41171.40s Epoch 1272 TrainOpt 9.5108e-03 Valid skipped LR: 2.9295e-05
Elapsed: 41202.88s Epoch 1273 TrainOpt 9.7087e-03 Valid skipped LR: 2.9223e-05
Elapsed: 41234.80s Epoch 1274 TrainOpt 9.3295e-03 Valid skipped LR: 2.9152e-05
Elapsed: 41266.76s Epoch 1275 TrainOpt 9.2307e-03 Valid skipped LR: 2.9080e-05
Elapsed: 41299.10s Epoch 1276 TrainOpt 9.3410e-03 Valid skipped LR: 2.9009e-05
Elapsed: 41330.31s Epoch 1277 TrainOpt 9.5822e-03 Valid skipped LR: 2.8938e-05
Elapsed: 41361.51s Epoch 1278 TrainOpt 9.7357e-03 Valid skipped LR: 2.8866e-05
Elapsed: 41392.75s Epoch 1279 TrainOpt 9.5847e-03 Valid skipped LR: 2.8795e-05
Elapsed: 41426.25s Epoch 1280 TrainOpt 9.3842e-03 Valid 1.1365e-02 LR: 2.8724e-05
Elapsed: 41457.66s Epoch 1281 TrainOpt 1.0496e-02 Valid skipped LR: 2.8653e-05
Elapsed: 41489.57s Epoch 1282 TrainOpt 1.0108e-02 Valid skipped LR: 2.8582e-05
Elapsed: 41521.80s Epoch 1283 TrainOpt 1.0022e-02 Valid skipped LR: 2.8511e-05
Elapsed: 41553.52s Epoch 1284 TrainOpt 9.8367e-03 Valid skipped LR: 2.8440e-05
Elapsed: 41585.04s Epoch 1285 TrainOpt 9.8347e-03 Valid skipped LR: 2.8369e-05
Elapsed: 41617.06s Epoch 1286 TrainOpt 1.0344e-02 Valid skipped LR: 2.8298e-05
Elapsed: 41648.55s Epoch 1287 TrainOpt 9.9977e-03 Valid skipped LR: 2.8227e-05
Elapsed: 41680.13s Epoch 1288 TrainOpt 9.6263e-03 Valid skipped LR: 2.8156e-05
Elapsed: 41712.07s Epoch 1289 TrainOpt 9.4419e-03 Valid skipped LR: 2.8085e-05
Elapsed: 41745.55s Epoch 1290 TrainOpt 9.4386e-03 Valid 1.1553e-02 LR: 2.8015e-05
Elapsed: 41777.13s Epoch 1291 TrainOpt 9.7831e-03 Valid skipped LR: 2.7944e-05
Elapsed: 41808.16s Epoch 1292 TrainOpt 9.7414e-03 Valid skipped LR: 2.7874e-05
Elapsed: 41840.20s Epoch 1293 TrainOpt 9.4017e-03 Valid skipped LR: 2.7803e-05
Elapsed: 41871.68s Epoch 1294 TrainOpt 9.3583e-03 Valid skipped LR: 2.7733e-05
Elapsed: 41903.78s Epoch 1295 TrainOpt 9.3286e-03 Valid skipped LR: 2.7662e-05
Elapsed: 41935.56s Epoch 1296 TrainOpt 9.5347e-03 Valid skipped LR: 2.7592e-05
Elapsed: 41967.15s Epoch 1297 TrainOpt 9.6847e-03 Valid skipped LR: 2.7522e-05
Elapsed: 41998.42s Epoch 1298 TrainOpt 9.4635e-03 Valid skipped LR: 2.7452e-05
Elapsed: 42029.64s Epoch 1299 TrainOpt 9.3461e-03 Valid skipped LR: 2.7381e-05
Elapsed: 42062.74s Epoch 1300 TrainOpt 9.3018e-03 Valid 1.1667e-02 LR: 2.7311e-05
Elapsed: 42138.94s Epoch 1301 TrainOpt 9.3000e-03 Valid skipped LR: 2.7241e-05
Elapsed: 42170.16s Epoch 1302 TrainOpt 9.3796e-03 Valid skipped LR: 2.7171e-05
Elapsed: 42201.78s Epoch 1303 TrainOpt 9.5309e-03 Valid skipped LR: 2.7101e-05
Elapsed: 42233.86s Epoch 1304 TrainOpt 9.7235e-03 Valid skipped LR: 2.7031e-05
Elapsed: 42265.39s Epoch 1305 TrainOpt 1.0133e-02 Valid skipped LR: 2.6962e-05
Elapsed: 42297.35s Epoch 1306 TrainOpt 1.1069e-02 Valid skipped LR: 2.6892e-05
Elapsed: 42329.21s Epoch 1307 TrainOpt 1.0309e-02 Valid skipped LR: 2.6822e-05
Elapsed: 42360.62s Epoch 1308 TrainOpt 9.7873e-03 Valid skipped LR: 2.6752e-05
Elapsed: 42392.47s Epoch 1309 TrainOpt 9.5173e-03 Valid skipped LR: 2.6683e-05
Elapsed: 42425.83s Epoch 1310 TrainOpt 9.2646e-03 Valid 1.1471e-02 LR: 2.6613e-05
Elapsed: 42457.11s Epoch 1311 TrainOpt 9.2302e-03 Valid skipped LR: 2.6544e-05
Elapsed: 42488.64s Epoch 1312 TrainOpt 9.2303e-03 Valid skipped LR: 2.6474e-05
Elapsed: 42520.58s Epoch 1313 TrainOpt 9.3153e-03 Valid skipped LR: 2.6405e-05
Elapsed: 42552.02s Epoch 1314 TrainOpt 9.4258e-03 Valid skipped LR: 2.6336e-05
Elapsed: 42583.50s Epoch 1315 TrainOpt 9.3127e-03 Valid skipped LR: 2.6266e-05
Elapsed: 42615.18s Epoch 1316 TrainOpt 9.2158e-03 Valid skipped LR: 2.6197e-05
Elapsed: 42646.79s Epoch 1317 TrainOpt 9.3501e-03 Valid skipped LR: 2.6128e-05
Elapsed: 42678.30s Epoch 1318 TrainOpt 9.9312e-03 Valid skipped LR: 2.6059e-05
Elapsed: 42710.00s Epoch 1319 TrainOpt 9.5539e-03 Valid skipped LR: 2.5990e-05
Elapsed: 42743.47s Epoch 1320 TrainOpt 9.1650e-03 Valid 1.1345e-02 LR: 2.5921e-05
Elapsed: 42775.16s Epoch 1321 TrainOpt 9.3234e-03 Valid skipped LR: 2.5852e-05
Elapsed: 42807.61s Epoch 1322 TrainOpt 9.0052e-03 Valid skipped LR: 2.5783e-05
Elapsed: 42839.66s Epoch 1323 TrainOpt 8.9769e-03 Valid skipped LR: 2.5715e-05
Elapsed: 42871.15s Epoch 1324 TrainOpt 9.0203e-03 Valid skipped LR: 2.5646e-05
Elapsed: 42903.10s Epoch 1325 TrainOpt 8.9448e-03 Valid skipped LR: 2.5577e-05
Elapsed: 42935.61s Epoch 1326 TrainOpt 8.8930e-03 Valid skipped LR: 2.5509e-05
Elapsed: 42967.16s Epoch 1327 TrainOpt 8.8540e-03 Valid skipped LR: 2.5440e-05
Elapsed: 42998.87s Epoch 1328 TrainOpt 8.9555e-03 Valid skipped LR: 2.5372e-05
Elapsed: 43030.84s Epoch 1329 TrainOpt 8.9622e-03 Valid skipped LR: 2.5303e-05
Elapsed: 43063.72s Epoch 1330 TrainOpt 8.9564e-03 Valid 1.1487e-02 LR: 2.5235e-05
Elapsed: 43095.25s Epoch 1331 TrainOpt 8.8762e-03 Valid skipped LR: 2.5167e-05
Elapsed: 43127.96s Epoch 1332 TrainOpt 8.6580e-03 Valid skipped LR: 2.5098e-05
Elapsed: 43159.58s Epoch 1333 TrainOpt 8.6844e-03 Valid skipped LR: 2.5030e-05
Elapsed: 43191.78s Epoch 1334 TrainOpt 8.6202e-03 Valid skipped LR: 2.4962e-05
Elapsed: 43223.20s Epoch 1335 TrainOpt 8.7868e-03 Valid skipped LR: 2.4894e-05
Elapsed: 43255.01s Epoch 1336 TrainOpt 9.2334e-03 Valid skipped LR: 2.4826e-05
Elapsed: 43286.82s Epoch 1337 TrainOpt 8.9791e-03 Valid skipped LR: 2.4758e-05
Elapsed: 43318.81s Epoch 1338 TrainOpt 8.9922e-03 Valid skipped LR: 2.4690e-05
Elapsed: 43349.98s Epoch 1339 TrainOpt 8.9600e-03 Valid skipped LR: 2.4623e-05
Elapsed: 43384.04s Epoch 1340 TrainOpt 8.7889e-03 Valid 1.1282e-02 LR: 2.4555e-05
Elapsed: 43415.59s Epoch 1341 TrainOpt 9.0812e-03 Valid skipped LR: 2.4487e-05
Elapsed: 43447.23s Epoch 1342 TrainOpt 8.9424e-03 Valid skipped LR: 2.4420e-05
Elapsed: 43479.58s Epoch 1343 TrainOpt 8.8198e-03 Valid skipped LR: 2.4352e-05
Elapsed: 43511.22s Epoch 1344 TrainOpt 8.6741e-03 Valid skipped LR: 2.4285e-05
Elapsed: 43543.37s Epoch 1345 TrainOpt 8.5755e-03 Valid skipped LR: 2.4217e-05
Elapsed: 43575.03s Epoch 1346 TrainOpt 8.7608e-03 Valid skipped LR: 2.4150e-05
Elapsed: 43606.13s Epoch 1347 TrainOpt 8.7553e-03 Valid skipped LR: 2.4082e-05
Elapsed: 43638.13s Epoch 1348 TrainOpt 8.6896e-03 Valid skipped LR: 2.4015e-05
Elapsed: 43670.35s Epoch 1349 TrainOpt 8.5414e-03 Valid skipped LR: 2.3948e-05
Elapsed: 43703.55s Epoch 1350 TrainOpt 8.8030e-03 Valid 1.1400e-02 LR: 2.3881e-05
Elapsed: 43735.16s Epoch 1351 TrainOpt 8.6911e-03 Valid skipped LR: 2.3814e-05
Elapsed: 43767.42s Epoch 1352 TrainOpt 8.9373e-03 Valid skipped LR: 2.3747e-05
Elapsed: 43799.43s Epoch 1353 TrainOpt 8.6924e-03 Valid skipped LR: 2.3680e-05
Elapsed: 43831.58s Epoch 1354 TrainOpt 8.4925e-03 Valid skipped LR: 2.3613e-05
Elapsed: 43864.32s Epoch 1355 TrainOpt 8.7971e-03 Valid skipped LR: 2.3547e-05
Elapsed: 43895.46s Epoch 1356 TrainOpt 8.5634e-03 Valid skipped LR: 2.3480e-05
Elapsed: 43926.97s Epoch 1357 TrainOpt 8.5592e-03 Valid skipped LR: 2.3413e-05
Elapsed: 43958.83s Epoch 1358 TrainOpt 8.7197e-03 Valid skipped LR: 2.3347e-05
Elapsed: 43990.65s Epoch 1359 TrainOpt 8.7286e-03 Valid skipped LR: 2.3280e-05
Elapsed: 44023.61s Epoch 1360 TrainOpt 8.6408e-03 Valid 1.1192e-02 LR: 2.3214e-05
Elapsed: 44054.92s Epoch 1361 TrainOpt 8.7327e-03 Valid skipped LR: 2.3147e-05
Elapsed: 44086.56s Epoch 1362 TrainOpt 8.8124e-03 Valid skipped LR: 2.3081e-05
Elapsed: 44118.54s Epoch 1363 TrainOpt 8.9711e-03 Valid skipped LR: 2.3015e-05
Elapsed: 44150.11s Epoch 1364 TrainOpt 8.8662e-03 Valid skipped LR: 2.2949e-05
Elapsed: 44181.68s Epoch 1365 TrainOpt 9.0601e-03 Valid skipped LR: 2.2882e-05
Elapsed: 44214.09s Epoch 1366 TrainOpt 8.9038e-03 Valid skipped LR: 2.2816e-05
Elapsed: 44245.46s Epoch 1367 TrainOpt 8.6504e-03 Valid skipped LR: 2.2750e-05
Elapsed: 44276.95s Epoch 1368 TrainOpt 8.4514e-03 Valid skipped LR: 2.2685e-05
Elapsed: 44309.09s Epoch 1369 TrainOpt 8.4970e-03 Valid skipped LR: 2.2619e-05
Elapsed: 44342.34s Epoch 1370 TrainOpt 8.7093e-03 Valid 1.1668e-02 LR: 2.2553e-05
Elapsed: 44373.57s Epoch 1371 TrainOpt 8.6872e-03 Valid skipped LR: 2.2487e-05
Elapsed: 44405.28s Epoch 1372 TrainOpt 8.5589e-03 Valid skipped LR: 2.2422e-05
Elapsed: 44437.12s Epoch 1373 TrainOpt 8.7902e-03 Valid skipped LR: 2.2356e-05
Elapsed: 44468.81s Epoch 1374 TrainOpt 8.6443e-03 Valid skipped LR: 2.2291e-05
Elapsed: 44501.07s Epoch 1375 TrainOpt 8.4977e-03 Valid skipped LR: 2.2225e-05
Elapsed: 44532.96s Epoch 1376 TrainOpt 8.4433e-03 Valid skipped LR: 2.2160e-05
Elapsed: 44564.97s Epoch 1377 TrainOpt 8.4405e-03 Valid skipped LR: 2.2095e-05
Elapsed: 44596.91s Epoch 1378 TrainOpt 8.3840e-03 Valid skipped LR: 2.2029e-05
Elapsed: 44628.64s Epoch 1379 TrainOpt 8.4124e-03 Valid skipped LR: 2.1964e-05
Elapsed: 44662.13s Epoch 1380 TrainOpt 8.5014e-03 Valid 1.1372e-02 LR: 2.1899e-05
Elapsed: 44693.53s Epoch 1381 TrainOpt 8.8130e-03 Valid skipped LR: 2.1834e-05
Elapsed: 44725.06s Epoch 1382 TrainOpt 8.4852e-03 Valid skipped LR: 2.1769e-05
Elapsed: 44756.34s Epoch 1383 TrainOpt 8.7229e-03 Valid skipped LR: 2.1704e-05
Elapsed: 44787.39s Epoch 1384 TrainOpt 8.4729e-03 Valid skipped LR: 2.1639e-05
Elapsed: 44819.32s Epoch 1385 TrainOpt 8.5203e-03 Valid skipped LR: 2.1575e-05
Elapsed: 44851.11s Epoch 1386 TrainOpt 8.4962e-03 Valid skipped LR: 2.1510e-05
Elapsed: 44882.32s Epoch 1387 TrainOpt 8.2744e-03 Valid skipped LR: 2.1445e-05
Elapsed: 44914.48s Epoch 1388 TrainOpt 8.3077e-03 Valid skipped LR: 2.1381e-05
Elapsed: 44946.75s Epoch 1389 TrainOpt 8.4374e-03 Valid skipped LR: 2.1317e-05
Elapsed: 44980.16s Epoch 1390 TrainOpt 8.3939e-03 Valid 1.1370e-02 LR: 2.1252e-05
Elapsed: 45011.83s Epoch 1391 TrainOpt 8.4777e-03 Valid skipped LR: 2.1188e-05
Elapsed: 45044.40s Epoch 1392 TrainOpt 8.5379e-03 Valid skipped LR: 2.1124e-05
Elapsed: 45076.61s Epoch 1393 TrainOpt 8.3627e-03 Valid skipped LR: 2.1059e-05
Elapsed: 45107.43s Epoch 1394 TrainOpt 8.8051e-03 Valid skipped LR: 2.0995e-05
Elapsed: 45139.36s Epoch 1395 TrainOpt 8.6732e-03 Valid skipped LR: 2.0931e-05
Elapsed: 45171.17s Epoch 1396 TrainOpt 8.4420e-03 Valid skipped LR: 2.0867e-05
Elapsed: 45202.96s Epoch 1397 TrainOpt 8.5030e-03 Valid skipped LR: 2.0804e-05
Elapsed: 45234.42s Epoch 1398 TrainOpt 8.6525e-03 Valid skipped LR: 2.0740e-05
Elapsed: 45266.33s Epoch 1399 TrainOpt 8.4999e-03 Valid skipped LR: 2.0676e-05
Elapsed: 45299.57s Epoch 1400 TrainOpt 8.3439e-03 Valid 1.1049e-02 LR: 2.0612e-05
Elapsed: 45376.27s Epoch 1401 TrainOpt 8.4234e-03 Valid skipped LR: 2.0549e-05
Elapsed: 45408.47s Epoch 1402 TrainOpt 8.2858e-03 Valid skipped LR: 2.0485e-05
Elapsed: 45440.65s Epoch 1403 TrainOpt 8.2797e-03 Valid skipped LR: 2.0422e-05
Elapsed: 45471.80s Epoch 1404 TrainOpt 8.2874e-03 Valid skipped LR: 2.0358e-05
Elapsed: 45504.45s Epoch 1405 TrainOpt 8.1952e-03 Valid skipped LR: 2.0295e-05
Elapsed: 45536.01s Epoch 1406 TrainOpt 8.2965e-03 Valid skipped LR: 2.0232e-05
Elapsed: 45568.04s Epoch 1407 TrainOpt 8.1628e-03 Valid skipped LR: 2.0169e-05
Elapsed: 45599.56s Epoch 1408 TrainOpt 8.1563e-03 Valid skipped LR: 2.0106e-05
Elapsed: 45631.20s Epoch 1409 TrainOpt 8.3301e-03 Valid skipped LR: 2.0043e-05
Elapsed: 45664.55s Epoch 1410 TrainOpt 8.4853e-03 Valid 1.1159e-02 LR: 1.9980e-05
Elapsed: 45695.85s Epoch 1411 TrainOpt 8.2671e-03 Valid skipped LR: 1.9917e-05
Elapsed: 45727.61s Epoch 1412 TrainOpt 8.2937e-03 Valid skipped LR: 1.9854e-05
Elapsed: 45758.94s Epoch 1413 TrainOpt 8.1581e-03 Valid skipped LR: 1.9791e-05
Elapsed: 45790.73s Epoch 1414 TrainOpt 8.5458e-03 Valid skipped LR: 1.9729e-05
Elapsed: 45822.90s Epoch 1415 TrainOpt 8.8497e-03 Valid skipped LR: 1.9666e-05
Elapsed: 45854.17s Epoch 1416 TrainOpt 8.5320e-03 Valid skipped LR: 1.9604e-05
Elapsed: 45885.44s Epoch 1417 TrainOpt 8.5362e-03 Valid skipped LR: 1.9541e-05
Elapsed: 45917.28s Epoch 1418 TrainOpt 8.5055e-03 Valid skipped LR: 1.9479e-05
Elapsed: 45948.77s Epoch 1419 TrainOpt 8.2865e-03 Valid skipped LR: 1.9417e-05
Elapsed: 45982.02s Epoch 1420 TrainOpt 8.2600e-03 Valid 1.1175e-02 LR: 1.9355e-05
Elapsed: 46013.42s Epoch 1421 TrainOpt 8.3518e-03 Valid skipped LR: 1.9293e-05
Elapsed: 46045.37s Epoch 1422 TrainOpt 8.3243e-03 Valid skipped LR: 1.9231e-05
Elapsed: 46076.46s Epoch 1423 TrainOpt 8.3196e-03 Valid skipped LR: 1.9169e-05
Elapsed: 46107.40s Epoch 1424 TrainOpt 8.1098e-03 Valid skipped LR: 1.9107e-05
Elapsed: 46139.07s Epoch 1425 TrainOpt 8.3998e-03 Valid skipped LR: 1.9045e-05
Elapsed: 46170.45s Epoch 1426 TrainOpt 8.3550e-03 Valid skipped LR: 1.8983e-05
Elapsed: 46201.87s Epoch 1427 TrainOpt 8.3600e-03 Valid skipped LR: 1.8922e-05
Elapsed: 46233.97s Epoch 1428 TrainOpt 8.3022e-03 Valid skipped LR: 1.8860e-05
Elapsed: 46265.16s Epoch 1429 TrainOpt 8.2002e-03 Valid skipped LR: 1.8799e-05
Elapsed: 46298.41s Epoch 1430 TrainOpt 8.2534e-03 Valid 1.1319e-02 LR: 1.8737e-05
Elapsed: 46330.24s Epoch 1431 TrainOpt 8.2070e-03 Valid skipped LR: 1.8676e-05
Elapsed: 46361.69s Epoch 1432 TrainOpt 8.1519e-03 Valid skipped LR: 1.8615e-05
Elapsed: 46392.91s Epoch 1433 TrainOpt 8.0742e-03 Valid skipped LR: 1.8553e-05
Elapsed: 46424.17s Epoch 1434 TrainOpt 8.1815e-03 Valid skipped LR: 1.8492e-05
Elapsed: 46456.13s Epoch 1435 TrainOpt 8.1312e-03 Valid skipped LR: 1.8431e-05
Elapsed: 46487.55s Epoch 1436 TrainOpt 8.1537e-03 Valid skipped LR: 1.8370e-05
Elapsed: 46519.12s Epoch 1437 TrainOpt 8.1294e-03 Valid skipped LR: 1.8309e-05
Elapsed: 46551.35s Epoch 1438 TrainOpt 8.2987e-03 Valid skipped LR: 1.8249e-05
Elapsed: 46582.66s Epoch 1439 TrainOpt 7.9850e-03 Valid skipped LR: 1.8188e-05
Elapsed: 46615.99s Epoch 1440 TrainOpt 8.0884e-03 Valid 1.1239e-02 LR: 1.8127e-05
Elapsed: 46647.91s Epoch 1441 TrainOpt 8.0419e-03 Valid skipped LR: 1.8067e-05
Elapsed: 46679.34s Epoch 1442 TrainOpt 8.0117e-03 Valid skipped LR: 1.8006e-05
Elapsed: 46711.29s Epoch 1443 TrainOpt 8.3139e-03 Valid skipped LR: 1.7946e-05
Elapsed: 46742.88s Epoch 1444 TrainOpt 8.1093e-03 Valid skipped LR: 1.7886e-05
Elapsed: 46773.85s Epoch 1445 TrainOpt 7.9590e-03 Valid skipped LR: 1.7825e-05
Elapsed: 46804.91s Epoch 1446 TrainOpt 8.0053e-03 Valid skipped LR: 1.7765e-05
Elapsed: 46836.77s Epoch 1447 TrainOpt 8.1420e-03 Valid skipped LR: 1.7705e-05
Elapsed: 46868.16s Epoch 1448 TrainOpt 8.0917e-03 Valid skipped LR: 1.7645e-05
Elapsed: 46899.67s Epoch 1449 TrainOpt 7.9598e-03 Valid skipped LR: 1.7585e-05
Elapsed: 46933.42s Epoch 1450 TrainOpt 7.9149e-03 Valid 1.1062e-02 LR: 1.7525e-05
Elapsed: 46965.43s Epoch 1451 TrainOpt 7.9194e-03 Valid skipped LR: 1.7466e-05
Elapsed: 46996.85s Epoch 1452 TrainOpt 7.8779e-03 Valid skipped LR: 1.7406e-05
Elapsed: 47027.81s Epoch 1453 TrainOpt 8.0155e-03 Valid skipped LR: 1.7346e-05
Elapsed: 47059.96s Epoch 1454 TrainOpt 7.8417e-03 Valid skipped LR: 1.7287e-05
Elapsed: 47091.37s Epoch 1455 TrainOpt 7.8387e-03 Valid skipped LR: 1.7227e-05
Elapsed: 47122.23s Epoch 1456 TrainOpt 7.7583e-03 Valid skipped LR: 1.7168e-05
Elapsed: 47153.92s Epoch 1457 TrainOpt 7.8252e-03 Valid skipped LR: 1.7109e-05
Elapsed: 47185.52s Epoch 1458 TrainOpt 7.8605e-03 Valid skipped LR: 1.7050e-05
Elapsed: 47216.94s Epoch 1459 TrainOpt 8.0052e-03 Valid skipped LR: 1.6991e-05
Elapsed: 47250.21s Epoch 1460 TrainOpt 8.2589e-03 Valid 1.0978e-02 LR: 1.6932e-05
Elapsed: 47281.91s Epoch 1461 TrainOpt 8.1356e-03 Valid skipped LR: 1.6873e-05
Elapsed: 47313.10s Epoch 1462 TrainOpt 8.3509e-03 Valid skipped LR: 1.6814e-05
Elapsed: 47344.30s Epoch 1463 TrainOpt 8.0684e-03 Valid skipped LR: 1.6755e-05
Elapsed: 47376.17s Epoch 1464 TrainOpt 7.9267e-03 Valid skipped LR: 1.6696e-05
Elapsed: 47407.85s Epoch 1465 TrainOpt 7.8659e-03 Valid skipped LR: 1.6638e-05
Elapsed: 47439.93s Epoch 1466 TrainOpt 7.9311e-03 Valid skipped LR: 1.6579e-05
Elapsed: 47471.67s Epoch 1467 TrainOpt 7.6967e-03 Valid skipped LR: 1.6521e-05
Elapsed: 47504.01s Epoch 1468 TrainOpt 8.2262e-03 Valid skipped LR: 1.6462e-05
Elapsed: 47535.50s Epoch 1469 TrainOpt 7.8426e-03 Valid skipped LR: 1.6404e-05
Elapsed: 47569.23s Epoch 1470 TrainOpt 7.8876e-03 Valid 1.1080e-02 LR: 1.6346e-05
Elapsed: 47601.25s Epoch 1471 TrainOpt 7.8474e-03 Valid skipped LR: 1.6288e-05
Elapsed: 47632.32s Epoch 1472 TrainOpt 7.7757e-03 Valid skipped LR: 1.6230e-05
Elapsed: 47663.90s Epoch 1473 TrainOpt 7.8853e-03 Valid skipped LR: 1.6172e-05
Elapsed: 47695.79s Epoch 1474 TrainOpt 7.7888e-03 Valid skipped LR: 1.6114e-05
Elapsed: 47727.54s Epoch 1475 TrainOpt 7.8708e-03 Valid skipped LR: 1.6056e-05
Elapsed: 47759.19s Epoch 1476 TrainOpt 7.8200e-03 Valid skipped LR: 1.5998e-05
Elapsed: 47790.60s Epoch 1477 TrainOpt 7.7666e-03 Valid skipped LR: 1.5941e-05
Elapsed: 47822.12s Epoch 1478 TrainOpt 7.6980e-03 Valid skipped LR: 1.5883e-05
Elapsed: 47854.30s Epoch 1479 TrainOpt 7.7554e-03 Valid skipped LR: 1.5826e-05
Elapsed: 47887.75s Epoch 1480 TrainOpt 7.6446e-03 Valid 1.0944e-02 LR: 1.5768e-05
Elapsed: 47919.88s Epoch 1481 TrainOpt 7.7404e-03 Valid skipped LR: 1.5711e-05
Elapsed: 47951.46s Epoch 1482 TrainOpt 7.6646e-03 Valid skipped LR: 1.5654e-05
Elapsed: 47982.93s Epoch 1483 TrainOpt 7.9069e-03 Valid skipped LR: 1.5597e-05
Elapsed: 48014.66s Epoch 1484 TrainOpt 7.8942e-03 Valid skipped LR: 1.5540e-05
Elapsed: 48045.98s Epoch 1485 TrainOpt 7.6614e-03 Valid skipped LR: 1.5483e-05
Elapsed: 48076.95s Epoch 1486 TrainOpt 7.8410e-03 Valid skipped LR: 1.5426e-05
Elapsed: 48108.96s Epoch 1487 TrainOpt 7.8242e-03 Valid skipped LR: 1.5369e-05
Elapsed: 48140.19s Epoch 1488 TrainOpt 7.7260e-03 Valid skipped LR: 1.5313e-05
Elapsed: 48171.30s Epoch 1489 TrainOpt 7.8227e-03 Valid skipped LR: 1.5256e-05
Elapsed: 48204.83s Epoch 1490 TrainOpt 7.6967e-03 Valid 1.0671e-02 LR: 1.5200e-05
Elapsed: 48235.62s Epoch 1491 TrainOpt 7.7396e-03 Valid skipped LR: 1.5143e-05
Elapsed: 48266.47s Epoch 1492 TrainOpt 7.7635e-03 Valid skipped LR: 1.5087e-05
Elapsed: 48298.71s Epoch 1493 TrainOpt 7.7305e-03 Valid skipped LR: 1.5031e-05
Elapsed: 48329.94s Epoch 1494 TrainOpt 7.6092e-03 Valid skipped LR: 1.4974e-05
Elapsed: 48361.50s Epoch 1495 TrainOpt 7.9033e-03 Valid skipped LR: 1.4918e-05
Elapsed: 48393.41s Epoch 1496 TrainOpt 7.6028e-03 Valid skipped LR: 1.4862e-05
Elapsed: 48424.89s Epoch 1497 TrainOpt 7.7588e-03 Valid skipped LR: 1.4806e-05
Elapsed: 48456.48s Epoch 1498 TrainOpt 7.7260e-03 Valid skipped LR: 1.4751e-05
Elapsed: 48487.97s Epoch 1499 TrainOpt 7.6056e-03 Valid skipped LR: 1.4695e-05
Elapsed: 48520.83s Epoch 1500 TrainOpt 7.6708e-03 Valid 1.0611e-02 LR: 1.4639e-05
Elapsed: 48596.47s Epoch 1501 TrainOpt 7.6757e-03 Valid skipped LR: 1.4584e-05
Elapsed: 48627.83s Epoch 1502 TrainOpt 7.6402e-03 Valid skipped LR: 1.4528e-05
Elapsed: 48660.03s Epoch 1503 TrainOpt 7.5585e-03 Valid skipped LR: 1.4473e-05
Elapsed: 48692.43s Epoch 1504 TrainOpt 7.6029e-03 Valid skipped LR: 1.4418e-05
Elapsed: 48723.78s Epoch 1505 TrainOpt 7.5371e-03 Valid skipped LR: 1.4362e-05
Elapsed: 48755.83s Epoch 1506 TrainOpt 7.6089e-03 Valid skipped LR: 1.4307e-05
Elapsed: 48787.50s Epoch 1507 TrainOpt 7.6429e-03 Valid skipped LR: 1.4252e-05
Elapsed: 48819.06s Epoch 1508 TrainOpt 7.6275e-03 Valid skipped LR: 1.4197e-05
Elapsed: 48850.64s Epoch 1509 TrainOpt 7.6796e-03 Valid skipped LR: 1.4143e-05
Elapsed: 48883.76s Epoch 1510 TrainOpt 7.5830e-03 Valid 1.0585e-02 LR: 1.4088e-05
Elapsed: 48915.56s Epoch 1511 TrainOpt 7.6030e-03 Valid skipped LR: 1.4033e-05
Elapsed: 48947.39s Epoch 1512 TrainOpt 7.5807e-03 Valid skipped LR: 1.3979e-05
Elapsed: 48979.32s Epoch 1513 TrainOpt 7.5424e-03 Valid skipped LR: 1.3924e-05
Elapsed: 49010.67s Epoch 1514 TrainOpt 7.4707e-03 Valid skipped LR: 1.3870e-05
Elapsed: 49042.29s Epoch 1515 TrainOpt 7.4599e-03 Valid skipped LR: 1.3815e-05
Elapsed: 49074.20s Epoch 1516 TrainOpt 7.5195e-03 Valid skipped LR: 1.3761e-05
Elapsed: 49105.96s Epoch 1517 TrainOpt 7.7283e-03 Valid skipped LR: 1.3707e-05
Elapsed: 49137.21s Epoch 1518 TrainOpt 8.3090e-03 Valid skipped LR: 1.3653e-05
Elapsed: 49169.03s Epoch 1519 TrainOpt 8.3180e-03 Valid skipped LR: 1.3599e-05
Elapsed: 49202.79s Epoch 1520 TrainOpt 8.2621e-03 Valid 1.0755e-02 LR: 1.3545e-05
Elapsed: 49234.34s Epoch 1521 TrainOpt 8.1961e-03 Valid skipped LR: 1.3491e-05
Elapsed: 49266.09s Epoch 1522 TrainOpt 8.0355e-03 Valid skipped LR: 1.3438e-05
Elapsed: 49298.22s Epoch 1523 TrainOpt 8.0585e-03 Valid skipped LR: 1.3384e-05
Elapsed: 49330.56s Epoch 1524 TrainOpt 8.0972e-03 Valid skipped LR: 1.3331e-05
Elapsed: 49362.03s Epoch 1525 TrainOpt 7.9425e-03 Valid skipped LR: 1.3277e-05
Elapsed: 49393.43s Epoch 1526 TrainOpt 8.1183e-03 Valid skipped LR: 1.3224e-05
Elapsed: 49424.75s Epoch 1527 TrainOpt 8.0883e-03 Valid skipped LR: 1.3171e-05
Elapsed: 49456.44s Epoch 1528 TrainOpt 7.9108e-03 Valid skipped LR: 1.3118e-05
Elapsed: 49487.81s Epoch 1529 TrainOpt 8.3584e-03 Valid skipped LR: 1.3064e-05
Elapsed: 49521.04s Epoch 1530 TrainOpt 7.8871e-03 Valid 1.0597e-02 LR: 1.3012e-05
Elapsed: 49552.23s Epoch 1531 TrainOpt 7.9508e-03 Valid skipped LR: 1.2959e-05
Elapsed: 49583.93s Epoch 1532 TrainOpt 7.8558e-03 Valid skipped LR: 1.2906e-05
Elapsed: 49615.24s Epoch 1533 TrainOpt 7.8184e-03 Valid skipped LR: 1.2853e-05
Elapsed: 49646.91s Epoch 1534 TrainOpt 7.7661e-03 Valid skipped LR: 1.2801e-05
Elapsed: 49678.32s Epoch 1535 TrainOpt 7.8625e-03 Valid skipped LR: 1.2748e-05
Elapsed: 49709.96s Epoch 1536 TrainOpt 7.7750e-03 Valid skipped LR: 1.2696e-05
Elapsed: 49741.41s Epoch 1537 TrainOpt 7.8094e-03 Valid skipped LR: 1.2643e-05
Elapsed: 49773.11s Epoch 1538 TrainOpt 7.8007e-03 Valid skipped LR: 1.2591e-05
Elapsed: 49804.79s Epoch 1539 TrainOpt 7.7704e-03 Valid skipped LR: 1.2539e-05
Elapsed: 49837.68s Epoch 1540 TrainOpt 7.9734e-03 Valid 1.0499e-02 LR: 1.2487e-05
Elapsed: 49869.16s Epoch 1541 TrainOpt 7.7950e-03 Valid skipped LR: 1.2435e-05
Elapsed: 49901.03s Epoch 1542 TrainOpt 7.6918e-03 Valid skipped LR: 1.2383e-05
Elapsed: 49932.54s Epoch 1543 TrainOpt 7.6195e-03 Valid skipped LR: 1.2332e-05
Elapsed: 49963.96s Epoch 1544 TrainOpt 7.7789e-03 Valid skipped LR: 1.2280e-05
Elapsed: 49995.75s Epoch 1545 TrainOpt 7.5519e-03 Valid skipped LR: 1.2228e-05
Elapsed: 50027.57s Epoch 1546 TrainOpt 7.4762e-03 Valid skipped LR: 1.2177e-05
Elapsed: 50058.49s Epoch 1547 TrainOpt 7.5867e-03 Valid skipped LR: 1.2125e-05
Elapsed: 50089.99s Epoch 1548 TrainOpt 7.4815e-03 Valid skipped LR: 1.2074e-05
Elapsed: 50121.84s Epoch 1549 TrainOpt 7.5754e-03 Valid skipped LR: 1.2023e-05
Elapsed: 50155.33s Epoch 1550 TrainOpt 7.7223e-03 Valid 1.0725e-02 LR: 1.1972e-05
Elapsed: 50186.91s Epoch 1551 TrainOpt 7.8028e-03 Valid skipped LR: 1.1921e-05
Elapsed: 50218.36s Epoch 1552 TrainOpt 7.6579e-03 Valid skipped LR: 1.1870e-05
Elapsed: 50250.27s Epoch 1553 TrainOpt 7.7663e-03 Valid skipped LR: 1.1819e-05
Elapsed: 50281.54s Epoch 1554 TrainOpt 7.6606e-03 Valid skipped LR: 1.1768e-05
Elapsed: 50312.98s Epoch 1555 TrainOpt 7.7900e-03 Valid skipped LR: 1.1718e-05
Elapsed: 50344.37s Epoch 1556 TrainOpt 7.9037e-03 Valid skipped LR: 1.1667e-05
Elapsed: 50375.86s Epoch 1557 TrainOpt 7.7460e-03 Valid skipped LR: 1.1617e-05
Elapsed: 50407.27s Epoch 1558 TrainOpt 7.7098e-03 Valid skipped LR: 1.1567e-05
Elapsed: 50439.19s Epoch 1559 TrainOpt 7.7523e-03 Valid skipped LR: 1.1516e-05
Elapsed: 50471.71s Epoch 1560 TrainOpt 7.6669e-03 Valid 1.0533e-02 LR: 1.1466e-05
Elapsed: 50502.84s Epoch 1561 TrainOpt 7.6830e-03 Valid skipped LR: 1.1416e-05
Elapsed: 50534.92s Epoch 1562 TrainOpt 7.5757e-03 Valid skipped LR: 1.1366e-05
Elapsed: 50565.92s Epoch 1563 TrainOpt 7.7485e-03 Valid skipped LR: 1.1316e-05
Elapsed: 50597.11s Epoch 1564 TrainOpt 7.7915e-03 Valid skipped LR: 1.1267e-05
Elapsed: 50628.83s Epoch 1565 TrainOpt 7.7842e-03 Valid skipped LR: 1.1217e-05
Elapsed: 50660.67s Epoch 1566 TrainOpt 7.6149e-03 Valid skipped LR: 1.1167e-05
Elapsed: 50692.34s Epoch 1567 TrainOpt 7.7732e-03 Valid skipped LR: 1.1118e-05
Elapsed: 50724.26s Epoch 1568 TrainOpt 7.7050e-03 Valid skipped LR: 1.1068e-05
Elapsed: 50756.14s Epoch 1569 TrainOpt 7.5921e-03 Valid skipped LR: 1.1019e-05
Elapsed: 50789.15s Epoch 1570 TrainOpt 7.5532e-03 Valid 1.0350e-02 LR: 1.0970e-05
Elapsed: 50820.73s Epoch 1571 TrainOpt 7.5063e-03 Valid skipped LR: 1.0921e-05
Elapsed: 50852.52s Epoch 1572 TrainOpt 7.4997e-03 Valid skipped LR: 1.0872e-05
Elapsed: 50883.99s Epoch 1573 TrainOpt 7.4510e-03 Valid skipped LR: 1.0823e-05
Elapsed: 50915.68s Epoch 1574 TrainOpt 7.4624e-03 Valid skipped LR: 1.0774e-05
Elapsed: 50947.35s Epoch 1575 TrainOpt 7.4315e-03 Valid skipped LR: 1.0725e-05
Elapsed: 50978.69s Epoch 1576 TrainOpt 7.4171e-03 Valid skipped LR: 1.0677e-05
Elapsed: 51010.12s Epoch 1577 TrainOpt 7.5543e-03 Valid skipped LR: 1.0628e-05
Elapsed: 51041.59s Epoch 1578 TrainOpt 7.3600e-03 Valid skipped LR: 1.0580e-05
Elapsed: 51072.96s Epoch 1579 TrainOpt 7.3947e-03 Valid skipped LR: 1.0532e-05
Elapsed: 51106.12s Epoch 1580 TrainOpt 7.3646e-03 Valid 1.0372e-02 LR: 1.0483e-05
Elapsed: 51137.84s Epoch 1581 TrainOpt 7.4696e-03 Valid skipped LR: 1.0435e-05
Elapsed: 51168.97s Epoch 1582 TrainOpt 7.3339e-03 Valid skipped LR: 1.0387e-05
Elapsed: 51200.48s Epoch 1583 TrainOpt 7.3272e-03 Valid skipped LR: 1.0339e-05
Elapsed: 51231.92s Epoch 1584 TrainOpt 7.3666e-03 Valid skipped LR: 1.0291e-05
Elapsed: 51264.02s Epoch 1585 TrainOpt 7.4979e-03 Valid skipped LR: 1.0244e-05
Elapsed: 51296.25s Epoch 1586 TrainOpt 7.4352e-03 Valid skipped LR: 1.0196e-05
Elapsed: 51327.41s Epoch 1587 TrainOpt 7.3572e-03 Valid skipped LR: 1.0149e-05
Elapsed: 51358.55s Epoch 1588 TrainOpt 7.3519e-03 Valid skipped LR: 1.0101e-05
Elapsed: 51389.59s Epoch 1589 TrainOpt 7.3811e-03 Valid skipped LR: 1.0054e-05
Elapsed: 51422.41s Epoch 1590 TrainOpt 7.3202e-03 Valid 1.0368e-02 LR: 1.0007e-05
Elapsed: 51453.94s Epoch 1591 TrainOpt 7.2183e-03 Valid skipped LR: 9.9595e-06
Elapsed: 51485.24s Epoch 1592 TrainOpt 7.2946e-03 Valid skipped LR: 9.9124e-06
Elapsed: 51515.84s Epoch 1593 TrainOpt 7.3519e-03 Valid skipped LR: 9.8655e-06
Elapsed: 51547.78s Epoch 1594 TrainOpt 7.3770e-03 Valid skipped LR: 9.8186e-06
Elapsed: 51579.36s Epoch 1595 TrainOpt 7.2463e-03 Valid skipped LR: 9.7719e-06
Elapsed: 51610.39s Epoch 1596 TrainOpt 7.2766e-03 Valid skipped LR: 9.7253e-06
Elapsed: 51642.26s Epoch 1597 TrainOpt 7.3008e-03 Valid skipped LR: 9.6787e-06
Elapsed: 51674.24s Epoch 1598 TrainOpt 7.3670e-03 Valid skipped LR: 9.6323e-06
Elapsed: 51705.99s Epoch 1599 TrainOpt 7.2293e-03 Valid skipped LR: 9.5860e-06
Elapsed: 51739.22s Epoch 1600 TrainOpt 7.2109e-03 Valid 1.0449e-02 LR: 9.5397e-06
Elapsed: 51816.75s Epoch 1601 TrainOpt 7.2189e-03 Valid skipped LR: 9.4936e-06
Elapsed: 51848.38s Epoch 1602 TrainOpt 7.1117e-03 Valid skipped LR: 9.4475e-06
Elapsed: 51879.82s Epoch 1603 TrainOpt 7.2307e-03 Valid skipped LR: 9.4016e-06
Elapsed: 51911.11s Epoch 1604 TrainOpt 7.1580e-03 Valid skipped LR: 9.3558e-06
Elapsed: 51942.63s Epoch 1605 TrainOpt 7.1719e-03 Valid skipped LR: 9.3100e-06
Elapsed: 51974.45s Epoch 1606 TrainOpt 7.1335e-03 Valid skipped LR: 9.2644e-06
Elapsed: 52006.35s Epoch 1607 TrainOpt 7.1331e-03 Valid skipped LR: 9.2188e-06
Elapsed: 52038.03s Epoch 1608 TrainOpt 7.3941e-03 Valid skipped LR: 9.1734e-06
Elapsed: 52069.63s Epoch 1609 TrainOpt 7.2775e-03 Valid skipped LR: 9.1281e-06
Elapsed: 52103.09s Epoch 1610 TrainOpt 7.2647e-03 Valid 1.0443e-02 LR: 9.0828e-06
Elapsed: 52134.33s Epoch 1611 TrainOpt 7.2574e-03 Valid skipped LR: 9.0377e-06
Elapsed: 52165.64s Epoch 1612 TrainOpt 7.1906e-03 Valid skipped LR: 8.9927e-06
Elapsed: 52197.75s Epoch 1613 TrainOpt 7.1531e-03 Valid skipped LR: 8.9478e-06
Elapsed: 52229.64s Epoch 1614 TrainOpt 7.1700e-03 Valid skipped LR: 8.9029e-06
Elapsed: 52261.06s Epoch 1615 TrainOpt 7.3485e-03 Valid skipped LR: 8.8582e-06
Elapsed: 52292.75s Epoch 1616 TrainOpt 7.1737e-03 Valid skipped LR: 8.8136e-06
Elapsed: 52324.73s Epoch 1617 TrainOpt 7.3185e-03 Valid skipped LR: 8.7691e-06
Elapsed: 52356.52s Epoch 1618 TrainOpt 7.2275e-03 Valid skipped LR: 8.7246e-06
Elapsed: 52387.50s Epoch 1619 TrainOpt 7.1666e-03 Valid skipped LR: 8.6803e-06
Elapsed: 52421.12s Epoch 1620 TrainOpt 7.1300e-03 Valid 1.0636e-02 LR: 8.6361e-06
Elapsed: 52453.06s Epoch 1621 TrainOpt 7.1830e-03 Valid skipped LR: 8.5920e-06
Elapsed: 52485.01s Epoch 1622 TrainOpt 7.1726e-03 Valid skipped LR: 8.5480e-06
Elapsed: 52516.24s Epoch 1623 TrainOpt 7.1470e-03 Valid skipped LR: 8.5041e-06
Elapsed: 52547.85s Epoch 1624 TrainOpt 7.0611e-03 Valid skipped LR: 8.4603e-06
Elapsed: 52579.47s Epoch 1625 TrainOpt 7.1341e-03 Valid skipped LR: 8.4166e-06
Elapsed: 52610.87s Epoch 1626 TrainOpt 7.1634e-03 Valid skipped LR: 8.3730e-06
Elapsed: 52642.95s Epoch 1627 TrainOpt 7.0484e-03 Valid skipped LR: 8.3295e-06
Elapsed: 52674.50s Epoch 1628 TrainOpt 7.1682e-03 Valid skipped LR: 8.2861e-06
Elapsed: 52705.96s Epoch 1629 TrainOpt 7.0327e-03 Valid skipped LR: 8.2428e-06
Elapsed: 52739.23s Epoch 1630 TrainOpt 7.1044e-03 Valid 1.0502e-02 LR: 8.1996e-06
Elapsed: 52770.81s Epoch 1631 TrainOpt 7.1133e-03 Valid skipped LR: 8.1565e-06
Elapsed: 52802.21s Epoch 1632 TrainOpt 7.0368e-03 Valid skipped LR: 8.1135e-06
Elapsed: 52834.12s Epoch 1633 TrainOpt 7.0550e-03 Valid skipped LR: 8.0707e-06
Elapsed: 52865.55s Epoch 1634 TrainOpt 7.0629e-03 Valid skipped LR: 8.0279e-06
Elapsed: 52897.62s Epoch 1635 TrainOpt 7.0661e-03 Valid skipped LR: 7.9852e-06
Elapsed: 52929.12s Epoch 1636 TrainOpt 7.0991e-03 Valid skipped LR: 7.9427e-06
Elapsed: 52960.56s Epoch 1637 TrainOpt 7.1154e-03 Valid skipped LR: 7.9002e-06
Elapsed: 52991.38s Epoch 1638 TrainOpt 7.0388e-03 Valid skipped LR: 7.8578e-06
Elapsed: 53022.77s Epoch 1639 TrainOpt 7.0402e-03 Valid skipped LR: 7.8156e-06
Elapsed: 53056.43s Epoch 1640 TrainOpt 7.0779e-03 Valid 1.0473e-02 LR: 7.7735e-06
Elapsed: 53087.98s Epoch 1641 TrainOpt 7.0096e-03 Valid skipped LR: 7.7314e-06
Elapsed: 53119.21s Epoch 1642 TrainOpt 7.0925e-03 Valid skipped LR: 7.6895e-06
Elapsed: 53151.08s Epoch 1643 TrainOpt 7.2019e-03 Valid skipped LR: 7.6476e-06
Elapsed: 53183.74s Epoch 1644 TrainOpt 7.0390e-03 Valid skipped LR: 7.6059e-06
Elapsed: 53215.37s Epoch 1645 TrainOpt 7.0419e-03 Valid skipped LR: 7.5643e-06
Elapsed: 53246.26s Epoch 1646 TrainOpt 7.0438e-03 Valid skipped LR: 7.5228e-06
Elapsed: 53277.51s Epoch 1647 TrainOpt 6.9858e-03 Valid skipped LR: 7.4814e-06
Elapsed: 53308.87s Epoch 1648 TrainOpt 7.0810e-03 Valid skipped LR: 7.4400e-06
Elapsed: 53340.52s Epoch 1649 TrainOpt 7.0209e-03 Valid skipped LR: 7.3988e-06
Elapsed: 53373.49s Epoch 1650 TrainOpt 6.9428e-03 Valid 1.0244e-02 LR: 7.3577e-06
Elapsed: 53406.01s Epoch 1651 TrainOpt 7.0113e-03 Valid skipped LR: 7.3168e-06
Elapsed: 53437.65s Epoch 1652 TrainOpt 6.9540e-03 Valid skipped LR: 7.2759e-06
Elapsed: 53469.50s Epoch 1653 TrainOpt 6.9553e-03 Valid skipped LR: 7.2351e-06
Elapsed: 53501.17s Epoch 1654 TrainOpt 7.0040e-03 Valid skipped LR: 7.1944e-06
Elapsed: 53532.27s Epoch 1655 TrainOpt 6.9151e-03 Valid skipped LR: 7.1538e-06
Elapsed: 53563.65s Epoch 1656 TrainOpt 6.9610e-03 Valid skipped LR: 7.1134e-06
Elapsed: 53595.23s Epoch 1657 TrainOpt 6.9909e-03 Valid skipped LR: 7.0730e-06
Elapsed: 53626.97s Epoch 1658 TrainOpt 6.9747e-03 Valid skipped LR: 7.0328e-06
Elapsed: 53658.90s Epoch 1659 TrainOpt 7.0055e-03 Valid skipped LR: 6.9926e-06
Elapsed: 53692.61s Epoch 1660 TrainOpt 6.9110e-03 Valid 1.0417e-02 LR: 6.9526e-06
Elapsed: 53724.33s Epoch 1661 TrainOpt 7.0913e-03 Valid skipped LR: 6.9127e-06
Elapsed: 53756.36s Epoch 1662 TrainOpt 7.0013e-03 Valid skipped LR: 6.8728e-06
Elapsed: 53788.24s Epoch 1663 TrainOpt 6.9874e-03 Valid skipped LR: 6.8331e-06
Elapsed: 53819.86s Epoch 1664 TrainOpt 7.0321e-03 Valid skipped LR: 6.7935e-06
Elapsed: 53851.12s Epoch 1665 TrainOpt 6.9650e-03 Valid skipped LR: 6.7540e-06
Elapsed: 53882.66s Epoch 1666 TrainOpt 6.9907e-03 Valid skipped LR: 6.7146e-06
Elapsed: 53914.18s Epoch 1667 TrainOpt 6.9129e-03 Valid skipped LR: 6.6753e-06
Elapsed: 53945.95s Epoch 1668 TrainOpt 6.9403e-03 Valid skipped LR: 6.6361e-06
Elapsed: 53977.69s Epoch 1669 TrainOpt 6.9257e-03 Valid skipped LR: 6.5971e-06
Elapsed: 54011.13s Epoch 1670 TrainOpt 6.8949e-03 Valid 1.0542e-02 LR: 6.5581e-06
Elapsed: 54042.37s Epoch 1671 TrainOpt 6.9385e-03 Valid skipped LR: 6.5192e-06
Elapsed: 54074.05s Epoch 1672 TrainOpt 6.9267e-03 Valid skipped LR: 6.4805e-06
Elapsed: 54105.45s Epoch 1673 TrainOpt 6.9497e-03 Valid skipped LR: 6.4418e-06
Elapsed: 54137.51s Epoch 1674 TrainOpt 6.9433e-03 Valid skipped LR: 6.4033e-06
Elapsed: 54169.02s Epoch 1675 TrainOpt 6.9448e-03 Valid skipped LR: 6.3649e-06
Elapsed: 54200.81s Epoch 1676 TrainOpt 6.9003e-03 Valid skipped LR: 6.3266e-06
Elapsed: 54231.99s Epoch 1677 TrainOpt 7.0392e-03 Valid skipped LR: 6.2883e-06
Elapsed: 54262.95s Epoch 1678 TrainOpt 6.9328e-03 Valid skipped LR: 6.2502e-06
Elapsed: 54294.88s Epoch 1679 TrainOpt 6.9198e-03 Valid skipped LR: 6.2122e-06
Elapsed: 54327.92s Epoch 1680 TrainOpt 6.9205e-03 Valid 1.0556e-02 LR: 6.1744e-06
Elapsed: 54359.26s Epoch 1681 TrainOpt 6.8926e-03 Valid skipped LR: 6.1366e-06
Elapsed: 54390.70s Epoch 1682 TrainOpt 6.9320e-03 Valid skipped LR: 6.0989e-06
Elapsed: 54422.57s Epoch 1683 TrainOpt 6.9177e-03 Valid skipped LR: 6.0613e-06
Elapsed: 54454.15s Epoch 1684 TrainOpt 6.9369e-03 Valid skipped LR: 6.0239e-06
Elapsed: 54485.31s Epoch 1685 TrainOpt 6.9062e-03 Valid skipped LR: 5.9865e-06
Elapsed: 54516.54s Epoch 1686 TrainOpt 6.8651e-03 Valid skipped LR: 5.9493e-06
Elapsed: 54547.75s Epoch 1687 TrainOpt 6.9137e-03 Valid skipped LR: 5.9122e-06
Elapsed: 54578.45s Epoch 1688 TrainOpt 6.8286e-03 Valid skipped LR: 5.8752e-06
Elapsed: 54610.34s Epoch 1689 TrainOpt 6.9333e-03 Valid skipped LR: 5.8383e-06
Elapsed: 54643.32s Epoch 1690 TrainOpt 6.8184e-03 Valid 1.0366e-02 LR: 5.8015e-06
Elapsed: 54674.69s Epoch 1691 TrainOpt 6.8216e-03 Valid skipped LR: 5.7648e-06
Elapsed: 54706.87s Epoch 1692 TrainOpt 6.8807e-03 Valid skipped LR: 5.7282e-06
Elapsed: 54738.63s Epoch 1693 TrainOpt 6.8046e-03 Valid skipped LR: 5.6917e-06
Elapsed: 54770.11s Epoch 1694 TrainOpt 6.7940e-03 Valid skipped LR: 5.6554e-06
Elapsed: 54802.31s Epoch 1695 TrainOpt 6.8914e-03 Valid skipped LR: 5.6191e-06
Elapsed: 54833.51s Epoch 1696 TrainOpt 6.8540e-03 Valid skipped LR: 5.5830e-06
Elapsed: 54865.10s Epoch 1697 TrainOpt 6.8203e-03 Valid skipped LR: 5.5469e-06
Elapsed: 54896.30s Epoch 1698 TrainOpt 6.8524e-03 Valid skipped LR: 5.5110e-06
Elapsed: 54927.85s Epoch 1699 TrainOpt 6.8534e-03 Valid skipped LR: 5.4752e-06
Elapsed: 54960.73s Epoch 1700 TrainOpt 6.9224e-03 Valid 1.0515e-02 LR: 5.4395e-06
Elapsed: 55036.83s Epoch 1701 TrainOpt 6.8850e-03 Valid skipped LR: 5.4039e-06
Elapsed: 55068.37s Epoch 1702 TrainOpt 6.9254e-03 Valid skipped LR: 5.3684e-06
Elapsed: 55099.56s Epoch 1703 TrainOpt 6.9009e-03 Valid skipped LR: 5.3331e-06
Elapsed: 55130.59s Epoch 1704 TrainOpt 6.8710e-03 Valid skipped LR: 5.2978e-06
Elapsed: 55162.13s Epoch 1705 TrainOpt 6.8112e-03 Valid skipped LR: 5.2627e-06
Elapsed: 55193.80s Epoch 1706 TrainOpt 6.8424e-03 Valid skipped LR: 5.2276e-06
Elapsed: 55224.98s Epoch 1707 TrainOpt 6.8710e-03 Valid skipped LR: 5.1927e-06
Elapsed: 55255.98s Epoch 1708 TrainOpt 6.8072e-03 Valid skipped LR: 5.1579e-06
Elapsed: 55287.55s Epoch 1709 TrainOpt 6.8018e-03 Valid skipped LR: 5.1232e-06
Elapsed: 55320.83s Epoch 1710 TrainOpt 6.8134e-03 Valid 1.0455e-02 LR: 5.0886e-06
Elapsed: 55352.43s Epoch 1711 TrainOpt 6.8160e-03 Valid skipped LR: 5.0541e-06
Elapsed: 55384.64s Epoch 1712 TrainOpt 6.8179e-03 Valid skipped LR: 5.0197e-06
Elapsed: 55416.19s Epoch 1713 TrainOpt 6.9067e-03 Valid skipped LR: 4.9855e-06
Elapsed: 55447.20s Epoch 1714 TrainOpt 6.8485e-03 Valid skipped LR: 4.9513e-06
Elapsed: 55479.12s Epoch 1715 TrainOpt 6.8486e-03 Valid skipped LR: 4.9173e-06
Elapsed: 55510.82s Epoch 1716 TrainOpt 6.8345e-03 Valid skipped LR: 4.8834e-06
Elapsed: 55542.22s Epoch 1717 TrainOpt 6.8094e-03 Valid skipped LR: 4.8495e-06
Elapsed: 55574.03s Epoch 1718 TrainOpt 6.7583e-03 Valid skipped LR: 4.8158e-06
Elapsed: 55605.29s Epoch 1719 TrainOpt 6.8265e-03 Valid skipped LR: 4.7822e-06
Elapsed: 55638.57s Epoch 1720 TrainOpt 6.7765e-03 Valid 1.0399e-02 LR: 4.7488e-06
Elapsed: 55670.06s Epoch 1721 TrainOpt 6.8555e-03 Valid skipped LR: 4.7154e-06
Elapsed: 55701.92s Epoch 1722 TrainOpt 6.8191e-03 Valid skipped LR: 4.6821e-06
Elapsed: 55732.65s Epoch 1723 TrainOpt 6.7406e-03 Valid skipped LR: 4.6490e-06
Elapsed: 55764.54s Epoch 1724 TrainOpt 6.8241e-03 Valid skipped LR: 4.6160e-06
Elapsed: 55796.63s Epoch 1725 TrainOpt 6.8700e-03 Valid skipped LR: 4.5831e-06
Elapsed: 55827.79s Epoch 1726 TrainOpt 6.7775e-03 Valid skipped LR: 4.5503e-06
Elapsed: 55859.46s Epoch 1727 TrainOpt 6.7406e-03 Valid skipped LR: 4.5176e-06
Elapsed: 55890.90s Epoch 1728 TrainOpt 6.7715e-03 Valid skipped LR: 4.4850e-06
Elapsed: 55922.65s Epoch 1729 TrainOpt 6.7070e-03 Valid skipped LR: 4.4525e-06
Elapsed: 55956.17s Epoch 1730 TrainOpt 6.6992e-03 Valid 1.0282e-02 LR: 4.4202e-06
Elapsed: 55987.90s Epoch 1731 TrainOpt 6.7723e-03 Valid skipped LR: 4.3879e-06
Elapsed: 56019.19s Epoch 1732 TrainOpt 6.7181e-03 Valid skipped LR: 4.3558e-06
Elapsed: 56050.80s Epoch 1733 TrainOpt 6.7398e-03 Valid skipped LR: 4.3238e-06
Elapsed: 56082.81s Epoch 1734 TrainOpt 6.7203e-03 Valid skipped LR: 4.2919e-06
Elapsed: 56114.79s Epoch 1735 TrainOpt 6.7735e-03 Valid skipped LR: 4.2601e-06
Elapsed: 56146.54s Epoch 1736 TrainOpt 6.7104e-03 Valid skipped LR: 4.2284e-06
Elapsed: 56177.88s Epoch 1737 TrainOpt 6.7140e-03 Valid skipped LR: 4.1968e-06
Elapsed: 56210.56s Epoch 1738 TrainOpt 6.6919e-03 Valid skipped LR: 4.1654e-06
Elapsed: 56241.96s Epoch 1739 TrainOpt 6.7321e-03 Valid skipped LR: 4.1340e-06
Elapsed: 56274.90s Epoch 1740 TrainOpt 6.6958e-03 Valid 1.0443e-02 LR: 4.1028e-06
Elapsed: 56306.16s Epoch 1741 TrainOpt 6.7868e-03 Valid skipped LR: 4.0717e-06
Elapsed: 56337.44s Epoch 1742 TrainOpt 6.7098e-03 Valid skipped LR: 4.0407e-06
Elapsed: 56369.39s Epoch 1743 TrainOpt 6.6636e-03 Valid skipped LR: 4.0098e-06
Elapsed: 56401.41s Epoch 1744 TrainOpt 6.6931e-03 Valid skipped LR: 3.9791e-06
Elapsed: 56432.75s Epoch 1745 TrainOpt 6.6907e-03 Valid skipped LR: 3.9484e-06
Elapsed: 56464.17s Epoch 1746 TrainOpt 6.6843e-03 Valid skipped LR: 3.9179e-06
Elapsed: 56495.75s Epoch 1747 TrainOpt 6.7353e-03 Valid skipped LR: 3.8874e-06
Elapsed: 56527.96s Epoch 1748 TrainOpt 6.7419e-03 Valid skipped LR: 3.8571e-06
Elapsed: 56559.02s Epoch 1749 TrainOpt 6.7280e-03 Valid skipped LR: 3.8269e-06
Elapsed: 56591.53s Epoch 1750 TrainOpt 6.6774e-03 Valid 1.0387e-02 LR: 3.7969e-06
Elapsed: 56623.03s Epoch 1751 TrainOpt 6.6945e-03 Valid skipped LR: 3.7669e-06
Elapsed: 56654.46s Epoch 1752 TrainOpt 6.6443e-03 Valid skipped LR: 3.7370e-06
Elapsed: 56685.93s Epoch 1753 TrainOpt 6.6708e-03 Valid skipped LR: 3.7073e-06
Elapsed: 56717.73s Epoch 1754 TrainOpt 6.6372e-03 Valid skipped LR: 3.6777e-06
Elapsed: 56749.77s Epoch 1755 TrainOpt 6.6370e-03 Valid skipped LR: 3.6482e-06
Elapsed: 56781.52s Epoch 1756 TrainOpt 6.6300e-03 Valid skipped LR: 3.6188e-06
Elapsed: 56812.85s Epoch 1757 TrainOpt 6.7995e-03 Valid skipped LR: 3.5895e-06
Elapsed: 56844.29s Epoch 1758 TrainOpt 6.8041e-03 Valid skipped LR: 3.5603e-06
Elapsed: 56876.13s Epoch 1759 TrainOpt 6.7225e-03 Valid skipped LR: 3.5313e-06
Elapsed: 56909.34s Epoch 1760 TrainOpt 6.7362e-03 Valid 1.0524e-02 LR: 3.5023e-06
Elapsed: 56940.24s Epoch 1761 TrainOpt 6.7010e-03 Valid skipped LR: 3.4735e-06
Elapsed: 56971.93s Epoch 1762 TrainOpt 6.7670e-03 Valid skipped LR: 3.4448e-06
Elapsed: 57003.57s Epoch 1763 TrainOpt 6.7029e-03 Valid skipped LR: 3.4162e-06
Elapsed: 57036.23s Epoch 1764 TrainOpt 6.6743e-03 Valid skipped LR: 3.3877e-06
Elapsed: 57067.26s Epoch 1765 TrainOpt 6.6535e-03 Valid skipped LR: 3.3594e-06
Elapsed: 57099.17s Epoch 1766 TrainOpt 6.6492e-03 Valid skipped LR: 3.3311e-06
Elapsed: 57130.96s Epoch 1767 TrainOpt 6.6225e-03 Valid skipped LR: 3.3030e-06
Elapsed: 57162.51s Epoch 1768 TrainOpt 6.6019e-03 Valid skipped LR: 3.2750e-06
Elapsed: 57193.52s Epoch 1769 TrainOpt 6.6484e-03 Valid skipped LR: 3.2471e-06
Elapsed: 57226.30s Epoch 1770 TrainOpt 6.6590e-03 Valid 1.0502e-02 LR: 3.2193e-06
Elapsed: 57258.16s Epoch 1771 TrainOpt 6.6456e-03 Valid skipped LR: 3.1916e-06
Elapsed: 57290.01s Epoch 1772 TrainOpt 6.6225e-03 Valid skipped LR: 3.1641e-06
Elapsed: 57321.66s Epoch 1773 TrainOpt 6.6070e-03 Valid skipped LR: 3.1366e-06
Elapsed: 57353.55s Epoch 1774 TrainOpt 6.6097e-03 Valid skipped LR: 3.1093e-06
Elapsed: 57385.37s Epoch 1775 TrainOpt 6.5875e-03 Valid skipped LR: 3.0821e-06
Elapsed: 57416.40s Epoch 1776 TrainOpt 6.6004e-03 Valid skipped LR: 3.0550e-06
Elapsed: 57447.80s Epoch 1777 TrainOpt 6.6246e-03 Valid skipped LR: 3.0281e-06
Elapsed: 57479.27s Epoch 1778 TrainOpt 6.6109e-03 Valid skipped LR: 3.0012e-06
Elapsed: 57510.96s Epoch 1779 TrainOpt 6.6283e-03 Valid skipped LR: 2.9745e-06
Elapsed: 57544.20s Epoch 1780 TrainOpt 6.5941e-03 Valid 1.0420e-02 LR: 2.9478e-06
Elapsed: 57575.76s Epoch 1781 TrainOpt 6.5662e-03 Valid skipped LR: 2.9213e-06
Elapsed: 57607.08s Epoch 1782 TrainOpt 6.6309e-03 Valid skipped LR: 2.8949e-06
Elapsed: 57638.03s Epoch 1783 TrainOpt 6.5788e-03 Valid skipped LR: 2.8687e-06
Elapsed: 57670.14s Epoch 1784 TrainOpt 6.5612e-03 Valid skipped LR: 2.8425e-06
Elapsed: 57701.71s Epoch 1785 TrainOpt 6.5467e-03 Valid skipped LR: 2.8165e-06
Elapsed: 57733.42s Epoch 1786 TrainOpt 6.5807e-03 Valid skipped LR: 2.7906e-06
Elapsed: 57765.12s Epoch 1787 TrainOpt 6.5764e-03 Valid skipped LR: 2.7648e-06
Elapsed: 57796.62s Epoch 1788 TrainOpt 6.6152e-03 Valid skipped LR: 2.7391e-06
Elapsed: 57828.28s Epoch 1789 TrainOpt 6.5893e-03 Valid skipped LR: 2.7135e-06
Elapsed: 57861.78s Epoch 1790 TrainOpt 6.5514e-03 Valid 1.0349e-02 LR: 2.6880e-06
Elapsed: 57893.42s Epoch 1791 TrainOpt 6.5625e-03 Valid skipped LR: 2.6627e-06
Elapsed: 57924.64s Epoch 1792 TrainOpt 6.5468e-03 Valid skipped LR: 2.6375e-06
Elapsed: 57956.35s Epoch 1793 TrainOpt 6.5816e-03 Valid skipped LR: 2.6124e-06
Elapsed: 57988.34s Epoch 1794 TrainOpt 6.5670e-03 Valid skipped LR: 2.5874e-06
Elapsed: 58020.11s Epoch 1795 TrainOpt 6.6036e-03 Valid skipped LR: 2.5625e-06
Elapsed: 58051.77s Epoch 1796 TrainOpt 6.5907e-03 Valid skipped LR: 2.5378e-06
Elapsed: 58083.53s Epoch 1797 TrainOpt 6.6069e-03 Valid skipped LR: 2.5131e-06
Elapsed: 58115.31s Epoch 1798 TrainOpt 6.5527e-03 Valid skipped LR: 2.4886e-06
Elapsed: 58147.94s Epoch 1799 TrainOpt 6.5636e-03 Valid skipped LR: 2.4642e-06
Elapsed: 58181.11s Epoch 1800 TrainOpt 6.5645e-03 Valid 1.0379e-02 LR: 2.4399e-06
Elapsed: 58257.76s Epoch 1801 TrainOpt 6.5713e-03 Valid skipped LR: 2.4158e-06
Elapsed: 58288.63s Epoch 1802 TrainOpt 6.5614e-03 Valid skipped LR: 2.3917e-06
Elapsed: 58319.82s Epoch 1803 TrainOpt 6.6246e-03 Valid skipped LR: 2.3678e-06
Elapsed: 58350.75s Epoch 1804 TrainOpt 6.6699e-03 Valid skipped LR: 2.3440e-06
Elapsed: 58382.12s Epoch 1805 TrainOpt 6.5866e-03 Valid skipped LR: 2.3203e-06
Elapsed: 58413.33s Epoch 1806 TrainOpt 6.5814e-03 Valid skipped LR: 2.2967e-06
Elapsed: 58444.83s Epoch 1807 TrainOpt 6.5659e-03 Valid skipped LR: 2.2733e-06
Elapsed: 58476.70s Epoch 1808 TrainOpt 6.5741e-03 Valid skipped LR: 2.2499e-06
Elapsed: 58508.14s Epoch 1809 TrainOpt 6.5638e-03 Valid skipped LR: 2.2267e-06
Elapsed: 58541.75s Epoch 1810 TrainOpt 6.5823e-03 Valid 1.0505e-02 LR: 2.2036e-06
Elapsed: 58573.13s Epoch 1811 TrainOpt 6.5845e-03 Valid skipped LR: 2.1806e-06
Elapsed: 58605.05s Epoch 1812 TrainOpt 6.5576e-03 Valid skipped LR: 2.1578e-06
Elapsed: 58636.80s Epoch 1813 TrainOpt 6.5685e-03 Valid skipped LR: 2.1350e-06
Elapsed: 58668.23s Epoch 1814 TrainOpt 6.5223e-03 Valid skipped LR: 2.1124e-06
Elapsed: 58699.63s Epoch 1815 TrainOpt 6.5538e-03 Valid skipped LR: 2.0899e-06
Elapsed: 58731.12s Epoch 1816 TrainOpt 6.5152e-03 Valid skipped LR: 2.0675e-06
Elapsed: 58763.42s Epoch 1817 TrainOpt 6.5215e-03 Valid skipped LR: 2.0452e-06
Elapsed: 58794.99s Epoch 1818 TrainOpt 6.5291e-03 Valid skipped LR: 2.0231e-06
Elapsed: 58827.00s Epoch 1819 TrainOpt 6.5340e-03 Valid skipped LR: 2.0010e-06
Elapsed: 58860.10s Epoch 1820 TrainOpt 6.5229e-03 Valid 1.0456e-02 LR: 1.9791e-06
Elapsed: 58891.63s Epoch 1821 TrainOpt 6.5774e-03 Valid skipped LR: 1.9573e-06
Elapsed: 58923.28s Epoch 1822 TrainOpt 6.5389e-03 Valid skipped LR: 1.9357e-06
Elapsed: 58955.54s Epoch 1823 TrainOpt 6.5299e-03 Valid skipped LR: 1.9141e-06
Elapsed: 58987.20s Epoch 1824 TrainOpt 6.5256e-03 Valid skipped LR: 1.8927e-06
Elapsed: 59018.16s Epoch 1825 TrainOpt 6.5445e-03 Valid skipped LR: 1.8713e-06
Elapsed: 59049.92s Epoch 1826 TrainOpt 6.5509e-03 Valid skipped LR: 1.8501e-06
Elapsed: 59081.37s Epoch 1827 TrainOpt 6.5390e-03 Valid skipped LR: 1.8291e-06
Elapsed: 59112.99s Epoch 1828 TrainOpt 6.5286e-03 Valid skipped LR: 1.8081e-06
Elapsed: 59144.94s Epoch 1829 TrainOpt 6.4891e-03 Valid skipped LR: 1.7872e-06
Elapsed: 59178.19s Epoch 1830 TrainOpt 6.4793e-03 Valid 1.0491e-02 LR: 1.7665e-06
Elapsed: 59209.58s Epoch 1831 TrainOpt 6.4704e-03 Valid skipped LR: 1.7459e-06
Elapsed: 59240.44s Epoch 1832 TrainOpt 6.4989e-03 Valid skipped LR: 1.7254e-06
Elapsed: 59272.44s Epoch 1833 TrainOpt 6.4985e-03 Valid skipped LR: 1.7051e-06
Elapsed: 59304.42s Epoch 1834 TrainOpt 6.4844e-03 Valid skipped LR: 1.6848e-06
Elapsed: 59335.38s Epoch 1835 TrainOpt 6.4692e-03 Valid skipped LR: 1.6647e-06
Elapsed: 59367.23s Epoch 1836 TrainOpt 6.4773e-03 Valid skipped LR: 1.6447e-06
Elapsed: 59398.45s Epoch 1837 TrainOpt 6.5126e-03 Valid skipped LR: 1.6248e-06
Elapsed: 59429.16s Epoch 1838 TrainOpt 6.4934e-03 Valid skipped LR: 1.6050e-06
Elapsed: 59460.84s Epoch 1839 TrainOpt 6.5150e-03 Valid skipped LR: 1.5854e-06
Elapsed: 59494.06s Epoch 1840 TrainOpt 6.5321e-03 Valid 1.0397e-02 LR: 1.5659e-06
Elapsed: 59526.32s Epoch 1841 TrainOpt 6.4949e-03 Valid skipped LR: 1.5464e-06
Elapsed: 59558.11s Epoch 1842 TrainOpt 6.4870e-03 Valid skipped LR: 1.5272e-06
Elapsed: 59590.00s Epoch 1843 TrainOpt 6.4976e-03 Valid skipped LR: 1.5080e-06
Elapsed: 59621.59s Epoch 1844 TrainOpt 6.4619e-03 Valid skipped LR: 1.4889e-06
Elapsed: 59652.98s Epoch 1845 TrainOpt 6.4571e-03 Valid skipped LR: 1.4700e-06
Elapsed: 59684.68s Epoch 1846 TrainOpt 6.4742e-03 Valid skipped LR: 1.4512e-06
Elapsed: 59716.36s Epoch 1847 TrainOpt 6.4676e-03 Valid skipped LR: 1.4325e-06
Elapsed: 59747.51s Epoch 1848 TrainOpt 6.5031e-03 Valid skipped LR: 1.4139e-06
Elapsed: 59779.59s Epoch 1849 TrainOpt 6.5012e-03 Valid skipped LR: 1.3955e-06
Elapsed: 59812.36s Epoch 1850 TrainOpt 6.4817e-03 Valid 1.0373e-02 LR: 1.3772e-06
Elapsed: 59843.53s Epoch 1851 TrainOpt 6.4971e-03 Valid skipped LR: 1.3590e-06
Elapsed: 59875.01s Epoch 1852 TrainOpt 6.4703e-03 Valid skipped LR: 1.3409e-06
Elapsed: 59906.24s Epoch 1853 TrainOpt 6.4972e-03 Valid skipped LR: 1.3229e-06
Elapsed: 59937.82s Epoch 1854 TrainOpt 6.4833e-03 Valid skipped LR: 1.3051e-06
Elapsed: 59969.23s Epoch 1855 TrainOpt 6.4771e-03 Valid skipped LR: 1.2873e-06
Elapsed: 60000.96s Epoch 1856 TrainOpt 6.4853e-03 Valid skipped LR: 1.2697e-06
Elapsed: 60032.45s Epoch 1857 TrainOpt 6.4664e-03 Valid skipped LR: 1.2523e-06
Elapsed: 60063.83s Epoch 1858 TrainOpt 6.4831e-03 Valid skipped LR: 1.2349e-06
Elapsed: 60095.62s Epoch 1859 TrainOpt 6.5057e-03 Valid skipped LR: 1.2176e-06
Elapsed: 60128.96s Epoch 1860 TrainOpt 6.5107e-03 Valid 1.0469e-02 LR: 1.2005e-06
Elapsed: 60160.15s Epoch 1861 TrainOpt 6.4931e-03 Valid skipped LR: 1.1835e-06
Elapsed: 60192.83s Epoch 1862 TrainOpt 6.4942e-03 Valid skipped LR: 1.1666e-06
Elapsed: 60225.00s Epoch 1863 TrainOpt 6.4885e-03 Valid skipped LR: 1.1499e-06
Elapsed: 60256.60s Epoch 1864 TrainOpt 6.4787e-03 Valid skipped LR: 1.1332e-06
Elapsed: 60287.89s Epoch 1865 TrainOpt 6.4807e-03 Valid skipped LR: 1.1167e-06
Elapsed: 60319.90s Epoch 1866 TrainOpt 6.4933e-03 Valid skipped LR: 1.1003e-06
Elapsed: 60351.51s Epoch 1867 TrainOpt 6.5088e-03 Valid skipped LR: 1.0841e-06
Elapsed: 60383.25s Epoch 1868 TrainOpt 6.4889e-03 Valid skipped LR: 1.0679e-06
Elapsed: 60415.15s Epoch 1869 TrainOpt 6.4832e-03 Valid skipped LR: 1.0519e-06
Elapsed: 60448.49s Epoch 1870 TrainOpt 6.4584e-03 Valid 1.0441e-02 LR: 1.0360e-06
Elapsed: 60480.13s Epoch 1871 TrainOpt 6.4369e-03 Valid skipped LR: 1.0202e-06
Elapsed: 60512.35s Epoch 1872 TrainOpt 6.4545e-03 Valid skipped LR: 1.0045e-06
Elapsed: 60543.85s Epoch 1873 TrainOpt 6.4711e-03 Valid skipped LR: 9.8895e-07
Elapsed: 60575.72s Epoch 1874 TrainOpt 6.4456e-03 Valid skipped LR: 9.7352e-07
Elapsed: 60607.18s Epoch 1875 TrainOpt 6.4720e-03 Valid skipped LR: 9.5821e-07
Elapsed: 60637.91s Epoch 1876 TrainOpt 6.4512e-03 Valid skipped LR: 9.4303e-07
Elapsed: 60669.03s Epoch 1877 TrainOpt 6.4561e-03 Valid skipped LR: 9.2797e-07
Elapsed: 60700.89s Epoch 1878 TrainOpt 6.4358e-03 Valid skipped LR: 9.1302e-07
Elapsed: 60732.07s Epoch 1879 TrainOpt 6.4543e-03 Valid skipped LR: 8.9820e-07
Elapsed: 60764.88s Epoch 1880 TrainOpt 6.4422e-03 Valid 1.0483e-02 LR: 8.8350e-07
Elapsed: 60796.36s Epoch 1881 TrainOpt 6.4714e-03 Valid skipped LR: 8.6893e-07
Elapsed: 60828.02s Epoch 1882 TrainOpt 6.4595e-03 Valid skipped LR: 8.5447e-07
Elapsed: 60859.73s Epoch 1883 TrainOpt 6.4879e-03 Valid skipped LR: 8.4014e-07
Elapsed: 60891.86s Epoch 1884 TrainOpt 6.4460e-03 Valid skipped LR: 8.2593e-07
Elapsed: 60923.77s Epoch 1885 TrainOpt 6.4711e-03 Valid skipped LR: 8.1184e-07
Elapsed: 60955.09s Epoch 1886 TrainOpt 6.4381e-03 Valid skipped LR: 7.9787e-07
Elapsed: 60986.16s Epoch 1887 TrainOpt 6.4267e-03 Valid skipped LR: 7.8402e-07
Elapsed: 61018.05s Epoch 1888 TrainOpt 6.4217e-03 Valid skipped LR: 7.7030e-07
Elapsed: 61050.04s Epoch 1889 TrainOpt 6.4311e-03 Valid skipped LR: 7.5669e-07
Elapsed: 61083.06s Epoch 1890 TrainOpt 6.4212e-03 Valid 1.0506e-02 LR: 7.4321e-07
Elapsed: 61114.71s Epoch 1891 TrainOpt 6.4314e-03 Valid skipped LR: 7.2985e-07
Elapsed: 61146.15s Epoch 1892 TrainOpt 6.4257e-03 Valid skipped LR: 7.1661e-07
Elapsed: 61178.40s Epoch 1893 TrainOpt 6.4252e-03 Valid skipped LR: 7.0350e-07
Elapsed: 61209.86s Epoch 1894 TrainOpt 6.4263e-03 Valid skipped LR: 6.9050e-07
Elapsed: 61241.35s Epoch 1895 TrainOpt 6.4145e-03 Valid skipped LR: 6.7763e-07
Elapsed: 61272.88s Epoch 1896 TrainOpt 6.4213e-03 Valid skipped LR: 6.6488e-07
Elapsed: 61304.20s Epoch 1897 TrainOpt 6.4318e-03 Valid skipped LR: 6.5226e-07
Elapsed: 61335.78s Epoch 1898 TrainOpt 6.4339e-03 Valid skipped LR: 6.3975e-07
Elapsed: 61367.09s Epoch 1899 TrainOpt 6.4395e-03 Valid skipped LR: 6.2737e-07
Elapsed: 61400.21s Epoch 1900 TrainOpt 6.4167e-03 Valid 1.0466e-02 LR: 6.1511e-07
Elapsed: 61476.80s Epoch 1901 TrainOpt 6.4190e-03 Valid skipped LR: 6.0297e-07
Elapsed: 61507.85s Epoch 1902 TrainOpt 6.4317e-03 Valid skipped LR: 5.9095e-07
Elapsed: 61539.16s Epoch 1903 TrainOpt 6.4250e-03 Valid skipped LR: 5.7906e-07
Elapsed: 61570.66s Epoch 1904 TrainOpt 6.4091e-03 Valid skipped LR: 5.6729e-07
Elapsed: 61602.49s Epoch 1905 TrainOpt 6.4334e-03 Valid skipped LR: 5.5564e-07
Elapsed: 61633.72s Epoch 1906 TrainOpt 6.4145e-03 Valid skipped LR: 5.4411e-07
Elapsed: 61664.71s Epoch 1907 TrainOpt 6.4284e-03 Valid skipped LR: 5.3271e-07
Elapsed: 61696.99s Epoch 1908 TrainOpt 6.4106e-03 Valid skipped LR: 5.2142e-07
Elapsed: 61728.29s Epoch 1909 TrainOpt 6.4273e-03 Valid skipped LR: 5.1026e-07
Elapsed: 61761.28s Epoch 1910 TrainOpt 6.4199e-03 Valid 1.0448e-02 LR: 4.9923e-07
Elapsed: 61793.30s Epoch 1911 TrainOpt 6.4229e-03 Valid skipped LR: 4.8831e-07
Elapsed: 61824.76s Epoch 1912 TrainOpt 6.4061e-03 Valid skipped LR: 4.7752e-07
Elapsed: 61855.98s Epoch 1913 TrainOpt 6.4111e-03 Valid skipped LR: 4.6685e-07
Elapsed: 61887.83s Epoch 1914 TrainOpt 6.4209e-03 Valid skipped LR: 4.5630e-07
Elapsed: 61919.56s Epoch 1915 TrainOpt 6.4120e-03 Valid skipped LR: 4.4588e-07
Elapsed: 61950.87s Epoch 1916 TrainOpt 6.4208e-03 Valid skipped LR: 4.3558e-07
Elapsed: 61982.41s Epoch 1917 TrainOpt 6.4147e-03 Valid skipped LR: 4.2540e-07
Elapsed: 62013.89s Epoch 1918 TrainOpt 6.4141e-03 Valid skipped LR: 4.1534e-07
Elapsed: 62045.65s Epoch 1919 TrainOpt 6.4050e-03 Valid skipped LR: 4.0541e-07
Elapsed: 62078.99s Epoch 1920 TrainOpt 6.3988e-03 Valid 1.0443e-02 LR: 3.9560e-07
Elapsed: 62110.49s Epoch 1921 TrainOpt 6.4179e-03 Valid skipped LR: 3.8591e-07
Elapsed: 62142.47s Epoch 1922 TrainOpt 6.4103e-03 Valid skipped LR: 3.7635e-07
Elapsed: 62173.80s Epoch 1923 TrainOpt 6.3972e-03 Valid skipped LR: 3.6690e-07
Elapsed: 62206.32s Epoch 1924 TrainOpt 6.4009e-03 Valid skipped LR: 3.5758e-07
Elapsed: 62237.76s Epoch 1925 TrainOpt 6.4030e-03 Valid skipped LR: 3.4839e-07
Elapsed: 62268.93s Epoch 1926 TrainOpt 6.4116e-03 Valid skipped LR: 3.3931e-07
Elapsed: 62300.58s Epoch 1927 TrainOpt 6.4176e-03 Valid skipped LR: 3.3036e-07
Elapsed: 62332.66s Epoch 1928 TrainOpt 6.4030e-03 Valid skipped LR: 3.2153e-07
Elapsed: 62363.86s Epoch 1929 TrainOpt 6.4148e-03 Valid skipped LR: 3.1283e-07
Elapsed: 62397.10s Epoch 1930 TrainOpt 6.4183e-03 Valid 1.0481e-02 LR: 3.0425e-07
Elapsed: 62428.52s Epoch 1931 TrainOpt 6.3893e-03 Valid skipped LR: 2.9579e-07
Elapsed: 62459.85s Epoch 1932 TrainOpt 6.3989e-03 Valid skipped LR: 2.8745e-07
Elapsed: 62491.90s Epoch 1933 TrainOpt 6.4161e-03 Valid skipped LR: 2.7924e-07
Elapsed: 62523.81s Epoch 1934 TrainOpt 6.3942e-03 Valid skipped LR: 2.7115e-07
Elapsed: 62555.51s Epoch 1935 TrainOpt 6.4066e-03 Valid skipped LR: 2.6318e-07
Elapsed: 62586.91s Epoch 1936 TrainOpt 6.4012e-03 Valid skipped LR: 2.5534e-07
Elapsed: 62618.64s Epoch 1937 TrainOpt 6.3930e-03 Valid skipped LR: 2.4762e-07
Elapsed: 62650.52s Epoch 1938 TrainOpt 6.3920e-03 Valid skipped LR: 2.4002e-07
Elapsed: 62682.38s Epoch 1939 TrainOpt 6.3954e-03 Valid skipped LR: 2.3255e-07
Elapsed: 62715.71s Epoch 1940 TrainOpt 6.3997e-03 Valid 1.0478e-02 LR: 2.2520e-07
Elapsed: 62747.44s Epoch 1941 TrainOpt 6.3987e-03 Valid skipped LR: 2.1797e-07
Elapsed: 62778.72s Epoch 1942 TrainOpt 6.4006e-03 Valid skipped LR: 2.1086e-07
Elapsed: 62809.88s Epoch 1943 TrainOpt 6.3990e-03 Valid skipped LR: 2.0388e-07
Elapsed: 62841.28s Epoch 1944 TrainOpt 6.3908e-03 Valid skipped LR: 1.9702e-07
Elapsed: 62872.96s Epoch 1945 TrainOpt 6.3956e-03 Valid skipped LR: 1.9029e-07
Elapsed: 62905.01s Epoch 1946 TrainOpt 6.4138e-03 Valid skipped LR: 1.8368e-07
Elapsed: 62936.49s Epoch 1947 TrainOpt 6.4206e-03 Valid skipped LR: 1.7719e-07
Elapsed: 62967.81s Epoch 1948 TrainOpt 6.3991e-03 Valid skipped LR: 1.7082e-07
Elapsed: 62999.41s Epoch 1949 TrainOpt 6.3829e-03 Valid skipped LR: 1.6458e-07
Elapsed: 63033.40s Epoch 1950 TrainOpt 6.4075e-03 Valid 1.0464e-02 LR: 1.5846e-07
Elapsed: 63064.50s Epoch 1951 TrainOpt 6.4036e-03 Valid skipped LR: 1.5247e-07
Elapsed: 63095.82s Epoch 1952 TrainOpt 6.3705e-03 Valid skipped LR: 1.4660e-07
Elapsed: 63127.35s Epoch 1953 TrainOpt 6.3978e-03 Valid skipped LR: 1.4085e-07
Elapsed: 63158.60s Epoch 1954 TrainOpt 6.3876e-03 Valid skipped LR: 1.3522e-07
Elapsed: 63190.16s Epoch 1955 TrainOpt 6.3918e-03 Valid skipped LR: 1.2972e-07
Elapsed: 63221.72s Epoch 1956 TrainOpt 6.3930e-03 Valid skipped LR: 1.2434e-07
Elapsed: 63253.64s Epoch 1957 TrainOpt 6.4004e-03 Valid skipped LR: 1.1909e-07
Elapsed: 63285.81s Epoch 1958 TrainOpt 6.4075e-03 Valid skipped LR: 1.1396e-07
Elapsed: 63317.51s Epoch 1959 TrainOpt 6.3828e-03 Valid skipped LR: 1.0895e-07
Elapsed: 63350.91s Epoch 1960 TrainOpt 6.3994e-03 Valid 1.0463e-02 LR: 1.0407e-07
Elapsed: 63382.37s Epoch 1961 TrainOpt 6.3860e-03 Valid skipped LR: 9.9305e-08
Elapsed: 63414.19s Epoch 1962 TrainOpt 6.3978e-03 Valid skipped LR: 9.4668e-08
Elapsed: 63446.11s Epoch 1963 TrainOpt 6.3941e-03 Valid skipped LR: 9.0155e-08
Elapsed: 63478.36s Epoch 1964 TrainOpt 6.4035e-03 Valid skipped LR: 8.5765e-08
Elapsed: 63509.64s Epoch 1965 TrainOpt 6.3878e-03 Valid skipped LR: 8.1498e-08
Elapsed: 63541.43s Epoch 1966 TrainOpt 6.3836e-03 Valid skipped LR: 7.7355e-08
Elapsed: 63573.19s Epoch 1967 TrainOpt 6.4031e-03 Valid skipped LR: 7.3336e-08
Elapsed: 63604.61s Epoch 1968 TrainOpt 6.3855e-03 Valid skipped LR: 6.9440e-08
Elapsed: 63636.20s Epoch 1969 TrainOpt 6.3912e-03 Valid skipped LR: 6.5668e-08
Elapsed: 63669.00s Epoch 1970 TrainOpt 6.3923e-03 Valid 1.0460e-02 LR: 6.2019e-08
Elapsed: 63700.86s Epoch 1971 TrainOpt 6.3822e-03 Valid skipped LR: 5.8494e-08
Elapsed: 63732.31s Epoch 1972 TrainOpt 6.3840e-03 Valid skipped LR: 5.5092e-08
Elapsed: 63764.48s Epoch 1973 TrainOpt 6.3833e-03 Valid skipped LR: 5.1814e-08
Elapsed: 63796.42s Epoch 1974 TrainOpt 6.3882e-03 Valid skipped LR: 4.8660e-08
Elapsed: 63827.23s Epoch 1975 TrainOpt 6.3821e-03 Valid skipped LR: 4.5630e-08
Elapsed: 63858.20s Epoch 1976 TrainOpt 6.3959e-03 Valid skipped LR: 4.2723e-08
Elapsed: 63888.82s Epoch 1977 TrainOpt 6.3770e-03 Valid skipped LR: 3.9939e-08
Elapsed: 63919.37s Epoch 1978 TrainOpt 6.3870e-03 Valid skipped LR: 3.7280e-08
Elapsed: 63950.29s Epoch 1979 TrainOpt 6.3936e-03 Valid skipped LR: 3.4744e-08
Elapsed: 63982.60s Epoch 1980 TrainOpt 6.3936e-03 Valid 1.0460e-02 LR: 3.2331e-08
Elapsed: 64013.25s Epoch 1981 TrainOpt 6.3849e-03 Valid skipped LR: 3.0043e-08
Elapsed: 64044.08s Epoch 1982 TrainOpt 6.3780e-03 Valid skipped LR: 2.7878e-08
Elapsed: 64074.77s Epoch 1983 TrainOpt 6.3848e-03 Valid skipped LR: 2.5836e-08
Elapsed: 64105.31s Epoch 1984 TrainOpt 6.3957e-03 Valid skipped LR: 2.3919e-08
Elapsed: 64135.94s Epoch 1985 TrainOpt 6.3843e-03 Valid skipped LR: 2.2125e-08
Elapsed: 64166.45s Epoch 1986 TrainOpt 6.3945e-03 Valid skipped LR: 2.0455e-08
Elapsed: 64197.11s Epoch 1987 TrainOpt 6.3981e-03 Valid skipped LR: 1.8908e-08
Elapsed: 64227.36s Epoch 1988 TrainOpt 6.3939e-03 Valid skipped LR: 1.7485e-08
Elapsed: 64258.13s Epoch 1989 TrainOpt 6.4011e-03 Valid skipped LR: 1.6186e-08
Elapsed: 64289.92s Epoch 1990 TrainOpt 6.3977e-03 Valid 1.0462e-02 LR: 1.5011e-08
Elapsed: 64320.39s Epoch 1991 TrainOpt 6.3803e-03 Valid skipped LR: 1.3959e-08
Elapsed: 64350.90s Epoch 1992 TrainOpt 6.3913e-03 Valid skipped LR: 1.3031e-08
Elapsed: 64381.79s Epoch 1993 TrainOpt 6.3787e-03 Valid skipped LR: 1.2227e-08
Elapsed: 64412.48s Epoch 1994 TrainOpt 6.3711e-03 Valid skipped LR: 1.1547e-08
Elapsed: 64443.32s Epoch 1995 TrainOpt 6.3835e-03 Valid skipped LR: 1.0990e-08
Elapsed: 64473.84s Epoch 1996 TrainOpt 6.3989e-03 Valid skipped LR: 1.0557e-08
Elapsed: 64504.04s Epoch 1997 TrainOpt 6.3839e-03 Valid skipped LR: 1.0247e-08
Elapsed: 64535.20s Epoch 1998 TrainOpt 6.4037e-03 Valid skipped LR: 1.0062e-08
Elapsed: 64567.37s Epoch 1999 TrainOpt 6.3796e-03 Valid 1.0472e-02 LR: 1.0000e-04
